Class,BaseType,DropLevel,Rarity,Height,Width,Sockets,Quality,Corrupted,SubGroup A,SubGroup B,SubGroup Tier,Game:Strength,Game:Dexterity,Game:Intelligence,Game:Damage From,Game:Damage To,Game:APS,Game:DPS,Game:Crit,Game:Implicit 1,Game:Implicit 2,Game:Armour,Game:Armour Max,Game:Evasion,Game:Evasion Max,Game:Energy Shield,Game:Energy Shield Max,Game:Block
Stackable Currency,Albino Rhoa Feather,1,,1,1,,,,defa,,1,,,,,,,,,,,,,,,,,
Stackable Currency,Mirror of Kalandra,35,,1,1,,,,defa,,1,,,,,,,,,Creates a mirrored copy of an item,,,,,,,,
Stackable Currency,Exalted Orb,35,,1,1,,,,defa,,2,,,,,,,,,Augments a rare item with a new random modifier,,,,,,,,
Stackable Currency,Divine Orb,35,,1,1,,,,defa,,2,,,,,,,,,Randomises the values of the random modifiers on an item,,,,,,,,
Stackable Currency,Chaos Orb,12,,1,1,,,,defa,,3,,,,,,,,,Reforges a rare item with new random modifiers,,,,,,,,
Stackable Currency,Vaal Orb,12,,1,1,,,,defa,,3,,,,,,,,,"Corrupts an item, modifying it unpredictably",,,,,,,,
Stackable Currency,Regal Orb,12,,1,1,,,,defa,,3,,,,,,,,,Upgrades a magic item to a rare item,,,,,,,,
Stackable Currency,Gemcutter's Prism,12,,1,1,,,,defa,,3,,,,,,,,,Improves the quality of a gem,,,,,,,,
Stackable Currency,Orb of Regret,2,,1,1,,,,defa,,4,,,,,,,,,Grants a passive skill refund point,,,,,,,,
Stackable Currency,Blessed Orb,35,,1,1,,,,defa,,4,,,,,,,,,Randomises the values of the implicit modifiers of an item,,,,,,,,
Stackable Currency,Glassblower's Bauble,2,,1,1,,,,defa,,4,,,,,,,,,Improves the quality of a flask or tincture,,,,,,,,
Stackable Currency,Orb of Alchemy,2,,1,1,,,,defa,,4,,,,,,,,,Upgrades a normal item to a rare item,,,,,,,,
Stackable Currency,Orb of Fusing,8,,1,1,,,,defa,,4,,,,,,,,,Reforges the links between sockets on an item,,,,,,,,
Stackable Currency,Orb of Scouring,12,,1,1,,,,defa,,4,,,,,,,,,Removes all modifiers from an item,,,,,,,,
Stackable Currency,Orb of Alteration,2,,1,1,,,,defa,,5,,,,,,,,,Reforges a magic item with new random modifiers,,,,,,,,
Stackable Currency,Orb of Chance,2,,1,1,,,,defa,,5,,,,,,,,,Upgrades a normal item to a random rarity,,,,,,,,
Stackable Currency,Jeweller's Orb,8,,1,1,,,,defa,,5,,,,,,,,,Reforges the number of sockets on an item,,,,,,,,
Stackable Currency,Chromatic Orb,20,,1,1,,,,defa,,5,,,,,,,,,Reforges the colour of sockets on an item,,,,,,,,
Stackable Currency,Scroll of Wisdom,1,,1,1,,,,defa,,7,,,,,,,,,Identifies an item,,,,,,,,
Stackable Currency,Portal Scroll,2,,1,1,,,,defa,,7,,,,,,,,,Creates a portal to town,,,,,,,,
Stackable Currency,Armourer's Scrap,1,,1,1,,,,defa,,6,,,,,,,,,Improves the quality of an armour,,,,,,,,
Stackable Currency,Blacksmith's Whetstone,1,,1,1,,,,defa,,6,,,,,,,,,Improves the quality of a weapon,,,,,,,,
Stackable Currency,Orb of Augmentation,1,,1,1,,,,defa,,6,,,,,,,,,Augments a magic item with a new random modifier,,,,,,,,
Stackable Currency,Orb of Transmutation,1,,1,1,,,,defa,,6,,,,,,,,,Upgrades a normal item to a magic item,,,,,,,,
Stackable Currency,Orb of Annulment,35,,1,1,,,,defa,,3,,,,,,,,,Removes a random modifier from an item,,,,,,,,
Stackable Currency,Orb of Binding,25,,1,1,,,,defa,,3,,,,,,,,,Upgrades a normal item to a rare item with up to four linked sockets,,,,,,,,
Stackable Currency,Ancient Orb,35,,1,1,,,,habi,,2,,,,,,,,,Reforges a unique equipment as another of the same item class,,,,,,,,
Stackable Currency,Annulment Shard,35,,1,1,,,,nonDrop,,4,,,,,,,,,,,,,,,,,
Stackable Currency,Chaos Shard,8,,1,1,,,,nonDrop,,4,,,,,,,,,,,,,,,,,
Stackable Currency,Mirror Shard,35,,1,1,,,,habi,,1,,,,,,,,,,,,,,,,,
Stackable Currency,Exalted Shard,35,,1,1,,,,nonDrop,,2,,,,,,,,,,,,,,,,,
Stackable Currency,Regal Shard,12,,1,1,,,,nonDrop,,4,,,,,,,,,,,,,,,,,
Stackable Currency,Alchemy Shard,1,,1,1,,,,habi,,4,,,,,,,,,,,,,,,,,
Stackable Currency,Transmutation Shard,1,,1,1,,,,habi,,4,,,,,,,,,,,,,,,,,
Stackable Currency,Alteration Shard,1,,1,1,,,,habi,,4,,,,,,,,,,,,,,,,,
Stackable Currency,Scroll Fragment,1,,1,1,,,,defa,,5,,,,,,,,,,,,,,,,,
Stackable Currency,Eternal Orb,40,,1,1,,,,defa,,,,,,,,,,,Creates an imprint of an item for later restoration\nThe imprint can't be applied to Fractured Items,,,,,,,,
Stackable Currency,Imprint,1,,1,1,,,,nonDrop,,,,,,,,,,,Restores an imprinted item onto the original\nCan't be applied to Fractured Items,,,,,,,,
Stackable Currency,Maven's Chisel of Procurement,1,,1,1,,,,defa,,2,,,,,,,,,Improves the quality of a map enhancing Item Rarity\nReplaces other quality types,,,,,,,,
Stackable Currency,Maven's Chisel of Proliferation,1,,1,1,,,,defa,,2,,,,,,,,,Improves the quality of a map enhancing Pack Size\nReplaces other quality types,,,,,,,,
Stackable Currency,Maven's Chisel of Divination,1,,1,1,,,,defa,,2,,,,,,,,,Improves the quality of a map enhancing Divination Cards found\nReplaces other quality types,,,,,,,,
Stackable Currency,Maven's Chisel of Scarabs,1,,1,1,,,,defa,,2,,,,,,,,,Improves the quality of a map enhancing Scarabs found\nReplaces other quality types,,,,,,,,
Stackable Currency,Maven's Chisel of Avarice,1,,1,1,,,,defa,,2,,,,,,,,,Improves the quality of a map enhancing Currency found\nReplaces other quality types,,,,,,,,
Stackable Currency,Reflecting Mist,40,,1,1,,,,defa,,2,,,,,,,,,"Unpredictably reflects a rare amulet or ring, breaking it\ninto two mirrored halves with reflected modifiers",,,,,,,,
One Hand Axes,Rusted Hatchet,2,NMR,3,1,3,0,,defa,,,12,6,,6,11,1.5,12.75,0.05,,,,,,,,,
One Hand Axes,Jade Hatchet,6,NMRU,3,2,3,0,,defa,,,21,10,,10,15,1.45,18.12,0.05,,,,,,,,,
One Hand Axes,Boarding Axe,11,NMR,3,2,3,0,,defa,,,28,19,,11,21,1.5,24.0,0.05,,,,,,,,,
One Hand Axes,Cleaver,16,NMRU,3,2,3,0,,defa,,,48,14,,12,35,1.3,30.55,0.05,,,,,,,,,
One Hand Axes,Broad Axe,21,NMR,3,2,3,0,,defa,,,54,25,,19,34,1.35,35.78,0.05,,,,,,,,,
One Hand Axes,Arming Axe,25,NMR,3,2,3,0,,defa,,,58,33,,14,42,1.4,39.2,0.05,,,,,,,,,
One Hand Axes,Decorative Axe,29,NMRU,3,2,3,0,,defa,,,80,23,,27,50,1.2,46.2,0.05,,,,,,,,,
One Hand Axes,Spectral Axe,33,NMR,3,2,3,0,,defa,,,85,37,,29,48,1.3,50.05,0.05,,,,,,,,,
One Hand Axes,Etched Hatchet,35,NMR,3,2,3,0,,defa,,,93,43,,26,46,1.35,48.6,0.05,8% increased Global Physical Damage,,,,,,,,
One Hand Axes,Jasper Axe,36,NMR,3,2,3,0,,defa,,,86,40,,32,50,1.3,53.3,0.05,,,,,,,,,
One Hand Axes,Tomahawk,39,NMRU,3,2,3,0,,defa,,,81,56,,25,46,1.5,53.25,0.05,,,,,,,,,
One Hand Axes,Wrist Chopper,42,NMR,3,2,3,0,,defa,,,112,32,,26,79,1.2,63.0,0.05,,,,,,,,,
One Hand Axes,War Axe,45,NMR,3,2,3,0,,defa,,,106,49,,35,65,1.3,65.0,0.05,,,,,,,,,
One Hand Axes,Chest Splitter,48,NMR,3,2,3,0,,defa,,,105,60,,24,71,1.4,66.5,0.05,,,,,,,,,
One Hand Axes,Ceremonial Axe,51,NMR,3,2,3,0,,defa,,,134,39,,45,83,1.2,76.8,0.05,,,,,,,,,
One Hand Axes,Wraith Axe,54,NMR,3,2,3,0,,defa,,,134,59,,45,75,1.3,78.0,0.05,,,,,,,,,
One Hand Axes,Engraved Hatchet,56,NMR,3,2,3,0,,defa,,,143,66,,40,71,1.35,74.93,0.05,8% increased Global Physical Damage,,,,,,,,
One Hand Axes,Karui Axe,57,NMR,3,2,3,0,,defa,,,132,62,,49,77,1.3,81.9,0.05,,,,,,,,,
One Hand Axes,Siege Axe,59,NMRU,3,2,3,0,,defa,,,119,82,,38,70,1.5,81.0,0.05,,,,,,,,,
One Hand Axes,Reaver Axe,61,NMR,3,2,3,0,,defa,,,167,57,,38,114,1.2,91.2,0.05,,,,,,,,,
One Hand Axes,Butcher Axe,63,NMR,3,2,3,0,,defa,,,149,76,,47,87,1.3,87.1,0.05,,,,,,,,,
One Hand Axes,Vaal Hatchet,65,NMRU,3,2,3,0,,defa,,,140,86,,30,90,1.4,84.0,0.05,,,,,,,,,
One Hand Axes,Royal Axe,67,NMRU,3,2,3,0,,defa,,,167,57,,54,100,1.2,92.4,0.05,,,,,,,,,
One Hand Axes,Infernal Axe,69,NMRU,3,2,3,0,,defa,,,158,76,,51,85,1.3,88.4,0.05,,,,,,,,,
One Hand Axes,Runic Hatchet,71,NMR,3,2,3,0,,defa,,,163,82,,44,79,1.35,83.03,0.05,12% increased Global Physical Damage,,,,,,,,
Two Hand Axes,Stone Axe,4,NMR,4,2,6,0,,defa,,,17,8,,12,20,1.3,20.8,0.05,,,,,,,,,
Two Hand Axes,Jade Chopper,9,NMR,4,2,6,0,,defa,,,31,9,,19,30,1.25,30.62,0.05,,,,,,,,,
Two Hand Axes,Woodsplitter,13,NMRU,4,2,6,0,,defa,,,36,17,,19,39,1.3,37.7,0.05,,,,,,,,,
Two Hand Axes,Poleaxe,18,NMRU,4,2,6,0,,defa,,,44,25,,29,43,1.3,46.8,0.05,,,,,,,,,
Two Hand Axes,Double Axe,23,NMR,4,2,6,0,,defa,,,62,27,,36,60,1.25,60.0,0.05,,,,,,,,,
Two Hand Axes,Gilded Axe,28,NMR,4,2,6,0,,defa,,,64,37,,43,58,1.3,65.65,0.05,,,,,,,,,
Two Hand Axes,Shadow Axe,33,NMRU,4,2,6,0,,defa,,,80,37,,49,73,1.25,76.25,0.05,,,,,,,,,
Two Hand Axes,Dagger Axe,36,NMR,4,2,6,0,,defa,,,89,43,,53,83,1.2,81.6,0.05,50% increased Critical Strike Chance,,,,,,,,
Two Hand Axes,Jasper Chopper,37,NMRU,4,2,6,0,,defa,,,100,29,,58,91,1.15,85.67,0.05,,,,,,,,,
Two Hand Axes,Timber Axe,41,NMR,4,2,6,0,,defa,,,97,45,,48,99,1.25,91.88,0.05,,,,,,,,,
Two Hand Axes,Headsman Axe,45,NMRU,4,2,6,0,,defa,,,99,57,,61,92,1.3,99.45,0.05,,,,,,,,,
Two Hand Axes,Labrys,49,NMR,4,2,6,0,,defa,,,122,53,,74,123,1.2,118.2,0.05,,,,,,,,,
Two Hand Axes,Noble Axe,52,NMR,4,2,6,0,,defa,,,113,65,,76,103,1.3,116.35,0.05,,,,,,,,,
Two Hand Axes,Abyssal Axe,55,NMRU,4,2,6,0,,defa,,,128,60,,81,121,1.25,126.25,0.05,,,,,,,,,
Two Hand Axes,Karui Chopper,58,NMRU,4,2,6,0,,defa,,,151,43,,121,189,1.05,162.75,0.05,,,,,,,,,
Two Hand Axes,Talon Axe,59,NMR,4,2,6,0,,defa,,,140,67,,88,138,1.2,135.6,0.05,50% increased Critical Strike Chance,,,,,,,,
Two Hand Axes,Sundering Axe,60,NMR,4,2,6,0,,defa,,,149,76,,74,155,1.3,148.85,0.05,+20% to Damage over Time Multiplier for Bleeding,,,,,,,,
Two Hand Axes,Ezomyte Axe,62,NMRU,4,2,6,0,,defa,,,140,86,,87,131,1.35,147.15,0.057,,,,,,,,,
Two Hand Axes,Vaal Axe,64,NMRU,4,2,6,0,,defa,,,158,76,,104,174,1.15,159.85,0.05,25% chance to Maim on Hit,,,,,,,,
Two Hand Axes,Despot Axe,66,NMRU,4,2,6,0,,defa,,,140,86,,90,122,1.4,148.4,0.05,,,,,,,,,
Two Hand Axes,Void Axe,68,NMRU,4,2,6,0,,defa,,,149,76,,96,144,1.25,150.0,0.06,,,,,,,,,
Two Hand Axes,Fleshripper,70,NMR,4,2,6,0,,defa,,,156,84,,97,152,1.2,149.4,0.05,50% increased Critical Strike Chance,,,,,,,,
Bows,Crude Bow,1,NMRU,3,2,6,0,,defa,,,,14,,5,13,1.4,12.6,0.05,,,,,,,,,
Bows,Short Bow,5,NMRU,3,2,6,0,,defa,,,,26,,6,16,1.5,16.5,0.05,,,,,,,,,
Bows,Long Bow,9,NMRU,4,2,6,0,,defa,,,,38,,8,33,1.3,26.65,0.06,,,,,,,,,
Bows,Composite Bow,14,NMR,4,2,6,0,,defa,,,,53,,16,34,1.3,32.5,0.06,,,,,,,,,
Bows,Recurve Bow,18,NMRU,4,2,6,0,,defa,,,,65,,15,45,1.25,37.5,0.067,+15-25% to Global Critical Strike Multiplier,,,,,,,,
Bows,Bone Bow,23,NMR,4,2,6,0,,defa,,,,80,,15,45,1.4,42.0,0.065,,,,,,,,,
Bows,Royal Bow,28,NMRU,4,2,6,0,,defa,,,,95,,14,56,1.45,50.75,0.05,20-24% increased Elemental Damage with Attack Skills,,,,,,,,
Bows,Death Bow,32,NMRU,4,2,6,0,,defa,,,,107,,28,73,1.2,60.6,0.05,30-50% increased Critical Strike Chance,,,,,,,,
Bows,Grove Bow,35,NMR,3,2,6,0,,defa,,,,116,,20,61,1.5,60.75,0.05,,,,,,,,,
Bows,Reflex Bow,36,NMR,4,2,6,0,,defa,,,,124,,37,56,1.4,65.1,0.055,6% increased Movement Speed,,,,,,,,
Bows,Decurve Bow,38,NMR,4,2,6,0,,defa,,,,125,,24,96,1.25,75.0,0.06,,,,,,,,,
Bows,Compound Bow,41,NMR,4,2,6,0,,defa,,,,134,,37,76,1.3,73.45,0.06,,,,,,,,,
Bows,Sniper Bow,44,NMR,4,2,6,0,,defa,,,,143,,32,96,1.25,80.0,0.067,+15-25% to Global Critical Strike Multiplier,,,,,,,,
Bows,Ivory Bow,47,NMR,4,2,6,0,,defa,,,,152,,29,86,1.4,80.5,0.065,,,,,,,,,
Bows,Highborn Bow,50,NMR,4,2,6,0,,defa,,,,161,,24,94,1.45,85.55,0.05,20-24% increased Elemental Damage with Attack Skills,,,,,,,,
Bows,Decimation Bow,53,NMRU,4,2,6,0,,defa,,,,170,,44,116,1.2,96.0,0.05,30-50% increased Critical Strike Chance,,,,,,,,
Bows,Thicket Bow,56,NMR,3,2,6,0,,defa,,,,179,,32,96,1.5,96.0,0.05,,,,,,,,,
Bows,Steelwood Bow,57,NMRU,4,2,6,0,,defa,,,,190,,58,86,1.4,100.8,0.055,6% increased Movement Speed,,,,,,,,
Bows,Citadel Bow,58,NMR,4,2,6,0,,defa,,,,185,,36,144,1.25,112.5,0.06,,,,,,,,,
Bows,Ranger Bow,60,NMRU,4,2,6,0,,defa,,,,212,,56,117,1.3,112.45,0.06,,,,,,,,,
Bows,Assassin Bow,62,NMRU,4,2,6,0,,defa,,,,212,,43,130,1.25,108.12,0.067,+15-25% to Global Critical Strike Multiplier,,,,,,,,
Bows,Spine Bow,64,NMRU,4,2,6,0,,defa,,,,212,,38,115,1.4,107.1,0.065,,,,,,,,,
Bows,Imperial Bow,66,NMRU,4,2,6,0,,defa,,,,212,,29,117,1.45,105.85,0.05,20-24% increased Elemental Damage with Attack Skills,,,,,,,,
Bows,Harbinger Bow,68,NMRU,4,2,6,0,,defa,,,,212,,50,133,1.2,109.8,0.05,30-50% increased Critical Strike Chance,,,,,,,,
Bows,Maraketh Bow,71,NMR,4,2,6,0,,defa,,,,222,,61,92,1.4,107.1,0.055,10% increased Movement Speed,,,,,,,,
Claws,Nailed Fist,3,NMRU,2,2,3,0,,defa,,,,11,11,4,11,1.6,12.0,0.073,Grants 3 Life per Enemy Hit,,,,,,,,
Claws,Sharktooth Claw,7,NMR,2,2,3,0,,defa,,,,14,20,6,17,1.5,17.25,0.08,Grants 6 Life per Enemy Hit,,,,,,,,
Claws,Awl,12,NMRU,2,2,3,0,,defa,,,,25,25,7,23,1.55,23.25,0.075,Grants 7 Life per Enemy Hit,,,,,,,,
Claws,Cat's Paw,17,NMR,2,2,3,0,,defa,,,,39,27,12,22,1.6,27.2,0.07,Grants 8 Life per Enemy Hit,,,,,,,,
Claws,Blinder,22,NMR,2,2,3,0,,defa,,,,41,41,12,31,1.55,33.33,0.075,Grants 12 Life per Enemy Hit,,,,,,,,
Claws,Timeworn Claw,26,NMRU,2,2,3,0,,defa,,,,39,56,16,43,1.3,38.35,0.08,Grants 19 Life per Enemy Hit,,,,,,,,
Claws,Sparkling Claw,30,NMR,2,2,3,0,,defa,,,,64,44,14,38,1.6,41.6,0.07,Grants 15 Life per Enemy Hit,,,,,,,,
Claws,Fright Claw,34,NMRU,2,2,3,0,,defa,,,,61,61,12,46,1.5,43.5,0.075,Grants 20 Life per Enemy Hit,,,,,,,,
Claws,Double Claw,36,NMR,2,2,3,0,,defa,,,,67,67,15,44,1.5,44.25,0.075,Grants 6 Mana per Enemy Hit\nGrants 15 Life per Enemy Hit,,,,,,,,
Claws,Thresher Claw,37,NMRU,2,2,3,0,,defa,,,,53,77,20,53,1.3,47.45,0.08,Grants 25 Life per Enemy Hit,,,,,,,,
Claws,Gouger,40,NMR,2,2,3,0,,defa,,,,70,70,15,51,1.5,49.5,0.075,Grants 24 Life per Enemy Hit,,,,,,,,
Claws,Tiger's Paw,43,NMR,2,2,3,0,,defa,,,,88,61,23,43,1.6,52.8,0.07,1.6% of Physical Attack Damage Leeched as Life,,,,,,,,
Claws,Gut Ripper,46,NMRU,2,2,3,0,,defa,,,,80,80,20,53,1.5,54.75,0.075,Grants 44 Life per Enemy Hit,,,,,,,,
Claws,Prehistoric Claw,49,NMR,2,2,3,0,,defa,,,,69,100,26,68,1.3,61.1,0.08,2% of Physical Attack Damage Leeched as Life,,,,,,,,
Claws,Noble Claw,52,NMR,2,2,3,0,,defa,,,,105,73,21,56,1.6,61.6,0.07,Grants 40 Life per Enemy Hit,,,,,,,,
Claws,Eagle Claw,55,NMR,2,2,3,0,,defa,,,,94,94,17,69,1.5,64.5,0.075,2% of Physical Attack Damage Leeched as Life,,,,,,,,
Claws,Twin Claw,57,NMR,2,2,3,0,,defa,,,,103,103,21,64,1.5,63.75,0.075,Grants 10 Mana per Enemy Hit\nGrants 28 Life per Enemy Hit,,,,,,,,
Claws,Great White Claw,58,NMR,2,2,3,0,,defa,,,,81,117,30,78,1.3,70.2,0.08,Grants 46 Life per Enemy Hit,,,,,,,,
Claws,Throat Stabber,60,NMRU,2,2,3,0,,defa,,,,113,113,21,73,1.5,70.5,0.075,Grants 40 Life per Enemy Hit,,,,,,,,
Claws,Hellion's Paw,62,NMRU,2,2,3,0,,defa,,,,131,95,29,55,1.6,67.2,0.07,1.6% of Physical Attack Damage Leeched as Life,,,,,,,,
Claws,Eye Gouger,64,NMR,2,2,3,0,,defa,,,,113,113,26,68,1.5,70.5,0.075,Grants 50 Life per Enemy Hit,,,,,,,,
Claws,Vaal Claw,66,NMRU,2,2,3,0,,defa,,,,95,131,29,76,1.3,68.25,0.08,2% of Physical Attack Damage Leeched as Life,,,,,,,,
Claws,Imperial Claw,68,NMRU,2,2,3,0,,defa,,,,131,95,25,65,1.6,72.0,0.07,Grants 46 Life per Enemy Hit,,,,,,,,
Claws,Terror Claw,70,NMRU,2,2,3,0,,defa,,,,113,113,18,71,1.5,66.75,0.075,2% of Physical Attack Damage Leeched as Life,,,,,,,,
Claws,Gemini Claw,72,NMR,2,2,3,0,,defa,,,,121,121,23,68,1.5,68.25,0.075,Grants 14 Mana per Enemy Hit\nGrants 38 Life per Enemy Hit,,,,,,,,
Daggers,Glass Shank,1,NMR,3,1,3,0,,defa,,,,9,6,6,10,1.5,12.0,0.08,40-45% increased Global Critical Strike Chance,,,,,,,,
Daggers,Skinning Knife,5,NMRU,3,1,3,0,,defa,,,,16,11,4,17,1.45,15.22,0.08,40-45% increased Global Critical Strike Chance,,,,,,,,
Daggers,Stiletto,15,NMRU,3,1,3,0,,defa,,,,30,30,7,27,1.5,25.5,0.083,40-45% increased Global Critical Strike Chance,,,,,,,,
Daggers,Flaying Knife,30,NMRU,3,1,3,0,,defa,,,,64,44,11,45,1.4,39.2,0.08,40-45% increased Global Critical Strike Chance,,,,,,,,
Daggers,Prong Dagger,36,NMR,3,1,3,0,,defa,,,,55,77,14,54,1.35,45.9,0.085,4% Chance to Block Attack Damage,,,,,,,,
Daggers,Poignard,41,NMR,3,1,3,0,,defa,,,,72,72,13,52,1.5,48.75,0.083,40-45% increased Global Critical Strike Chance,,,,,,,,
Daggers,Trisula,51,NMR,3,1,3,0,,defa,,,,83,99,19,74,1.35,62.78,0.09,4% Chance to Block Attack Damage,,,,,,,,
Daggers,Gutting Knife,56,NMR,3,1,3,0,,defa,,,,113,78,19,76,1.4,66.5,0.09,40-45% increased Global Critical Strike Chance,,,,,,,,
Daggers,Ambusher,60,NMRU,3,1,3,0,,defa,,,,113,113,19,74,1.5,69.75,0.083,40-45% increased Global Critical Strike Chance,,,,,,,,
Daggers,Sai,70,NMR,3,1,3,0,,defa,,,,121,121,22,88,1.35,74.25,0.085,6% Chance to Block Attack Damage,,,,,,,,
Rune Daggers,Carving Knife,10,NMR,3,1,3,0,,defa,,,,18,26,3,26,1.45,21.02,0.085,40-45% increased Global Critical Strike Chance,,,,,,,,
Rune Daggers,Boot Knife,20,NMRU,3,1,3,0,,defa,,,,31,45,8,34,1.45,30.45,0.085,40-45% increased Global Critical Strike Chance,,,,,,,,
Rune Daggers,Copper Kris,24,NMR,3,1,3,0,,defa,,,,28,60,10,41,1.3,33.15,0.09,60-65% increased Global Critical Strike Chance,,,,,,,,
Rune Daggers,Skean,28,NMR,3,1,3,0,,defa,,,,42,60,11,43,1.45,39.15,0.085,40-45% increased Global Critical Strike Chance,,,,,,,,
Rune Daggers,Imp Dagger,32,NMR,3,1,3,0,,defa,,,,36,78,15,59,1.2,44.4,0.09,50-55% increased Global Critical Strike Chance,,,,,,,,
Rune Daggers,Butcher Knife,38,NMR,3,1,3,0,,defa,,,,55,79,7,62,1.4,48.3,0.085,40-45% increased Global Critical Strike Chance,,,,,,,,
Rune Daggers,Boot Blade,44,NMRU,3,1,3,0,,defa,,,,63,90,15,59,1.4,51.8,0.085,40-45% increased Global Critical Strike Chance,,,,,,,,
Rune Daggers,Golden Kris,47,NMR,3,1,3,0,,defa,,,,51,110,19,75,1.2,56.4,0.09,60-65% increased Global Critical Strike Chance,,,,,,,,
Rune Daggers,Royal Skean,50,NMRU,3,1,3,0,,defa,,,,71,102,16,64,1.45,58.0,0.085,40-45% increased Global Critical Strike Chance,,,,,,,,
Rune Daggers,Fiend Dagger,53,NMRU,3,1,3,0,,defa,,,,58,123,22,87,1.2,65.4,0.09,50-55% increased Global Critical Strike Chance,,,,,,,,
Rune Daggers,Slaughter Knife,58,NMRU,3,1,3,0,,defa,,,,81,117,10,86,1.4,67.2,0.085,40-45% increased Global Critical Strike Chance,,,,,,,,
Rune Daggers,Ezomyte Dagger,62,NMRU,3,1,3,0,,defa,,,,95,131,20,79,1.4,69.3,0.085,40-45% increased Global Critical Strike Chance,,,,,,,,
Rune Daggers,Platinum Kris,64,NMRU,3,1,3,0,,defa,,,,76,149,24,95,1.2,71.4,0.09,60-65% increased Global Critical Strike Chance,,,,,,,,
Rune Daggers,Imperial Skean,66,NMRU,3,1,3,0,,defa,,,,95,131,18,73,1.5,68.25,0.085,40-45% increased Global Critical Strike Chance,,,,,,,,
Rune Daggers,Demon Dagger,68,NMRU,3,1,3,0,,defa,,,,76,149,24,97,1.2,72.6,0.09,50-55% increased Global Critical Strike Chance,,,,,,,,
One Hand Maces,Driftwood Club,1,NMR,3,1,3,0,,defa,,,14,,,6,8,1.45,10.15,0.05,10% reduced Enemy Stun Threshold,,,,,,,,
One Hand Maces,Tribal Club,5,NMR,3,1,3,0,,defa,,,26,,,8,13,1.4,14.7,0.05,10% reduced Enemy Stun Threshold,,,,,,,,
One Hand Maces,Spiked Club,10,NMRU,3,1,3,0,,defa,,,41,,,13,16,1.45,21.02,0.05,10% reduced Enemy Stun Threshold,,,,,,,,
One Hand Maces,Stone Hammer,15,NMR,3,2,3,0,,defa,,,56,,,15,27,1.3,27.3,0.05,15% reduced Enemy Stun Threshold,,,,,,,,
One Hand Maces,War Hammer,20,NMRU,3,2,3,0,,defa,,,71,,,13,31,1.45,31.9,0.05,10% reduced Enemy Stun Threshold,,,,,,,,
One Hand Maces,Bladed Mace,24,NMR,3,2,3,0,,defa,,,83,,,19,32,1.4,35.7,0.05,10% reduced Enemy Stun Threshold,,,,,,,,
One Hand Maces,Ceremonial Mace,28,NMR,3,2,3,0,,defa,,,95,,,32,40,1.2,43.2,0.05,15% reduced Enemy Stun Threshold,,,,,,,,
One Hand Maces,Dream Mace,32,NMRU,3,2,3,0,,defa,,,107,,,21,43,1.4,44.8,0.05,10% reduced Enemy Stun Threshold,,,,,,,,
One Hand Maces,Wyrm Mace,34,NMR,3,2,3,0,,defa,,,118,,,28,42,1.35,47.25,0.05,4% increased Attack Speed,,,,,,,,
One Hand Maces,Petrified Club,35,NMR,3,1,3,0,,defa,,,116,,,31,51,1.25,51.25,0.05,10% reduced Enemy Stun Threshold,,,,,,,,
One Hand Maces,Barbed Club,38,NMR,3,1,3,0,,defa,,,125,,,33,42,1.4,52.5,0.05,10% reduced Enemy Stun Threshold,,,,,,,,
One Hand Maces,Rock Breaker,41,NMRU,3,2,3,0,,defa,,,134,,,37,69,1.15,60.95,0.05,15% reduced Enemy Stun Threshold,,,,,,,,
One Hand Maces,Battle Hammer,44,NMR,3,2,3,0,,defa,,,143,,,25,59,1.4,58.8,0.05,10% reduced Enemy Stun Threshold,,,,,,,,
One Hand Maces,Flanged Mace,47,NMR,3,2,3,0,,defa,,,152,,,38,63,1.3,65.65,0.05,10% reduced Enemy Stun Threshold,,,,,,,,
One Hand Maces,Ornate Mace,50,NMRU,3,2,3,0,,defa,,,161,,,53,67,1.2,72.0,0.05,15% reduced Enemy Stun Threshold,,,,,,,,
One Hand Maces,Phantom Mace,53,NMR,3,2,3,0,,defa,,,170,,,33,69,1.4,71.4,0.05,10% reduced Enemy Stun Threshold,,,,,,,,
One Hand Maces,Dragon Mace,55,NMR,3,2,3,0,,defa,,,184,,,44,66,1.35,74.25,0.05,4% increased Attack Speed,,,,,,,,
One Hand Maces,Ancestral Club,56,NMR,3,1,3,0,,defa,,,179,,,48,80,1.25,80.0,0.05,10% reduced Enemy Stun Threshold,,,,,,,,
One Hand Maces,Tenderizer,58,NMR,3,1,3,0,,defa,,,185,,,49,62,1.4,77.7,0.05,10% reduced Enemy Stun Threshold,,,,,,,,
One Hand Maces,Gavel,60,NMRU,3,2,3,0,,defa,,,212,,,54,101,1.15,89.12,0.05,15% reduced Enemy Stun Threshold,,,,,,,,
One Hand Maces,Legion Hammer,62,NMR,3,2,3,0,,defa,,,212,,,35,81,1.4,81.2,0.05,10% reduced Enemy Stun Threshold,,,,,,,,
One Hand Maces,Pernach,64,NMR,3,2,3,0,,defa,,,212,,,49,82,1.3,85.15,0.05,10% reduced Enemy Stun Threshold,,,,,,,,
One Hand Maces,Auric Mace,66,NMRU,3,2,3,0,,defa,,,212,,,65,82,1.2,88.2,0.05,15% reduced Enemy Stun Threshold,,,,,,,,
One Hand Maces,Nightmare Mace,68,NMRU,3,2,3,0,,defa,,,212,,,38,80,1.4,82.6,0.05,10% reduced Enemy Stun Threshold,,,,,,,,
One Hand Maces,Behemoth Mace,70,NMR,3,2,3,0,,defa,,,220,,,49,74,1.35,83.03,0.05,6% increased Attack Speed,,,,,,,,
Sceptres,Driftwood Sceptre,1,NMR,3,1,3,0,,defa,,,8,,8,8,11,1.2,11.4,0.07,10% increased Elemental Damage,,,,,,,,
Sceptres,Darkwood Sceptre,5,NMR,3,2,3,0,,defa,,,14,,14,11,17,1.2,16.8,0.07,12% increased Elemental Damage,,,,,,,,
Sceptres,Bronze Sceptre,10,NMRU,3,2,3,0,,defa,,,22,,22,15,29,1.1,24.2,0.07,12% increased Elemental Damage,,,,,,,,
Sceptres,Quartz Sceptre,15,NMR,3,2,3,0,,defa,,,25,,35,21,32,1.1,29.15,0.08,20% increased Elemental Damage,,,,,,,,
Sceptres,Iron Sceptre,20,NMR,3,2,3,0,,defa,,,38,,38,27,40,1.1,36.85,0.07,14% increased Elemental Damage,,,,,,,,
Sceptres,Ochre Sceptre,24,NMR,3,2,3,0,,defa,,,44,,44,24,45,1.15,39.67,0.07,16% increased Elemental Damage,,,,,,,,
Sceptres,Ritual Sceptre,28,NMRU,3,2,3,0,,defa,,,51,,51,21,50,1.2,42.6,0.07,16% increased Elemental Damage,,,,,,,,
Sceptres,Shadow Sceptre,32,NMRU,3,2,3,0,,defa,,,52,,62,29,44,1.25,45.62,0.073,22% increased Elemental Damage,,,,,,,,
Sceptres,Grinning Fetish,35,NMRU,3,2,3,0,,defa,,,62,,62,24,36,1.5,45.0,0.07,18% increased Elemental Damage,,,,,,,,
Sceptres,Horned Sceptre,36,NMR,3,2,3,0,,defa,,,66,,66,27,50,1.3,50.05,0.07,Damage Penetrates 4% Elemental Resistances,,,,,,,,
Sceptres,Sekhem,38,NMR,3,2,3,0,,defa,,,67,,67,30,55,1.25,53.12,0.07,18% increased Elemental Damage,,,,,,,,
Sceptres,Crystal Sceptre,41,NMRU,3,2,3,0,,defa,,,59,,85,35,52,1.25,54.38,0.08,30% increased Elemental Damage,,,,,,,,
Sceptres,Lead Sceptre,44,NMR,3,2,3,0,,defa,,,77,,77,38,57,1.25,59.38,0.07,22% increased Elemental Damage,,,,,,,,
Sceptres,Blood Sceptre,47,NMRU,3,2,3,0,,defa,,,81,,81,30,55,1.4,59.5,0.07,24% increased Elemental Damage,,,,,,,,
Sceptres,Royal Sceptre,50,NMR,3,2,3,0,,defa,,,86,,86,34,80,1.2,68.4,0.07,24% increased Elemental Damage,,,,,,,,
Sceptres,Abyssal Sceptre,53,NMR,3,2,3,0,,defa,,,83,,99,45,67,1.25,70.0,0.073,30% increased Elemental Damage,,,,,,,,
Sceptres,Stag Sceptre,55,NMR,3,2,3,0,,defa,,,98,,98,39,72,1.3,72.15,0.07,Damage Penetrates 4% Elemental Resistances,,,,,,,,
Sceptres,Karui Sceptre,56,NMRU,3,2,3,0,,defa,,,96,,96,37,55,1.5,69.0,0.07,26% increased Elemental Damage,,,,,,,,
Sceptres,Tyrant's Sekhem,58,NMR,3,2,3,0,,defa,,,99,,99,43,80,1.25,76.88,0.07,26% increased Elemental Damage,,,,,,,,
Sceptres,Opal Sceptre,60,NMRU,3,2,3,0,,defa,,,95,,131,49,73,1.25,76.25,0.08,40% increased Elemental Damage,,,,,,,,
Sceptres,Platinum Sceptre,62,NMRU,3,2,3,0,,defa,,,113,,113,51,76,1.25,79.38,0.07,30% increased Elemental Damage,,,,,,,,
Sceptres,Vaal Sceptre,64,NMRU,3,2,3,0,,defa,,,113,,113,37,70,1.4,74.9,0.07,32% increased Elemental Damage,,,,,,,,
Sceptres,Carnal Sceptre,66,NMRU,3,2,3,0,,defa,,,113,,113,41,95,1.2,81.6,0.07,32% increased Elemental Damage,,,,,,,,
Sceptres,Void Sceptre,68,NMRU,3,2,3,0,,defa,,,104,,122,50,76,1.25,78.75,0.073,40% increased Elemental Damage,,,,,,,,
Sceptres,Sambar Sceptre,70,NMR,3,2,3,0,,defa,,,121,,113,42,78,1.3,78.0,0.07,Damage Penetrates 6% Elemental Resistances,,,,,,,,
Two Hand Maces,Driftwood Maul,3,NMR,4,2,6,0,,defa,,,20,,,10,16,1.3,16.9,0.05,30% increased Stun Duration on Enemies,,,,,,,,
Two Hand Maces,Tribal Maul,8,NMR,4,2,6,0,,defa,,,35,,,17,25,1.25,26.25,0.05,30% increased Stun Duration on Enemies,,,,,,,,
Two Hand Maces,Mallet,12,NMR,4,2,6,0,,defa,,,47,,,16,33,1.3,31.85,0.05,30% increased Stun Duration on Enemies,,,,,,,,
Two Hand Maces,Sledgehammer,17,NMRU,4,2,6,0,,defa,,,62,,,25,38,1.3,40.95,0.05,45% increased Stun Duration on Enemies,,,,,,,,
Two Hand Maces,Jagged Maul,22,NMRU,4,2,6,0,,defa,,,77,,,27,49,1.3,49.4,0.05,30% increased Stun Duration on Enemies,,,,,,,,
Two Hand Maces,Brass Maul,27,NMRU,4,2,6,0,,defa,,,92,,,40,60,1.2,60.0,0.05,30% increased Stun Duration on Enemies,,,,,,,,
Two Hand Maces,Fright Maul,32,NMR,4,2,6,0,,defa,,,107,,,46,62,1.25,67.5,0.05,30% increased Stun Duration on Enemies,,,,,,,,
Two Hand Maces,Morning Star,34,NMR,4,2,6,0,,defa,,,118,,,45,68,1.25,70.62,0.05,15% increased Area of Effect,,,,,,,,
Two Hand Maces,Totemic Maul,36,NMR,4,2,6,0,,defa,,,119,,,57,85,1.1,78.1,0.05,30% increased Stun Duration on Enemies,,,,,,,,
Two Hand Maces,Great Mallet,40,NMRU,4,2,6,0,,defa,,,131,,,43,88,1.25,81.88,0.05,30% increased Stun Duration on Enemies,,,,,,,,
Two Hand Maces,Steelhead,44,NMRU,4,2,6,0,,defa,,,143,,,54,81,1.3,87.75,0.05,45% increased Stun Duration on Enemies,,,,,,,,
Two Hand Maces,Spiny Maul,48,NMR,4,2,6,0,,defa,,,155,,,55,103,1.25,98.75,0.05,30% increased Stun Duration on Enemies,,,,,,,,
Two Hand Maces,Plated Maul,51,NMR,4,2,6,0,,defa,,,164,,,72,108,1.2,108.0,0.05,30% increased Stun Duration on Enemies,,,,,,,,
Two Hand Maces,Dread Maul,54,NMRU,4,2,6,0,,defa,,,173,,,77,104,1.25,113.12,0.05,30% increased Stun Duration on Enemies,,,,,,,,
Two Hand Maces,Solar Maul,56,NMR,4,2,6,0,,defa,,,187,,,75,113,1.25,117.5,0.05,15% increased Area of Effect,,,,,,,,
Two Hand Maces,Karui Maul,57,NMRU,4,2,6,0,,defa,,,182,,,112,168,1.0,140.0,0.05,45% increased Stun Duration on Enemies,,,,,,,,
Two Hand Maces,Colossus Mallet,59,NMR,4,2,6,0,,defa,,,188,,,65,135,1.3,130.0,0.055,30% increased Area Damage,,,,,,,,
Two Hand Maces,Piledriver,61,NMR,4,2,6,0,,defa,,,212,,,77,115,1.35,129.6,0.05,20% reduced Enemy Stun Threshold,,,,,,,,
Two Hand Maces,Meatgrinder,63,NMRU,4,2,6,0,,defa,,,212,,,74,138,1.25,132.5,0.05,5% chance to deal Double Damage,,,,,,,,
Two Hand Maces,Imperial Maul,65,NMRU,4,2,6,0,,defa,,,212,,,102,153,1.1,140.25,0.05,10% increased Strength,,,,,,,,
Two Hand Maces,Terror Maul,67,NMRU,4,2,6,0,,defa,,,212,,,101,137,1.15,136.85,0.06,25% chance to double Stun Duration,,,,,,,,
Two Hand Maces,Coronal Maul,69,NMR,4,2,6,0,,defa,,,220,,,91,136,1.2,136.2,0.05,20% increased Area of Effect,,,,,,,,
Staves,Gnarled Branch,4,NMRU,4,1,6,0,,defa,,,12,,12,9,19,1.3,18.2,0.075,+20% Chance to Block Spell Damage,,,,,,,,
Staves,Primitive Staff,9,NMR,4,2,6,0,,defa,,,20,,20,10,31,1.3,26.65,0.08,+20% Chance to Block Spell Damage,,,,,,,,
Staves,Long Staff,18,NMR,4,2,6,0,,defa,,,35,,35,24,41,1.3,42.25,0.075,+20% Chance to Block Spell Damage,,,,,,,,
Staves,Royal Staff,28,NMRU,4,2,6,0,,defa,,,51,,51,27,81,1.15,62.1,0.085,+20% Chance to Block Spell Damage,,,,,,,,
Staves,Crescent Staff,36,NMR,4,2,6,0,,defa,,,66,,66,41,85,1.2,75.6,0.075,80% increased Global Critical Strike Chance,,,,,,,,
Staves,Woodful Staff,37,NMR,4,2,6,0,,defa,,,65,,65,34,102,1.15,78.2,0.08,+22% Chance to Block Spell Damage,,,,,,,,
Staves,Quarterstaff,45,NMR,4,2,6,0,,defa,,,78,,78,51,86,1.3,89.05,0.075,+22% Chance to Block Spell Damage,,,,,,,,
Staves,Highborn Staff,52,NMRU,4,2,6,0,,defa,,,89,,89,48,145,1.15,110.97,0.0825,+22% Chance to Block Spell Damage,,,,,,,,
Staves,Moon Staff,57,NMR,4,2,6,0,,defa,,,101,,101,66,138,1.2,122.4,0.075,80% increased Global Critical Strike Chance,,,,,,,,
Staves,Primordial Staff,58,NMRU,4,2,6,0,,defa,,,99,,99,55,165,1.15,126.5,0.08,+25% Chance to Block Spell Damage,,,,,,,,
Staves,Lathi,62,NMRU,4,2,6,0,,defa,,,113,,113,72,120,1.3,124.8,0.075,+25% Chance to Block Spell Damage,,,,,,,,
Staves,Imperial Staff,66,NMRU,4,2,6,0,,defa,,,113,,113,57,171,1.15,131.1,0.085,+25% Chance to Block Spell Damage,,,,,,,,
Staves,Eclipse Staff,70,NMR,4,2,6,0,,defa,,,117,,117,70,145,1.2,129.0,0.075,100% increased Global Critical Strike Chance,,,,,,,,
Warstaves,Iron Staff,13,NMRU,4,2,6,0,,defa,,,27,,27,14,42,1.3,36.4,0.076,+20% Chance to Block Attack Damage,,,,,,,,
Warstaves,Coiled Staff,23,NMRU,4,2,6,0,,defa,,,43,,43,27,57,1.3,54.6,0.077,+20% Chance to Block Attack Damage,,,,,,,,
Warstaves,Vile Staff,33,NMRU,4,2,6,0,,defa,,,59,,59,41,76,1.3,76.05,0.075,+20% Chance to Block Attack Damage,,,,,,,,
Warstaves,Military Staff,41,NMRU,4,2,6,0,,defa,,,72,,72,38,114,1.25,95.0,0.079,+22% Chance to Block Attack Damage,,,,,,,,
Warstaves,Serpentine Staff,49,NMRU,4,2,6,0,,defa,,,85,,85,56,117,1.25,108.12,0.078,+22% Chance to Block Attack Damage,,,,,,,,
Warstaves,Foul Staff,55,NMR,4,2,6,0,,defa,,,94,,94,65,121,1.3,120.9,0.075,+22% Chance to Block Attack Damage,,,,,,,,
Warstaves,Ezomyte Staff,60,NMRU,4,2,6,0,,defa,,,113,,113,53,160,1.25,133.12,0.085,+25% Chance to Block Attack Damage,,,,,,,,
Warstaves,Maelström Staff,64,NMRU,4,2,6,0,,defa,,,113,,113,71,147,1.25,136.25,0.081,+25% Chance to Block Attack Damage,,,,,,,,
Warstaves,Judgement Staff,68,NMRU,4,2,6,0,,defa,,,113,,113,73,136,1.3,135.85,0.08,+25% Chance to Block Attack Damage,,,,,,,,
One Hand Swords,Charan's Sword,2,U,3,2,6,0,,disa,,,9,9,,5,11,1.45,11.6,0.05,40% increased Global Accuracy Rating,,,,,,,,
One Hand Swords,Rusted Sword,1,NMRU,3,1,3,0,,defa,,,8,8,,4,9,1.55,10.08,0.05,40% increased Global Accuracy Rating,,,,,,,,
One Hand Swords,Copper Sword,5,NMR,3,1,3,0,,defa,,,14,14,,6,14,1.5,15.0,0.05,+45 to Accuracy Rating,,,,,,,,
One Hand Swords,Sabre,10,NMRU,3,1,3,0,,defa,,,18,26,,5,22,1.55,20.93,0.05,40% increased Global Accuracy Rating,,,,,,,,
One Hand Swords,Broad Sword,15,NMR,3,2,3,0,,defa,,,30,30,,15,21,1.45,26.1,0.05,40% increased Global Accuracy Rating,,,,,,,,
One Hand Swords,War Sword,20,NMRU,3,2,3,0,,defa,,,41,35,,16,30,1.4,32.2,0.05,40% increased Global Accuracy Rating,,,,,,,,
One Hand Swords,Ancient Sword,24,NMR,3,2,3,0,,defa,,,44,44,,18,33,1.45,36.98,0.05,+165 to Accuracy Rating,,,,,,,,
One Hand Swords,Elegant Sword,28,NMRU,3,2,3,0,,defa,,,46,55,,20,33,1.5,39.75,0.05,+190 to Accuracy Rating,,,,,,,,
One Hand Swords,Dusk Blade,32,NMRU,3,2,3,0,,defa,,,57,57,,19,54,1.3,47.45,0.05,40% increased Global Accuracy Rating,,,,,,,,
One Hand Swords,Hook Sword,34,NMR,3,2,3,0,,defa,,,64,64,,28,60,1.15,50.6,0.05,15% chance to Maim on Hit,,,,,,,,
One Hand Swords,Variscite Blade,35,NMR,3,1,3,0,,defa,,,62,62,,25,53,1.3,50.7,0.05,+240 to Accuracy Rating,,,,,,,,
One Hand Swords,Cutlass,38,NMRU,3,1,3,0,,defa,,,55,79,,13,53,1.55,51.15,0.05,40% increased Global Accuracy Rating,,,,,,,,
One Hand Swords,Baselard,41,NMR,3,2,3,0,,defa,,,72,72,,37,53,1.3,58.5,0.05,40% increased Global Accuracy Rating,,,,,,,,
One Hand Swords,Battle Sword,44,NMR,3,2,3,0,,defa,,,83,70,,38,70,1.2,64.8,0.05,40% increased Global Accuracy Rating,,,,,,,,
One Hand Swords,Elder Sword,47,NMRU,3,2,3,0,,defa,,,81,81,,36,66,1.3,66.3,0.05,+330 to Accuracy Rating,,,,,,,,
One Hand Swords,Graceful Sword,50,NMR,3,2,3,0,,defa,,,78,94,,34,55,1.5,66.75,0.05,+350 to Accuracy Rating,,,,,,,,
One Hand Swords,Twilight Blade,53,NMRU,3,2,3,0,,defa,,,91,91,,30,86,1.3,75.4,0.05,40% increased Global Accuracy Rating,,,,,,,,
One Hand Swords,Grappler,55,NMR,3,2,3,0,,defa,,,99,99,,44,94,1.15,79.35,0.05,15% chance to Maim on Hit,,,,,,,,
One Hand Swords,Gemstone Sword,56,NMR,3,1,3,0,,defa,,,96,96,,39,83,1.3,79.3,0.05,+400 to Accuracy Rating,,,,,,,,
One Hand Swords,Corsair Sword,58,NMRU,3,1,3,0,,defa,,,81,117,,20,80,1.55,77.5,0.05,40% increased Global Accuracy Rating,,,,,,,,
One Hand Swords,Gladius,60,NMRU,3,2,3,0,,defa,,,113,113,,54,78,1.3,85.8,0.05,40% increased Global Accuracy Rating,,,,,,,,
One Hand Swords,Legion Sword,62,NMRU,3,2,3,0,,defa,,,122,104,,53,98,1.2,90.6,0.05,40% increased Global Accuracy Rating,,,,,,,,
One Hand Swords,Vaal Blade,64,NMRU,3,2,3,0,,defa,,,113,113,,46,86,1.3,85.8,0.05,+460 to Accuracy Rating,,,,,,,,
One Hand Swords,Eternal Sword,66,NMRU,3,2,3,0,,defa,,,104,122,,41,68,1.5,81.75,0.05,+475 to Accuracy Rating,,,,,,,,
One Hand Swords,Midnight Blade,68,NMRU,3,2,3,0,,defa,,,113,113,,35,99,1.3,87.1,0.05,40% increased Global Accuracy Rating,,,,,,,,
One Hand Swords,Tiger Hook,70,NMR,3,2,3,0,,defa,,,119,119,,37,80,1.4,81.9,0.05,20% chance to Maim on Hit,,,,,,,,
Thrusting One Hand Swords,Rusted Spike,3,NMR,4,1,3,0,,defa,,,,20,,5,11,1.55,12.4,0.055,+25% to Global Critical Strike Multiplier,,,,,,,,
Thrusting One Hand Swords,Whalebone Rapier,7,NMRU,4,1,3,0,,defa,,,,32,,4,17,1.6,16.8,0.055,+25% to Global Critical Strike Multiplier,,,,,,,,
Thrusting One Hand Swords,Battered Foil,12,NMR,4,1,3,0,,defa,,,,47,,11,20,1.5,23.25,0.06,+25% to Global Critical Strike Multiplier,,,,,,,,
Thrusting One Hand Swords,Basket Rapier,17,NMRU,4,1,3,0,,defa,,,,62,,11,25,1.55,27.9,0.055,+25% to Global Critical Strike Multiplier,,,,,,,,
Thrusting One Hand Swords,Jagged Foil,22,NMRU,4,1,3,0,,defa,,,,77,,12,29,1.6,32.8,0.055,+25% to Global Critical Strike Multiplier,,,,,,,,
Thrusting One Hand Swords,Antique Rapier,26,NMRU,4,1,3,0,,defa,,,,89,,12,46,1.3,37.7,0.065,+25% to Global Critical Strike Multiplier,,,,,,,,
Thrusting One Hand Swords,Elegant Foil,30,NMR,4,1,3,0,,defa,,,,101,,18,33,1.6,40.8,0.055,+25% to Global Critical Strike Multiplier,,,,,,,,
Thrusting One Hand Swords,Thorn Rapier,34,NMR,4,1,3,0,,defa,,,,113,,19,44,1.4,44.1,0.057,+35% to Global Critical Strike Multiplier,,,,,,,,
Thrusting One Hand Swords,Smallsword,36,NMR,4,1,3,0,,defa,,,,124,,19,40,1.55,45.73,0.06,15% chance to cause Bleeding on Hit,,,,,,,,
Thrusting One Hand Swords,Wyrmbone Rapier,37,NMR,4,1,3,0,,defa,,,,122,,13,51,1.5,48.0,0.055,+25% to Global Critical Strike Multiplier,,,,,,,,
Thrusting One Hand Swords,Burnished Foil,40,NMR,4,1,3,0,,defa,,,,131,,25,46,1.4,49.7,0.06,+25% to Global Critical Strike Multiplier,,,,,,,,
Thrusting One Hand Swords,Estoc,43,NMRU,4,1,3,0,,defa,,,,140,,21,50,1.5,53.25,0.055,+25% to Global Critical Strike Multiplier,,,,,,,,
Thrusting One Hand Swords,Serrated Foil,46,NMR,4,1,3,0,,defa,,,,149,,21,49,1.6,56.0,0.055,+25% to Global Critical Strike Multiplier,,,,,,,,
Thrusting One Hand Swords,Primeval Rapier,49,NMR,4,1,3,0,,defa,,,,158,,18,73,1.3,59.15,0.065,+25% to Global Critical Strike Multiplier,,,,,,,,
Thrusting One Hand Swords,Fancy Foil,52,NMR,4,1,3,0,,defa,,,,167,,28,51,1.6,63.2,0.055,+25% to Global Critical Strike Multiplier,,,,,,,,
Thrusting One Hand Swords,Apex Rapier,55,NMR,4,1,3,0,,defa,,,,176,,29,67,1.4,67.2,0.057,+35% to Global Critical Strike Multiplier,,,,,,,,
Thrusting One Hand Swords,Courtesan Sword,57,NMR,4,1,3,0,,defa,,,,190,,29,60,1.55,68.98,0.06,15% chance to cause Bleeding on Hit,,,,,,,,
Thrusting One Hand Swords,Dragonbone Rapier,58,NMR,4,1,3,0,,defa,,,,185,,19,75,1.5,70.5,0.055,+25% to Global Critical Strike Multiplier,,,,,,,,
Thrusting One Hand Swords,Tempered Foil,60,NMR,4,1,3,0,,defa,,,,212,,35,65,1.4,70.0,0.06,+25% to Global Critical Strike Multiplier,,,,,,,,
Thrusting One Hand Swords,Pecoraro,62,NMR,4,1,3,0,,defa,,,,212,,29,69,1.5,73.5,0.055,+25% to Global Critical Strike Multiplier,,,,,,,,
Thrusting One Hand Swords,Spiraled Foil,64,NMR,4,1,3,0,,defa,,,,212,,27,64,1.6,72.8,0.055,+25% to Global Critical Strike Multiplier,,,,,,,,
Thrusting One Hand Swords,Vaal Rapier,66,NMRU,4,1,3,0,,defa,,,,212,,22,87,1.3,70.85,0.065,+25% to Global Critical Strike Multiplier,,,,,,,,
Thrusting One Hand Swords,Jewelled Foil,68,NMRU,4,1,3,0,,defa,,,,212,,32,60,1.6,73.6,0.055,+25% to Global Critical Strike Multiplier,,,,,,,,
Thrusting One Hand Swords,Harpy Rapier,70,NMR,4,1,3,0,,defa,,,,212,,31,72,1.4,72.1,0.057,+35% to Global Critical Strike Multiplier,,,,,,,,
Thrusting One Hand Swords,Dragoon Sword,72,NMR,4,1,3,0,,defa,,,,220,,32,66,1.5,73.5,0.06,20% chance to cause Bleeding on Hit,,,,,,,,
Two Hand Swords,Corroded Blade,3,NMR,4,1,6,0,,defa,,,11,11,,8,16,1.45,17.4,0.05,40% increased Global Accuracy Rating,,,,,,,,
Two Hand Swords,Longsword,8,NMR,4,2,6,0,,defa,,,20,17,,11,26,1.4,25.9,0.05,+60 to Accuracy Rating,,,,,,,,
Two Hand Swords,Bastard Sword,12,NMRU,4,2,6,0,,defa,,,21,30,,17,29,1.45,33.35,0.05,60% increased Global Accuracy Rating,,,,,,,,
Two Hand Swords,Two-Handed Sword,17,NMR,4,2,6,0,,defa,,,33,33,,20,38,1.4,40.6,0.05,+120 to Accuracy Rating,,,,,,,,
Two Hand Swords,Etched Greatsword,22,NMRU,4,2,6,0,,defa,,,45,38,,23,48,1.4,49.7,0.05,60% increased Global Accuracy Rating,,,,,,,,
Two Hand Swords,Ornate Sword,27,NMRU,4,2,6,0,,defa,,,45,54,,30,50,1.4,56.0,0.05,+185 to Accuracy Rating,,,,,,,,
Two Hand Swords,Spectral Sword,32,NMR,4,2,6,0,,defa,,,57,57,,31,65,1.35,64.8,0.05,45% increased Global Accuracy Rating,,,,,,,,
Two Hand Swords,Curved Blade,35,NMR,4,2,6,0,,defa,,,62,73,,41,68,1.35,73.58,0.06,+40% to Global Critical Strike Multiplier,,,,,,,,
Two Hand Swords,Butcher Sword,36,NMR,4,2,6,0,,defa,,,69,58,,34,79,1.3,73.45,0.05,+250 to Accuracy Rating,,,,,,,,
Two Hand Swords,Footman Sword,40,NMR,4,2,6,0,,defa,,,57,83,,39,65,1.45,75.4,0.05,60% increased Global Accuracy Rating,,,,,,,,
Two Hand Swords,Highland Blade,44,NMRU,4,2,6,0,,defa,,,77,77,,45,84,1.35,87.08,0.05,+305 to Accuracy Rating,,,,,,,,
Two Hand Swords,Engraved Greatsword,48,NMRU,4,2,6,0,,defa,,,91,76,,49,102,1.3,98.15,0.05,60% increased Global Accuracy Rating,,,,,,,,
Two Hand Swords,Tiger Sword,51,NMRU,4,2,6,0,,defa,,,80,96,,54,89,1.4,100.1,0.05,+360 to Accuracy Rating,,,,,,,,
Two Hand Swords,Wraith Sword,54,NMR,4,2,6,0,,defa,,,93,93,,52,109,1.35,108.68,0.05,45% increased Global Accuracy Rating,,,,,,,,
Two Hand Swords,Lithe Blade,56,NMR,4,2,6,0,,defa,,,96,113,,63,104,1.35,112.73,0.06,+40% to Global Critical Strike Multiplier,,,,,,,,
Two Hand Swords,Headman's Sword,57,NMR,4,2,6,0,,defa,,,106,89,,55,128,1.3,118.95,0.05,+400 to Accuracy Rating,,,,,,,,
Two Hand Swords,Reaver Sword,59,NMRU,4,2,6,0,,defa,,,82,119,,62,104,1.5,124.5,0.05,60% increased Global Accuracy Rating,,,,,,,,
Two Hand Swords,Ezomyte Blade,61,NMRU,4,2,6,0,,defa,,,113,113,,62,115,1.4,123.9,0.065,+25% to Global Critical Strike Multiplier,,,,,,,,
Two Hand Swords,Vaal Greatsword,63,NMR,4,2,6,0,,defa,,,122,104,,68,142,1.3,136.5,0.05,+470 to Accuracy Rating,,,,,,,,
Two Hand Swords,Lion Sword,65,NMRU,4,2,6,0,,defa,,,104,122,,69,115,1.45,133.4,0.05,+50 to Strength and Dexterity,,,,,,,,
Two Hand Swords,Infernal Sword,67,NMRU,4,2,6,0,,defa,,,113,113,,62,129,1.35,128.93,0.05,30% increased Elemental Damage with Attack Skills,,,,,,,,
Two Hand Swords,Exquisite Blade,70,NMR,4,2,6,0,,defa,,,119,131,,67,112,1.35,120.83,0.057,+50% to Global Critical Strike Multiplier,,,,,,,,
Wands,Driftwood Wand,1,NMRU,3,1,3,0,,defa,,,,,14,5,9,1.5,9.8,0.083,8-12% increased Spell Damage,,,,,,,,
Wands,Goat's Horn,6,NMRU,3,1,3,0,,defa,,,,,29,7,13,1.4,14.0,0.08,Adds 1-2 to 3-4 Fire Damage to Spells and Attacks,,,,,,,,
Wands,Somatic Wand,12,NMRU,3,1,3,0,,defa,,,,,47,9,18,1.6,21.6,0.085,Cannot roll Caster Modifiers,,,,,,,,
Wands,Quartz Wand,18,NMR,3,1,3,0,,defa,,,,,65,12,23,1.45,25.38,0.08,Adds 2-3 to 4-7 Cold Damage to Spells and Attacks,,,,,,,,
Wands,Calling Wand,20,NMR,3,1,3,0,,defa,,,,,81,13,23,1.5,27.0,0.08,Minions deal 12-16% increased Damage,,,,,,,,
Wands,Spiraled Wand,24,NMRU,3,1,3,0,,defa,,,,,83,11,32,1.45,31.18,0.08,Adds 1-2 to 9-11 Lightning Damage to Spells and Attacks,,,,,,,,
Wands,Sage Wand,30,NMRU,3,1,3,0,,defa,,,,,119,17,32,1.5,36.75,0.087,17-21% increased Spell Damage,,,,,,,,
Wands,Pagan Wand,34,NMR,3,1,3,0,,defa,,,,,118,20,37,1.45,41.32,0.08,10% increased Cast Speed,,,,,,,,
Wands,Faun's Horn,35,NMR,3,1,3,0,,defa,,,,,116,21,38,1.4,41.3,0.08,Adds 5-10 to 11-13 Fire Damage to Spells and Attacks,,,,,,,,
Wands,Blasting Wand,40,NMRU,3,1,3,0,,defa,,,,,131,21,39,1.6,48.0,0.085,Cannot roll Caster Modifiers,,,,,,,,
Wands,Crystal Wand,45,NMR,3,1,3,0,,defa,,,,,146,24,45,1.45,50.02,0.08,Adds 4-8 to 10-12 Cold Damage to Spells and Attacks,,,,,,,,
Wands,Coiled Wand,49,NMR,3,1,3,0,,defa,,,,,158,18,55,1.45,52.92,0.08,Adds 1-2 to 22-24 Lightning Damage to Spells and Attacks,,,,,,,,
Wands,Convening Wand,50,NMR,3,1,3,0,,defa,,,,,183,25,47,1.5,54.0,0.08,Minions deal 20-24% increased Damage,,,,,,,,
Wands,Omen Wand,53,NMR,3,1,3,0,,defa,,,,,200,24,45,1.5,51.75,0.087,27-31% increased Spell Damage,,,,,,,,
Wands,Heathen Wand,55,NMR,3,1,3,0,,defa,,,,,184,28,52,1.45,58.0,0.08,10% increased Cast Speed,,,,,,,,
Wands,Demon's Horn,56,NMR,3,1,3,0,,defa,,,,,179,31,57,1.4,61.6,0.08,30-34% increased Spell Damage,,,,,,,,
Wands,Kinetic Wand,59,NMRU,3,1,3,0,,defa,,,,,188,29,54,1.6,66.4,0.085,Cannot roll Caster Modifiers,,,,,,,,
Wands,Opal Wand,62,NMRU,3,1,3,0,,defa,,,,,212,30,56,1.45,62.35,0.08,31-35% increased Spell Damage,,,,,,,,
Wands,Tornado Wand,65,NMRU,3,1,3,0,,defa,,,,,212,22,65,1.45,63.07,0.08,35-39% increased Spell Damage,,,,,,,,
Wands,Prophecy Wand,68,NMRU,3,1,3,0,,defa,,,,,245,26,48,1.5,55.5,0.087,36-40% increased Spell Damage,,,,,,,,
Wands,Profane Wand,70,NMR,3,1,3,0,,defa,,,,,237,30,56,1.45,62.35,0.08,14% increased Cast Speed,,,,,,,,
Wands,Convoking Wand,72,NMR,3,1,3,0,,defa,,,,,242,28,52,1.5,60.0,0.08,Minions deal 26-30% increased Damage,,,,,,,,
Fishing Rods,Fishing Rod,1,NMRU,4,1,4,4,,defa,,,8,8,,8,15,1.2,13.8,0.05,,,,,,,,,
Body Armours,Plate Vest,1,NMRU,3,2,6,0,,defa,,,12,,,,,,,,,,19,27,,,,,
Body Armours,Chestplate,6,NMR,3,2,6,0,,defa,,,25,,,,,,,,,,68,89,,,,,
Body Armours,Copper Plate,17,NMRU,3,2,6,0,,defa,,,53,,,,,,,,,,176,221,,,,,
Body Armours,War Plate,21,NMR,3,2,6,0,,defa,,,63,,,,,,,,,,216,248,,,,,
Body Armours,Full Plate,28,NMR,3,2,6,0,,defa,,,81,,,,,,,,,,284,319,,,,,
Body Armours,Arena Plate,32,NMR,3,2,6,0,,defa,,,91,,,,,,,,,,324,389,,,,,
Body Armours,Lordly Plate,35,NMR,3,2,6,0,,defa,,,99,,,,,,,,,,353,417,,,,,
Body Armours,Bronze Plate,37,NMR,3,2,6,0,,defa,,,104,,,,,,,,,,373,429,,,,,
Body Armours,Battle Plate,41,NMR,3,2,6,0,,defa,,,114,,,,,,,,,,412,474,,,,,
Body Armours,Sun Plate,45,NMR,3,2,6,0,,defa,,,124,,,,,,,,,,451,506,,,,,
Body Armours,Colosseum Plate,49,NMR,3,2,6,0,,defa,,,134,,,,,,,,,,491,589,,,,,
Body Armours,Majestic Plate,53,NMR,3,2,6,0,,defa,,,145,,,,,,,,,,530,625,,,,,
Body Armours,Golden Plate,56,NMRU,3,2,6,0,,defa,,,152,,,,,,,,,,559,643,,,,,
Body Armours,Crusader Plate,59,NMRU,3,2,6,0,,defa,,,160,,,,,,,,,,601,691,,,,,
Body Armours,Astral Plate,62,NMRU,3,2,6,0,,defa,,,180,,,,,,,,+8-12% to all Elemental Resistances,,711,782,,,,,
Body Armours,Gladiator Plate,65,NMRU,3,2,6,0,,defa,,,177,,,,,,,,,,738,848,,,,,
Body Armours,Glorious Plate,68,NMRU,3,2,6,0,,defa,,,191,,,,,,,,,,776,892,,,,,
Body Armours,Shabby Jerkin,2,NMR,3,2,6,0,,defa,,,,14,,,,,,,,,,,29,41,,,
Body Armours,Strapped Leather,9,NMR,3,2,6,0,,defa,,,,32,,,,,,,,,,,98,127,,,
Body Armours,Buckskin Tunic,17,NMRU,3,2,6,0,,defa,,,,53,,,,,,,,,,,176,221,,,
Body Armours,Wild Leather,25,NMRU,3,2,6,0,,defa,,,,73,,,,,,,,,,,255,306,,,
Body Armours,Full Leather,28,NMR,3,2,6,0,,defa,,,,81,,,,,,,,,,,284,327,,,
Body Armours,Sun Leather,32,NMR,3,2,6,0,,defa,,,,91,,,,,,,,,,,324,382,,,
Body Armours,Thief's Garb,35,NMR,3,2,6,0,,defa,,,,99,,,,,,,,,,,353,396,,,
Body Armours,Eelskin Tunic,37,NMR,3,2,6,0,,defa,,,,104,,,,,,,,,,,373,429,,,
Body Armours,Frontier Leather,41,NMR,3,2,6,0,,defa,,,,114,,,,,,,,,,,412,495,,,
Body Armours,Glorious Leather,45,NMR,3,2,6,0,,defa,,,,124,,,,,,,,,,,451,519,,,
Body Armours,Coronal Leather,49,NMR,3,2,6,0,,defa,,,,134,,,,,,,,,,,491,579,,,
Body Armours,Cutthroat's Garb,53,NMRU,3,2,6,0,,defa,,,,145,,,,,,,,,,,530,594,,,
Body Armours,Sharkskin Tunic,56,NMRU,3,2,6,0,,defa,,,,152,,,,,,,,,,,559,643,,,
Body Armours,Destiny Leather,59,NMRU,3,2,6,0,,defa,,,,160,,,,,,,,,,,601,721,,,
Body Armours,Exquisite Leather,62,NMRU,3,2,6,0,,defa,,,,170,,,,,,,,,,,704,810,,,
Body Armours,Zodiac Leather,65,NMRU,3,2,6,0,,defa,,,,197,,,,,,,,,,,854,982,,,
Body Armours,Assassin's Garb,68,NMRU,3,2,6,0,,defa,,,,183,,,,,,,3% increased Movement Speed,,,,737,811,,,
Body Armours,Simple Robe,3,NMRU,3,2,6,0,,defa,,,,,17,,,,,,,,,,,,14,20,
Body Armours,Silken Vest,11,NMRU,3,2,6,0,,defa,,,,,37,,,,,,,,,,,,30,38,
Body Armours,Scholar's Robe,18,NMRU,3,2,6,0,,defa,,,,,55,,,,,,,,,,,,43,53,
Body Armours,Silken Garb,25,NMR,3,2,6,0,,defa,,,,,73,,,,,,,,,,,,56,64,
Body Armours,Mage's Vestment,28,NMR,3,2,6,0,,defa,,,,,81,,,,,,,,,,,,62,69,
Body Armours,Silk Robe,32,NMR,3,2,6,0,,defa,,,,,91,,,,,,,,,,,,69,80,
Body Armours,Cabalist Regalia,35,NMR,3,2,6,0,,defa,,,,,99,,,,,,,,,,,,75,88,
Body Armours,Sage's Robe,37,NMRU,3,2,6,0,,defa,,,,,104,,,,,,,,,,,,79,90,
Body Armours,Silken Wrap,41,NMR,3,2,6,0,,defa,,,,,114,,,,,,,,,,,,86,104,
Body Armours,Conjurer's Vestment,45,NMR,3,2,6,0,,defa,,,,,124,,,,,,,,,,,,94,105,
Body Armours,Spidersilk Robe,49,NMRU,3,2,6,0,,defa,,,,,134,,,,,,,,,,,,101,117,
Body Armours,Destroyer Regalia,53,NMRU,3,2,6,0,,defa,,,,,145,,,,,,,,,,,,109,129,
Body Armours,Savant's Robe,56,NMRU,3,2,6,0,,defa,,,,,152,,,,,,,,,,,,115,132,
Body Armours,Necromancer Silks,59,NMRU,3,2,6,0,,defa,,,,,160,,,,,,,,,,,,123,147,
Body Armours,Occultist's Vestment,62,NMRU,3,2,6,0,,defa,,,,,180,,,,,,3-10% increased Spell Damage,,,,,,137,151,
Body Armours,Widowsilk Robe,65,NMRU,3,2,6,0,,defa,,,,,187,,,,,,,,,,,,157,181,
Body Armours,Vaal Regalia,68,NMRU,3,2,6,0,,defa,,,,,194,,,,,,,,,,,,171,197,
Body Armours,Scale Vest,4,NMR,3,2,6,0,,defa,,,10,10,,,,,,,,,27,38,27,38,,,
Body Armours,Light Brigandine,8,NMR,3,2,6,0,,defa,,,16,16,,,,,,,,,48,63,48,63,,,
Body Armours,Scale Doublet,17,NMR,3,2,6,0,,defa,,,28,28,,,,,,,,,97,121,97,121,,,
Body Armours,Infantry Brigandine,21,NMR,3,2,6,0,,defa,,,34,34,,,,,,,,,119,142,119,142,,,
Body Armours,Full Scale Armour,28,NMR,3,2,6,0,,defa,,,43,43,,,,,,,,,156,180,156,180,,,
Body Armours,Soldier's Brigandine,32,NMR,3,2,6,0,,defa,,,48,48,,,,,,,,,178,210,178,210,,,
Body Armours,Field Lamellar,35,NMR,3,2,6,0,,defa,,,53,53,,,,,,,,,194,223,194,223,,,
Body Armours,Wyrmscale Doublet,38,NMRU,3,2,6,0,,defa,,,57,57,,,,,,,,,210,236,210,236,,,
Body Armours,Hussar Brigandine,42,NMR,3,2,6,0,,defa,,,62,62,,,,,,,,,232,278,232,278,,,
Body Armours,Full Wyrmscale,46,NMRU,3,2,6,0,,defa,,,68,68,,,,,,,,,254,292,254,292,,,
Body Armours,Commander's Brigandine,50,NMR,3,2,6,0,,defa,,,73,73,,,,,,,,,275,325,275,325,,,
Body Armours,Battle Lamellar,54,NMR,3,2,6,0,,defa,,,79,79,,,,,,,,,297,341,297,341,,,
Body Armours,Dragonscale Doublet,57,NMR,3,2,6,0,,defa,,,83,83,,,,,,,,,313,351,313,351,,,
Body Armours,Desert Brigandine,60,NMRU,3,2,6,0,,defa,,,96,96,,,,,,,,,376,451,376,451,,,
Body Armours,Full Dragonscale,63,NMRU,3,2,6,0,,defa,,,115,94,,,,,,,,,470,541,373,429,,,
Body Armours,General's Brigandine,66,NMR,3,2,6,0,,defa,,,103,103,,,,,,,,,415,465,415,465,,,
Body Armours,Triumphant Lamellar,69,NMRU,3,2,6,0,,defa,,,95,116,,,,,,,,,380,437,477,549,,,
Body Armours,Chainmail Vest,4,NMR,3,2,6,0,,defa,,,10,,10,,,,,,,,27,38,,,9,13,
Body Armours,Chainmail Tunic,8,NMR,3,2,6,0,,defa,,,16,,16,,,,,,,,48,63,,,13,17,
Body Armours,Ringmail Coat,17,NMR,3,2,6,0,,defa,,,28,,28,,,,,,,,97,121,,,22,28,
Body Armours,Chainmail Doublet,21,NMR,3,2,6,0,,defa,,,34,,34,,,,,,,,119,140,,,27,31,
Body Armours,Full Ringmail,28,NMR,3,2,6,0,,defa,,,43,,43,,,,,,,,156,180,,,34,39,
Body Armours,Full Chainmail,32,NMR,3,2,6,0,,defa,,,48,,48,,,,,,,,178,199,,,38,43,
Body Armours,Holy Chainmail,35,NMRU,3,2,6,0,,defa,,,53,,53,,,,,,,,194,233,,,41,49,
Body Armours,Latticed Ringmail,39,NMRU,3,2,6,0,,defa,,,59,,59,,,,,,,,216,248,,,45,52,
Body Armours,Crusader Chainmail,43,NMRU,3,2,6,0,,defa,,,64,,64,,,,,,,,237,266,,,50,55,
Body Armours,Ornate Ringmail,47,NMRU,3,2,6,0,,defa,,,69,,69,,,,,,,,259,298,,,54,62,
Body Armours,Chain Hauberk,51,NMR,3,2,6,0,,defa,,,75,,75,,,,,,,,281,314,,,58,65,
Body Armours,Devout Chainmail,55,NMR,3,2,6,0,,defa,,,80,,80,,,,,,,,302,363,,,62,74,
Body Armours,Loricated Ringmail,58,NMR,3,2,6,0,,defa,,,84,,84,,,,,,,,325,374,,,66,76,
Body Armours,Conquest Chainmail,61,NMRU,3,2,6,0,,defa,,,96,,96,,,,,,,,387,445,,,79,91,
Body Armours,Elegant Ringmail,64,NMRU,3,2,6,0,,defa,,,90,,105,,,,,,,,377,433,,,92,105,
Body Armours,Saint's Hauberk,67,NMRU,3,2,6,0,,defa,,,109,,94,,,,,,,,443,496,,,76,85,
Body Armours,Saintly Chainmail,70,NMRU,3,2,6,0,,defa,,,99,,115,,,,,,,,401,461,,,96,110,
Body Armours,Padded Vest,4,NMR,3,2,6,0,,defa,,,,10,10,,,,,,,,,,27,38,9,13,
Body Armours,Oiled Vest,9,NMR,3,2,6,0,,defa,,,,17,17,,,,,,,,,,54,70,14,18,
Body Armours,Padded Jacket,18,NMR,3,2,6,0,,defa,,,,30,30,,,,,,,,,,102,128,24,29,
Body Armours,Oiled Coat,22,NMR,3,2,6,0,,defa,,,,35,35,,,,,,,,,,124,146,28,33,
Body Armours,Scarlet Raiment,28,NMR,3,2,6,0,,defa,,,,43,43,,,,,,,,,,156,180,34,39,
Body Armours,Waxed Garb,32,NMR,3,2,6,0,,defa,,,,48,48,,,,,,,,,,178,205,38,44,
Body Armours,Bone Armour,35,NMRU,3,2,6,0,,defa,,,,53,53,,,,,,,,,,194,233,41,49,
Body Armours,Quilted Jacket,40,NMR,3,2,6,0,,defa,,,,60,60,,,,,,,,,,221,248,46,52,
Body Armours,Sleek Coat,44,NMR,3,2,6,0,,defa,,,,65,65,,,,,,,,,,243,287,51,60,
Body Armours,Crimson Raiment,48,NMR,3,2,6,0,,defa,,,,71,71,,,,,,,,,,264,304,55,63,
Body Armours,Lacquered Garb,52,NMRU,3,2,6,0,,defa,,,,76,76,,,,,,,,,,286,329,59,68,
Body Armours,Crypt Armour,56,NMR,3,2,6,0,,defa,,,,82,82,,,,,,,,,,308,369,63,76,
Body Armours,Sentinel Jacket,59,NMRU,3,2,6,0,,defa,,,,86,86,,,,,,,,,,330,370,67,76,
Body Armours,Varnished Coat,62,NMRU,3,2,6,0,,defa,,,,96,96,,,,,,,,,,387,434,79,89,
Body Armours,Blood Raiment,65,NMRU,3,2,6,0,,defa,,,,107,90,,,,,,,,,,436,501,73,84,
Body Armours,Sadist Garb,68,NMRU,3,2,6,0,,defa,,,,103,109,,,,,,,,,,427,491,93,107,
Body Armours,Carnal Armour,71,NMRU,3,2,6,0,,defa,,,,88,122,,,,,,+20-25 to maximum Mana,,,,353,388,103,113,
Body Armours,Sacrificial Garb,72,NMR,3,2,6,0,,defa,,,66,66,66,,,,,,+1 to Level of all Vaal Skill Gems,,329,378,329,378,67,77,
Body Armours,Titan Plate,73,NMR,3,2,6,0,,defa,,,222,,,,,,,,,,877,1009,,,,,
Body Armours,Legion Plate,78,NMR,3,2,6,0,,defa,,,254,,,,,,,,,,1018,1171,,,,,
Body Armours,Royal Plate,84,NMR,3,2,6,0,,defa,,,293,,,,,,,,,,1183,1360,,,,,
Body Armours,Supreme Leather,73,NMR,3,2,6,0,,defa,,,,222,,,,,,,,,,,894,1028,,,
Body Armours,Astral Leather,78,NMR,3,2,6,0,,defa,,,,254,,,,,,,,,,,1037,1193,,,
Body Armours,Syndicate's Garb,84,NMR,3,2,6,0,,defa,,,,293,,,,,,,,,,,1205,1386,,,
Body Armours,Arcane Vestment,73,NMR,3,2,6,0,,defa,,,,,222,,,,,,,,,,,,196,225,
Body Armours,Nightweave Robe,78,NMR,3,2,6,0,,defa,,,,,254,,,,,,,,,,,,227,260,
Body Armours,Twilight Regalia,84,NMR,3,2,6,0,,defa,,,,,293,,,,,,,,,,,,262,302,
Body Armours,Full Wyvernscale,73,NMR,3,2,6,0,,defa,,,133,133,,,,,,,,,545,627,545,627,,,
Body Armours,Marshall's Brigandine,78,NMR,3,2,6,0,,defa,,,151,151,,,,,,,,,627,721,627,721,,,
Body Armours,Conquest Lamellar,84,NMR,3,2,6,0,,defa,,,173,173,,,,,,,,,723,831,723,831,,,
Body Armours,Grand Ringmail,73,NMR,3,2,6,0,,defa,,,133,,133,,,,,,,,545,627,,,110,127,
Body Armours,Paladin's Hauberk,78,NMR,3,2,6,0,,defa,,,151,,151,,,,,,,,627,721,,,126,145,
Body Armours,Sacred Chainmail,84,NMR,3,2,6,0,,defa,,,173,,173,,,,,,,,723,831,,,145,167,
Body Armours,Sanguine Raiment,73,NMR,3,2,6,0,,defa,,,,133,133,,,,,,,,,,545,627,110,127,
Body Armours,Torturer Garb,78,NMR,3,2,6,0,,defa,,,,151,151,,,,,,,,,,627,721,126,145,
Body Armours,Necrotic Armour,84,NMR,3,2,6,0,,defa,,,,173,173,,,,,,,,,,723,831,145,167,
Boots,Iron Greaves,1,NMR,2,2,4,0,,defa,,,8,,,,,,,,,,6,9,,,,,
Boots,Steel Greaves,9,NMR,2,2,4,0,,defa,,,21,,,,,,,,,,32,42,,,,,
Boots,Plated Greaves,23,NMRU,2,2,4,0,,defa,,,44,,,,,,,,,,77,96,,,,,
Boots,Reinforced Greaves,33,NMRU,2,2,4,0,,defa,,,61,,,,,,,,,,109,120,,,,,
Boots,Antique Greaves,37,NMR,2,2,4,0,,defa,,,67,,,,,,,,,,122,144,,,,,
Boots,Ancient Greaves,46,NMRU,2,2,4,0,,defa,,,82,,,,,,,,,,151,174,,,,,
Boots,Goliath Greaves,54,NMRU,2,2,4,0,,defa,,,95,,,,,,,,,,177,209,,,,,
Boots,Vaal Greaves,62,NMR,2,2,4,0,,defa,,,117,,,,,,,,,,220,253,,,,,
Boots,Titan Greaves,68,NMRU,2,2,4,0,,defa,,,120,,,,,,,,,,241,278,,,,,
Boots,Rawhide Boots,3,NMRU,2,2,4,0,,defa,,,,11,,,,,,,,,,,13,18,,,
Boots,Goathide Boots,12,NMRU,2,2,4,0,,defa,,,,26,,,,,,,,,,,42,54,,,
Boots,Deerskin Boots,22,NMRU,2,2,4,0,,defa,,,,42,,,,,,,,,,,74,92,,,
Boots,Nubuck Boots,34,NMRU,2,2,4,0,,defa,,,,62,,,,,,,,,,,113,126,,,
Boots,Eelskin Boots,39,NMR,2,2,4,0,,defa,,,,70,,,,,,,,,,,129,148,,,
Boots,Sharkskin Boots,44,NMRU,2,2,4,0,,defa,,,,79,,,,,,,,,,,145,171,,,
Boots,Shagreen Boots,55,NMRU,2,2,4,0,,defa,,,,97,,,,,,,,,,,180,216,,,
Boots,Stealth Boots,62,NMRU,2,2,4,0,,defa,,,,117,,,,,,,,,,,220,253,,,
Boots,Slink Boots,69,NMRU,2,2,4,0,,defa,,,,120,,,,,,,,,,,246,283,,,
Boots,Wool Shoes,3,NMRU,2,2,4,0,,defa,,,,,11,,,,,,,,,,,,5,7,
Boots,Velvet Slippers,9,NMRU,2,2,4,0,,defa,,,,,21,,,,,,,,,,,,8,11,
Boots,Silk Slippers,22,NMRU,2,2,4,0,,defa,,,,,42,,,,,,,,,,,,17,21,
Boots,Scholar Boots,32,NMRU,2,2,4,0,,defa,,,,,59,,,,,,,,,,,,23,25,
Boots,Satin Slippers,38,NMR,2,2,4,0,,defa,,,,,69,,,,,,,,,,,,26,30,
Boots,Samite Slippers,44,NMR,2,2,4,0,,defa,,,,,79,,,,,,,,,,,,30,35,
Boots,Conjurer Boots,53,NMRU,2,2,4,0,,defa,,,,,94,,,,,,,,,,,,36,42,
Boots,Arcanist Slippers,61,NMRU,2,2,4,0,,defa,,,,,119,,,,,,,,,,,,47,55,
Boots,Sorcerer Boots,67,NMRU,2,2,4,0,,defa,,,,,123,,,,,,,,,,,,51,59,
Boots,Leatherscale Boots,6,NMR,2,2,4,0,,defa,,,9,9,,,,,,,,,12,17,12,17,,,
Boots,Ironscale Boots,18,NMRU,2,2,4,0,,defa,,,19,19,,,,,,,,,34,44,34,44,,,
Boots,Bronzescale Boots,30,NMRU,2,2,4,0,,defa,,,30,30,,,,,,,,,55,63,55,63,,,
Boots,Steelscale Boots,36,NMR,2,2,4,0,,defa,,,35,35,,,,,,,,,65,75,65,75,,,
Boots,Serpentscale Boots,42,NMRU,2,2,4,0,,defa,,,40,40,,,,,,,,,76,90,76,90,,,
Boots,Wyrmscale Boots,51,NMR,2,2,4,0,,defa,,,48,48,,,,,,,,,92,103,92,103,,,
Boots,Hydrascale Boots,59,NMR,2,2,4,0,,defa,,,56,56,,,,,,,,,106,122,106,122,,,
Boots,Dragonscale Boots,65,NMRU,2,2,4,0,,defa,,,62,62,,,,,,,,,121,139,121,139,,,
Boots,Chain Boots,5,NMR,2,2,4,0,,defa,,,8,,8,,,,,,,,11,15,,,3,5,
Boots,Ringmail Boots,13,NMR,2,2,4,0,,defa,,,15,,15,,,,,,,,25,32,,,6,8,
Boots,Mesh Boots,28,NMRU,2,2,4,0,,defa,,,28,,28,,,,,,,,51,64,,,11,14,
Boots,Riveted Boots,36,NMRU,2,2,4,0,,defa,,,35,,35,,,,,,,,65,71,,,14,15,
Boots,Zealot Boots,40,NMR,2,2,4,0,,defa,,,39,,39,,,,,,,,73,87,,,15,18,
Boots,Soldier Boots,49,NMRU,2,2,4,0,,defa,,,47,,47,,,,,,,,88,99,,,18,20,
Boots,Legion Boots,58,NMRU,2,2,4,0,,defa,,,54,,54,,,,,,,,104,120,,,21,25,
Boots,Crusader Boots,64,NMRU,2,2,4,0,,defa,,,62,,62,,,,,,,,121,139,,,25,28,
Boots,Wrapped Boots,6,NMR,2,2,4,0,,defa,,,,9,9,,,,,,,,,,12,17,4,5,
Boots,Strapped Boots,16,NMRU,2,2,4,0,,defa,,,,18,18,,,,,,,,,,30,39,7,9,
Boots,Clasped Boots,27,NMRU,2,2,4,0,,defa,,,,27,27,,,,,,,,,,50,57,11,12,
Boots,Shackled Boots,34,NMR,2,2,4,0,,defa,,,,34,34,,,,,,,,,,62,71,13,15,
Boots,Trapper Boots,41,NMRU,2,2,4,0,,defa,,,,40,40,,,,,,,,,,74,85,16,18,
Boots,Ambush Boots,47,NMR,2,2,4,0,,defa,,,,45,45,,,,,,,,,,85,95,18,20,
Boots,Carnal Boots,55,NMRU,2,2,4,0,,defa,,,,52,52,,,,,,,,,,99,117,20,24,
Boots,Assassin's Boots,63,NMR,2,2,4,0,,defa,,,,62,62,,,,,,,,,,121,139,25,28,
Boots,Murder Boots,69,NMRU,2,2,4,0,,defa,,,,82,42,,,,,,,,,,185,213,18,21,
Boots,Two-Toned Boots,70,NMRU,2,2,4,0,,defa,,,62,,62,,,,,,+(15-20)% to Cold and Lightning Resistances,,126,,,,24,,
Boots,Precursor Greaves,78,NMR,2,2,4,0,,defa,,,153,,,,,,,,,,307,353,,,,,
Boots,Leviathan Greaves,84,NMR,2,2,4,0,,defa,,,177,,,,,,,,,,359,413,,,,,
Boots,Harpyskin Boots,78,NMR,2,2,4,0,,defa,,,,153,,,,,,,,,,,307,353,,,
Boots,Velour Boots,84,NMR,2,2,4,0,,defa,,,,177,,,,,,,,,,,359,413,,,
Boots,Sage Slippers,78,NMR,2,2,4,0,,defa,,,,,153,,,,,,,,,,,,62,71,
Boots,Warlock Boots,84,NMR,2,2,4,0,,defa,,,,,177,,,,,,,,,,,,72,83,
Boots,Chimerascale Boots,78,NMR,2,2,4,0,,defa,,,85,85,,,,,,,,,176,203,176,203,,,
Boots,Wyvernscale Boots,84,NMR,2,2,4,0,,defa,,,98,98,,,,,,,,,205,236,205,236,,,
Boots,Martyr Boots,78,NMR,2,2,4,0,,defa,,,85,,85,,,,,,,,176,203,,,35,41,
Boots,Paladin Boots,84,NMR,2,2,4,0,,defa,,,98,,98,,,,,,,,205,236,,,41,47,
Boots,Infiltrator Boots,78,NMR,2,2,4,0,,defa,,,,85,85,,,,,,,,,,176,203,35,41,
Boots,Phantom Boots,84,NMR,2,2,4,0,,defa,,,,98,98,,,,,,,,,,205,236,41,47,
Gloves,Iron Gauntlets,1,NMRU,2,2,4,0,,defa,,,6,,,,,,,,,,6,9,,,,,
Gloves,Plated Gauntlets,11,NMR,2,2,4,0,,defa,,,20,,,,,,,,,,39,50,,,,,
Gloves,Bronze Gauntlets,23,NMRU,2,2,4,0,,defa,,,36,,,,,,,,,,77,96,,,,,
Gloves,Steel Gauntlets,35,NMRU,2,2,4,0,,defa,,,52,,,,,,,,,,116,127,,,,,
Gloves,Antique Gauntlets,39,NMR,2,2,4,0,,defa,,,58,,,,,,,,,,129,154,,,,,
Gloves,Ancient Gauntlets,47,NMRU,2,2,4,0,,defa,,,68,,,,,,,,,,154,173,,,,,
Gloves,Goliath Gauntlets,53,NMRU,2,2,4,0,,defa,,,77,,,,,,,,,,174,200,,,,,
Gloves,Vaal Gauntlets,63,NMRU,2,2,4,0,,defa,,,100,,,,,,,,,,232,266,,,,,
Gloves,Titan Gauntlets,69,NMRU,2,2,4,0,,defa,,,98,,,,,,,,,,242,278,,,,,
Gloves,Spiked Gloves,70,NMR,2,2,4,0,,defa,,,95,,,,,,,,16-20% increased Melee Damage,,220,253,,,,,
Gloves,Rawhide Gloves,3,NMR,2,2,4,0,,defa,,,,9,,,,,,,,,,,13,18,,,
Gloves,Goathide Gloves,9,NMRU,2,2,4,0,,defa,,,,17,,,,,,,,,,,32,42,,,
Gloves,Deerskin Gloves,21,NMRU,2,2,4,0,,defa,,,,33,,,,,,,,,,,71,88,,,
Gloves,Nubuck Gloves,33,NMRU,2,2,4,0,,defa,,,,50,,,,,,,,,,,109,122,,,
Gloves,Eelskin Gloves,38,NMRU,2,2,4,0,,defa,,,,56,,,,,,,,,,,125,148,,,
Gloves,Sharkskin Gloves,45,NMR,2,2,4,0,,defa,,,,66,,,,,,,,,,,148,163,,,
Gloves,Shagreen Gloves,54,NMR,2,2,4,0,,defa,,,,78,,,,,,,,,,,177,212,,,
Gloves,Stealth Gloves,62,NMR,2,2,4,0,,defa,,,,97,,,,,,,,,,,231,265,,,
Gloves,Slink Gloves,70,NMR,2,2,4,0,,defa,,,,95,,,,,,,,,,,242,278,,,
Gloves,Gripped Gloves,70,NMR,2,2,4,0,,defa,,,,95,,,,,,,14-18% increased Projectile Attack Damage,,,,220,253,,,
Gloves,Wool Gloves,3,NMRU,2,2,4,0,,defa,,,,,9,,,,,,,,,,,,5,7,
Gloves,Velvet Gloves,12,NMRU,2,2,4,0,,defa,,,,,21,,,,,,,,,,,,10,13,
Gloves,Silk Gloves,25,NMRU,2,2,4,0,,defa,,,,,39,,,,,,,,,,,,18,23,
Gloves,Embroidered Gloves,36,NMRU,2,2,4,0,,defa,,,,,54,,,,,,,,,,,,25,28,
Gloves,Satin Gloves,41,NMRU,2,2,4,0,,defa,,,,,60,,,,,,,,,,,,28,33,
Gloves,Samite Gloves,47,NMRU,2,2,4,0,,defa,,,,,68,,,,,,,,,,,,32,37,
Gloves,Conjurer Gloves,55,NMRU,2,2,4,0,,defa,,,,,79,,,,,,,,,,,,37,44,
Gloves,Arcanist Gloves,60,NMRU,2,2,4,0,,defa,,,,,95,,,,,,,,,,,,45,52,
Gloves,Sorcerer Gloves,69,NMR,2,2,4,0,,defa,,,,,97,,,,,,,,,,,,49,57,
Gloves,Fingerless Silk Gloves,70,NMR,2,2,4,0,,defa,,,,,95,,,,,,12-16% increased Spell Damage,,,,,,45,52,
Gloves,Fishscale Gauntlets,4,NMR,2,2,4,0,,defa,,,5,5,,,,,,,,,9,12,9,12,,,
Gloves,Ironscale Gauntlets,15,NMRU,2,2,4,0,,defa,,,14,14,,,,,,,,,28,37,28,37,,,
Gloves,Bronzescale Gauntlets,27,NMRU,2,2,4,0,,defa,,,22,22,,,,,,,,,50,62,50,62,,,
Gloves,Steelscale Gauntlets,36,NMRU,2,2,4,0,,defa,,,29,29,,,,,,,,,65,75,65,75,,,
Gloves,Serpentscale Gauntlets,43,NMRU,2,2,4,0,,defa,,,34,34,,,,,,,,,78,87,78,87,,,
Gloves,Wyrmscale Gauntlets,49,NMRU,2,2,4,0,,defa,,,38,38,,,,,,,,,88,104,88,104,,,
Gloves,Hydrascale Gauntlets,59,NMRU,2,2,4,0,,defa,,,45,45,,,,,,,,,106,122,106,122,,,
Gloves,Dragonscale Gauntlets,67,NMRU,2,2,4,0,,defa,,,51,51,,,,,,,,,121,139,121,139,,,
Gloves,Chain Gloves,7,NMRU,2,2,4,0,,defa,,,8,,8,,,,,,,,14,20,,,4,6,
Gloves,Ringmail Gloves,19,NMR,2,2,4,0,,defa,,,16,,16,,,,,,,,35,46,,,8,10,
Gloves,Mesh Gloves,32,NMR,2,2,4,0,,defa,,,26,,26,,,,,,,,58,67,,,12,14,
Gloves,Riveted Gloves,37,NMRU,2,2,4,0,,defa,,,29,,29,,,,,,,,67,77,,,14,16,
Gloves,Zealot Gloves,43,NMRU,2,2,4,0,,defa,,,34,,34,,,,,,,,78,92,,,16,19,
Gloves,Soldier Gloves,51,NMRU,2,2,4,0,,defa,,,40,,40,,,,,,,,92,103,,,19,21,
Gloves,Legion Gloves,57,NMRU,2,2,4,0,,defa,,,44,,44,,,,,,,,103,121,,,21,25,
Gloves,Crusader Gloves,66,NMRU,2,2,4,0,,defa,,,51,,51,,,,,,,,121,139,,,25,28,
Gloves,Wrapped Mitts,5,NMRU,2,2,4,0,,defa,,,,6,6,,,,,,,,,,11,15,3,5,
Gloves,Strapped Mitts,16,NMRU,2,2,4,0,,defa,,,,14,14,,,,,,,,,,30,39,7,9,
Gloves,Clasped Mitts,31,NMRU,2,2,4,0,,defa,,,,25,25,,,,,,,,,,57,65,12,14,
Gloves,Trapper Mitts,36,NMR,2,2,4,0,,defa,,,,29,29,,,,,,,,,,65,77,14,16,
Gloves,Ambush Mitts,45,NMRU,2,2,4,0,,defa,,,,35,35,,,,,,,,,,81,91,17,19,
Gloves,Carnal Mitts,50,NMRU,2,2,4,0,,defa,,,,39,39,,,,,,,,,,90,101,19,21,
Gloves,Assassin's Mitts,58,NMRU,2,2,4,0,,defa,,,,45,45,,,,,,,,,,104,123,21,25,
Gloves,Murder Mitts,67,NMRU,2,2,4,0,,defa,,,,51,51,,,,,,,,,,121,139,25,28,
Gloves,Precursor Gauntlets,78,NMR,2,2,4,0,,defa,,,125,,,,,,,,,,307,353,,,,,
Gloves,Leviathan Gauntlets,84,NMR,2,2,4,0,,defa,,,144,,,,,,,,,,359,413,,,,,
Gloves,Harpyskin Gloves,78,NMR,2,2,4,0,,defa,,,,125,,,,,,,,,,,307,353,,,
Gloves,Velour Gloves,84,NMR,2,2,4,0,,defa,,,,144,,,,,,,,,,,359,413,,,
Gloves,Sage Gloves,78,NMR,2,2,4,0,,defa,,,,,125,,,,,,,,,,,,62,71,
Gloves,Warlock Gloves,84,NMR,2,2,4,0,,defa,,,,,144,,,,,,,,,,,,72,83,
Gloves,Chimerascale Gauntlets,78,NMR,2,2,4,0,,defa,,,70,70,,,,,,,,,176,203,176,203,,,
Gloves,Wyvernscale Gauntlets,84,NMR,2,2,4,0,,defa,,,80,80,,,,,,,,,205,236,205,236,,,
Gloves,Martyr Gloves,78,NMR,2,2,4,0,,defa,,,70,,70,,,,,,,,176,203,,,35,41,
Gloves,Paladin Gloves,84,NMR,2,2,4,0,,defa,,,80,,80,,,,,,,,205,236,,,41,47,
Gloves,Infiltrator Mitts,78,NMR,2,2,4,0,,defa,,,,70,70,,,,,,,,,,176,203,35,41,
Gloves,Phantom Mitts,84,NMR,2,2,4,0,,defa,,,,80,80,,,,,,,,,,205,236,41,47,
Helmets,Iron Hat,1,NMRU,2,2,4,0,,defa,,,9,,,,,,,,,,9,13,,,,,
Helmets,Cone Helmet,7,NMR,2,2,4,0,,defa,,,21,,,,,,,,,,38,50,,,,,
Helmets,Barbute Helmet,18,NMRU,2,2,4,0,,defa,,,42,,,,,,,,,,92,115,,,,,
Helmets,Close Helmet,26,NMRU,2,2,4,0,,defa,,,58,,,,,,,,,,130,150,,,,,
Helmets,Gladiator Helmet,35,NMR,2,2,4,0,,defa,,,75,,,,,,,,,,174,195,,,,,
Helmets,Reaver Helmet,40,NMR,2,2,4,0,,defa,,,85,,,,,,,,,,198,233,,,,,
Helmets,Siege Helmet,48,NMR,2,2,4,0,,defa,,,101,,,,,,,,,,237,272,,,,,
Helmets,Samnite Helmet,55,NMRU,2,2,4,0,,defa,,,114,,,,,,,,,,276,325,,,,,
Helmets,Ezomyte Burgonet,60,NMRU,2,2,4,0,,defa,,,138,,,,,,,,,,346,381,,,,,
Helmets,Royal Burgonet,65,NMRU,2,2,4,0,,defa,,,148,,,,,,,,,,377,434,,,,,
Helmets,Eternal Burgonet,69,NMR,2,2,4,0,,defa,,,138,,,,,,,,,,373,429,,,,,
Helmets,Leather Cap,3,NMRU,2,2,4,0,,defa,,,,13,,,,,,,,,,,19,27,,,
Helmets,Tricorne,10,NMRU,2,2,4,0,,defa,,,,27,,,,,,,,,,,53,69,,,
Helmets,Leather Hood,20,NMRU,2,2,4,0,,defa,,,,46,,,,,,,,,,,101,127,,,
Helmets,Wolf Pelt,30,NMR,2,2,4,0,,defa,,,,66,,,,,,,,,,,150,172,,,
Helmets,Hunter Hood,41,NMR,2,2,4,0,,defa,,,,87,,,,,,,,,,,203,227,,,
Helmets,Noble Tricorne,47,NMR,2,2,4,0,,defa,,,,99,,,,,,,,,,,232,266,,,
Helmets,Ursine Pelt,55,NMRU,2,2,4,0,,defa,,,,114,,,,,,,,,,,276,325,,,
Helmets,Silken Hood,60,NMRU,2,2,4,0,,defa,,,,138,,,,,,,,,,,346,381,,,
Helmets,Sinner Tricorne,64,NMRU,2,2,4,0,,defa,,,,138,,,,,,,,,,,369,425,,,
Helmets,Lion Pelt,70,NMRU,2,2,4,0,,defa,,,,150,,,,,,,,,,,380,437,,,
Helmets,Vine Circlet,3,NMRU,2,2,4,0,,defa,,,,,13,,,,,,,,,,,,7,10,
Helmets,Iron Circlet,8,NMRU,2,2,4,0,,defa,,,,,23,,,,,,,,,,,,12,15,
Helmets,Torture Cage,17,NMR,2,2,4,0,,defa,,,,,40,,,,,,,,,,,,20,25,
Helmets,Tribal Circlet,26,NMRU,2,2,4,0,,defa,,,,,58,,,,,,,,,,,,28,33,
Helmets,Bone Circlet,34,NMRU,2,2,4,0,,defa,,,,,73,,,,,,,,,,,,36,40,
Helmets,Lunaris Circlet,39,NMRU,2,2,4,0,,defa,,,,,83,,,,,,,,,,,,41,48,
Helmets,Steel Circlet,48,NMR,2,2,4,0,,defa,,,,,101,,,,,,,,,,,,49,55,
Helmets,Necromancer Circlet,54,NMRU,2,2,4,0,,defa,,,,,112,,,,,,,,,,,,55,64,
Helmets,Solaris Circlet,59,NMRU,2,2,4,0,,defa,,,,,122,,,,,,,,,,,,60,68,
Helmets,Mind Cage,65,NMRU,2,2,4,0,,defa,,,,,138,,,,,,,,,,,,73,84,
Helmets,Hubris Circlet,69,NMRU,2,2,4,0,,defa,,,,,154,,,,,,,,,,,,80,92,
Helmets,Battered Helm,4,NMR,2,2,4,0,,defa,,,8,8,,,,,,,,,13,18,13,18,,,
Helmets,Sallet,13,NMR,2,2,4,0,,defa,,,18,18,,,,,,,,,37,48,37,48,,,
Helmets,Visored Sallet,23,NMR,2,2,4,0,,defa,,,28,28,,,,,,,,,64,80,64,80,,,
Helmets,Gilded Sallet,33,NMRU,2,2,4,0,,defa,,,38,38,,,,,,,,,90,97,90,97,,,
Helmets,Secutor Helm,36,NMRU,2,2,4,0,,defa,,,42,42,,,,,,,,,98,116,98,116,,,
Helmets,Fencer Helm,43,NMR,2,2,4,0,,defa,,,49,49,,,,,,,,,117,134,117,134,,,
Helmets,Lacquered Helmet,51,NMRU,2,2,4,0,,defa,,,57,57,,,,,,,,,138,155,138,155,,,
Helmets,Fluted Bascinet,58,NMR,2,2,4,0,,defa,,,64,64,,,,,,,,,160,189,160,189,,,
Helmets,Pig-Faced Bascinet,63,NMR,2,2,4,0,,defa,,,85,62,,,,,,,,,229,263,159,183,,,
Helmets,Nightmare Bascinet,67,NMRU,2,2,4,0,,defa,,,62,85,,,,,,,,,162,187,233,268,,,
Helmets,Rusted Coif,5,NMR,2,2,4,0,,defa,,,9,,9,,,,,,,,16,22,,,5,7,
Helmets,Soldier Helmet,12,NMRU,2,2,4,0,,defa,,,16,,16,,,,,,,,34,45,,,8,11,
Helmets,Great Helmet,22,NMRU,2,2,4,0,,defa,,,27,,27,,,,,,,,61,76,,,14,17,
Helmets,Crusader Helmet,31,NMR,2,2,4,0,,defa,,,36,,36,,,,,,,,85,95,,,18,20,
Helmets,Aventail Helmet,37,NMRU,2,2,4,0,,defa,,,42,,42,,,,,,,,101,119,,,21,25,
Helmets,Zealot Helmet,44,NMRU,2,2,4,0,,defa,,,50,,50,,,,,,,,119,137,,,25,29,
Helmets,Great Crown,53,NMRU,2,2,4,0,,defa,,,59,,59,,,,,,,,143,161,,,29,33,
Helmets,Magistrate Crown,58,NMRU,2,2,4,0,,defa,,,64,,64,,,,,,,,160,189,,,33,39,
Helmets,Prophet Crown,63,NMRU,2,2,4,0,,defa,,,85,,62,,,,,,,,224,258,,,32,37,
Helmets,Praetor Crown,68,NMRU,2,2,4,0,,defa,,,62,,91,,,,,,,,161,185,,,51,58,
Helmets,Bone Helmet,73,NMRU,2,2,4,0,,defa,,,76,,76,,,,,,Minions deal 15-20% increased Damage,,197,227,,,40,46,
Helmets,Scare Mask,4,NMR,2,2,4,0,,defa,,,,8,8,,,,,,,,,,13,18,4,6,
Helmets,Plague Mask,10,NMR,2,2,4,0,,defa,,,,14,14,,,,,,,,,,29,38,7,10,
Helmets,Iron Mask,17,NMRU,2,2,4,0,,defa,,,,21,21,,,,,,,,,,48,60,11,14,
Helmets,Festival Mask,28,NMRU,2,2,4,0,,defa,,,,33,33,,,,,,,,,,77,88,17,19,
Helmets,Golden Mask,35,NMRU,2,2,4,0,,defa,,,,40,40,,,,,,,,,,96,103,20,22,
Helmets,Raven Mask,38,NMRU,2,2,4,0,,defa,,,,44,44,,,,,,,,,,104,119,22,25,
Helmets,Callous Mask,45,NMR,2,2,4,0,,defa,,,,51,51,,,,,,,,,,122,137,25,28,
Helmets,Regicide Mask,52,NMRU,2,2,4,0,,defa,,,,58,58,,,,,,,,,,141,158,29,32,
Helmets,Harlequin Mask,57,NMRU,2,2,4,0,,defa,,,,64,64,,,,,,,,,,157,185,32,38,
Helmets,Vaal Mask,62,NMRU,2,2,4,0,,defa,,,,79,72,,,,,,,,,,207,239,37,43,
Helmets,Deicide Mask,67,NMRU,2,2,4,0,,defa,,,,73,88,,,,,,,,,,190,219,47,54,
Helmets,General's Helmet,73,NMR,2,2,4,0,,defa,,,170,,,,,,,,,,431,496,,,,,
Helmets,Conqueror's Helmet,78,NMR,2,2,4,0,,defa,,,194,,,,,,,,,,501,576,,,,,
Helmets,Giantslayer Helmet,84,NMR,2,2,4,0,,defa,,,224,,,,,,,,,,582,669,,,,,
Helmets,Dire Pelt,73,NMR,2,2,4,0,,defa,,,,170,,,,,,,,,,,431,496,,,
Helmets,Grizzly Pelt,78,NMR,2,2,4,0,,defa,,,,194,,,,,,,,,,,501,576,,,
Helmets,Majestic Pelt,84,NMR,2,2,4,0,,defa,,,,224,,,,,,,,,,,582,669,,,
Helmets,Moonlit Circlet,73,NMR,2,2,4,0,,defa,,,,,170,,,,,,,,,,,,87,100,
Helmets,Sunfire Circlet,78,NMR,2,2,4,0,,defa,,,,,194,,,,,,,,,,,,101,116,
Helmets,Lich's Circlet,84,NMR,2,2,4,0,,defa,,,,,224,,,,,,,,,,,,117,134,
Helmets,Knight Helm,73,NMR,2,2,4,0,,defa,,,101,101,,,,,,,,,268,308,268,308,,,
Helmets,Conquest Helmet,78,NMR,2,2,4,0,,defa,,,116,116,,,,,,,,,308,355,308,355,,,
Helmets,Haunted Bascinet,84,NMR,2,2,4,0,,defa,,,132,132,,,,,,,,,355,409,355,409,,,
Helmets,Faithful Helmet,73,NMR,2,2,4,0,,defa,,,101,,101,,,,,,,,268,308,,,54,62,
Helmets,Paladin Crown,78,NMR,2,2,4,0,,defa,,,116,,116,,,,,,,,308,355,,,62,71,
Helmets,Divine Crown,84,NMR,2,2,4,0,,defa,,,132,,132,,,,,,,,355,409,,,71,82,
Helmets,Jester Mask,73,NMR,2,2,4,0,,defa,,,,101,101,,,,,,,,,,268,308,54,62,
Helmets,Ancient Mask,78,NMR,2,2,4,0,,defa,,,,116,116,,,,,,,,,,308,355,62,71,
Helmets,Torturer's Mask,84,NMR,2,2,4,0,,defa,,,,132,132,,,,,,,,,,355,409,71,82,
Shields,Splintered Tower Shield,1,NMR,4,2,3,0,,defa,,,11,,,,,,,,,,9,12,,,,,24%
Shields,Corroded Tower Shield,5,NMR,4,2,3,0,,defa,,,20,,,,,,,,+10-20 to maximum Life,,36,47,,,,,23%
Shields,Rawhide Tower Shield,11,NMRU,4,2,3,0,,defa,,,33,,,,,,,,+10-20 to maximum Life,,53,66,,,,,26%
Shields,Cedar Tower Shield,17,NMRU,4,2,3,0,,defa,,,47,,,,,,,,+20-30 to maximum Life,,94,113,,,,,25%
Shields,Copper Tower Shield,24,NMR,4,2,3,0,,defa,,,62,,,,,,,,+30-40 to maximum Life,,151,173,,,,,24%
Shields,Reinforced Tower Shield,30,NMRU,4,2,3,0,,defa,,,76,,,,,,,,+10-20 to maximum Life,,237,260,,,,,23%
Shields,Painted Tower Shield,35,NMRU,4,2,3,0,,defa,,,87,,,,,,,,+20-30 to maximum Life,,188,216,,,,,25%
Shields,Buckskin Tower Shield,39,NMR,4,2,3,0,,defa,,,96,,,,,,,,+10-20 to maximum Life,,177,209,,,,,26%
Shields,Mahogany Tower Shield,43,NMR,4,2,3,0,,defa,,,105,,,,,,,,+20-30 to maximum Life,,230,265,,,,,25%
Shields,Bronze Tower Shield,47,NMR,4,2,3,0,,defa,,,114,,,,,,,,+30-40 to maximum Life,,290,324,,,,,24%
Shields,Girded Tower Shield,51,NMR,4,2,3,0,,defa,,,123,,,,,,,,+10-20 to maximum Life,,397,437,,,,,23%
Shields,Crested Tower Shield,55,NMR,4,2,3,0,,defa,,,132,,,,,,,,+20-30 to maximum Life,,293,337,,,,,25%
Shields,Shagreen Tower Shield,58,NMR,4,2,3,0,,defa,,,139,,,,,,,,+10-20 to maximum Life,,261,308,,,,,26%
Shields,Ebony Tower Shield,61,NMRU,4,2,3,0,,defa,,,159,,,,,,,,+20-30 to maximum Life,,357,411,,,,,25%
Shields,Ezomyte Tower Shield,64,NMRU,4,2,3,0,,defa,,,159,,,,,,,,+30-40 to maximum Life,,412,474,,,,,24%
Shields,Colossal Tower Shield,67,NMRU,4,2,3,0,,defa,,,159,,,,,,,,+10-20 to maximum Life,,522,601,,,,,23%
Shields,Pinnacle Tower Shield,70,NMRU,4,2,3,0,,defa,,,159,,,,,,,,+20-30 to maximum Life,,467,537,,,,,25%
Shields,Goathide Buckler,2,NMR,2,2,3,0,,defa,,,,13,,,,,,,3% increased Movement Speed,,,,14,20,,,25%
Shields,Pine Buckler,8,NMRU,2,2,3,0,,defa,,,,26,,,,,,,3% increased Movement Speed,,,,51,66,,,26%
Shields,Painted Buckler,16,NMRU,2,2,3,0,,defa,,,,44,,,,,,,6% increased Movement Speed,,,,123,154,,,24%
Shields,Hammered Buckler,23,NMR,2,2,3,0,,defa,,,,60,,,,,,,3% increased Movement Speed,,,,116,139,,,27%
Shields,War Buckler,29,NMRU,2,2,3,0,,defa,,,,74,,,,,,,9% increased Movement Speed,,,,169,194,,,26%
Shields,Gilded Buckler,34,NMR,2,2,3,0,,defa,,,,85,,,,,,,6% increased Movement Speed,,,,225,259,,,25%
Shields,Oak Buckler,38,NMR,2,2,3,0,,defa,,,,94,,,,,,,3% increased Movement Speed,,,,220,259,,,26%
Shields,Enameled Buckler,42,NMRU,2,2,3,0,,defa,,,,103,,,,,,,6% increased Movement Speed,,,,311,349,,,24%
Shields,Corrugated Buckler,46,NMRU,2,2,3,0,,defa,,,,112,,,,,,,3% increased Movement Speed,,,,227,272,,,27%
Shields,Battle Buckler,50,NMR,2,2,3,0,,defa,,,,121,,,,,,,9% increased Movement Speed,,,,287,330,,,26%
Shields,Golden Buckler,54,NMRU,2,2,3,0,,defa,,,,130,,,,,,,6% increased Movement Speed,,,,354,407,,,25%
Shields,Ironwood Buckler,57,NMR,2,2,3,0,,defa,,,,137,,,,,,,3% increased Movement Speed,,,,327,385,,,26%
Shields,Lacquered Buckler,60,NMR,2,2,3,0,,defa,,,,154,,,,,,,6% increased Movement Speed,,,,477,549,,,24%
Shields,Vaal Buckler,63,NMRU,2,2,3,0,,defa,,,,159,,,,,,,3% increased Movement Speed,,,,330,379,,,27%
Shields,Crusader Buckler,66,NMR,2,2,3,0,,defa,,,,159,,,,,,,9% increased Movement Speed,,,,385,442,,,26%
Shields,Imperial Buckler,69,NMR,2,2,3,0,,defa,,,,159,,,,,,,6% increased Movement Speed,,,,440,506,,,25%
Shields,Twig Spirit Shield,3,NMR,2,2,3,0,,defa,,,,,15,,,,,,10-15% increased Spell Damage,,,,,,6,8,22%
Shields,Yew Spirit Shield,9,NMR,2,2,3,0,,defa,,,,,29,,,,,,5-10% increased Spell Damage,,,,,,11,14,24%
Shields,Bone Spirit Shield,15,NMR,2,2,3,0,,defa,,,,,42,,,,,,Minions deal 5-10% increased Damage,,,,,,15,19,22%
Shields,Tarnished Spirit Shield,23,NMRU,2,2,3,0,,defa,,,,,60,,,,,,5-10% increased Spell Damage,,,,,,21,25,24%
Shields,Jingling Spirit Shield,28,NMRU,2,2,3,0,,defa,,,,,71,,,,,,10-15% increased Spell Damage,,,,,,25,29,23%
Shields,Brass Spirit Shield,33,NMRU,2,2,3,0,,defa,,,,,83,,,,,,,,,,,,35,40,25%
Shields,Walnut Spirit Shield,37,NMR,2,2,3,0,,defa,,,,,92,,,,,,5-10% increased Spell Damage,,,,,,32,38,24%
Shields,Ivory Spirit Shield,41,NMR,2,2,3,0,,defa,,,,,101,,,,,,Minions deal 5-10% increased Damage,,,,,,35,40,22%
Shields,Ancient Spirit Shield,45,NMR,2,2,3,0,,defa,,,,,110,,,,,,5-10% increased Spell Damage,,,,,,38,45,24%
Shields,Chiming Spirit Shield,49,NMR,2,2,3,0,,defa,,,,,119,,,,,,10-15% increased Spell Damage,,,,,,42,48,23%
Shields,Thorium Spirit Shield,53,NMR,2,2,3,0,,defa,,,,,128,,,,,,,,,,,,54,62,25%
Shields,Lacewood Spirit Shield,56,NMR,2,2,3,0,,defa,,,,,134,,,,,,5-10% increased Spell Damage,,,,,,47,55,24%
Shields,Fossilised Spirit Shield,59,NMR,2,2,3,0,,defa,,,,,141,,,,,,Minions deal 5-10% increased Damage,,,,,,49,55,22%
Shields,Vaal Spirit Shield,62,NMRU,2,2,3,0,,defa,,,,,159,,,,,,5-10% increased Spell Damage,,,,,,56,64,24%
Shields,Harmonic Spirit Shield,65,NMRU,2,2,3,0,,defa,,,,,159,,,,,,10-15% increased Spell Damage,,,,,,58,66,23%
Shields,Titanium Spirit Shield,68,NMRU,2,2,3,0,,defa,,,,,159,,,,,,,,,,,,67,77,25%
Shields,Rotted Round Shield,5,NMRU,3,2,3,0,,defa,,,11,11,,,,,,,60% increased Block Recovery,,13,18,13,18,,,24%
Shields,Fir Round Shield,12,NMR,3,2,3,0,,defa,,,19,19,,,,,,,180% increased Block Recovery,,29,37,29,37,,,24%
Shields,Studded Round Shield,20,NMRU,3,2,3,0,,defa,,,29,29,,,,,,,60% increased Block Recovery,,46,58,46,58,,,27%
Shields,Scarlet Round Shield,27,NMR,3,2,3,0,,defa,,,37,37,,,,,,,,,87,100,87,100,,,26%
Shields,Splendid Round Shield,33,NMR,3,2,3,0,,defa,,,44,44,,,,,,,120% increased Block Recovery,,75,86,75,86,,,25%
Shields,Maple Round Shield,39,NMR,3,2,3,0,,defa,,,52,52,,,,,,,180% increased Block Recovery,,88,99,88,99,,,24%
Shields,Spiked Round Shield,45,NMR,3,2,3,0,,defa,,,59,59,,,,,,,60% increased Block Recovery,,102,120,102,120,,,27%
Shields,Crimson Round Shield,49,NMR,3,2,3,0,,defa,,,64,64,,,,,,,,,155,178,155,178,,,26%
Shields,Baroque Round Shield,54,NMRU,3,2,3,0,,defa,,,70,70,,,,,,,120% increased Block Recovery,,122,140,122,140,,,25%
Shields,Teak Round Shield,58,NMR,3,2,3,0,,defa,,,74,74,,,,,,,180% increased Block Recovery,,131,146,131,146,,,24%
Shields,Spiny Round Shield,62,NMR,3,2,3,0,,defa,,,85,85,,,,,,,60% increased Block Recovery,,154,177,154,177,,,27%
Shields,Cardinal Round Shield,66,NMRU,3,2,3,0,,defa,,,85,85,,,,,,,,,209,240,209,240,,,26%
Shields,Elegant Round Shield,70,NMRU,3,2,3,0,,defa,,,85,85,,,,,,,120% increased Block Recovery,,148,170,148,170,,,25%
Shields,Plank Kite Shield,7,NMRU,3,2,3,0,,defa,,,13,,13,,,,,,+4% to all Elemental Resistances,,18,25,,,5,7,22%
Shields,Linden Kite Shield,13,NMR,3,2,3,0,,defa,,,20,,20,,,,,,+4% to all Elemental Resistances,,43,56,,,11,14,24%
Shields,Reinforced Kite Shield,20,NMR,3,2,3,0,,defa,,,29,,29,,,,,,,,65,81,,,15,18,26%
Shields,Layered Kite Shield,27,NMR,3,2,3,0,,defa,,,37,,37,,,,,,+8% to all Elemental Resistances,,62,73,,,13,16,24%
Shields,Ceremonial Kite Shield,34,NMR,3,2,3,0,,defa,,,46,,46,,,,,,+12% to all Elemental Resistances,,77,89,,,16,19,22%
Shields,Etched Kite Shield,40,NMR,3,2,3,0,,defa,,,53,,53,,,,,,+4% to all Elemental Resistances,,127,142,,,27,30,24%
Shields,Steel Kite Shield,46,NMRU,3,2,3,0,,defa,,,60,,60,,,,,,,,146,167,,,30,35,26%
Shields,Laminated Kite Shield,50,NMRU,3,2,3,0,,defa,,,65,,65,,,,,,+8% to all Elemental Resistances,,113,133,,,23,27,24%
Shields,Angelic Kite Shield,55,NMR,3,2,3,0,,defa,,,71,,71,,,,,,+12% to all Elemental Resistances,,124,142,,,25,29,22%
Shields,Branded Kite Shield,59,NMRU,3,2,3,0,,defa,,,76,,76,,,,,,+4% to all Elemental Resistances,,186,208,,,38,43,24%
Shields,Champion Kite Shield,62,NMRU,3,2,3,0,,defa,,,85,,85,,,,,,,,215,247,,,44,50,26%
Shields,Mosaic Kite Shield,65,NMRU,3,2,3,0,,defa,,,85,,85,,,,,,+8% to all Elemental Resistances,,147,169,,,30,34,24%
Shields,Archon Kite Shield,68,NMRU,3,2,3,0,,defa,,,85,,85,,,,,,+12% to all Elemental Resistances,,156,179,,,32,37,22%
Shields,Spiked Bundle,5,NMR,2,2,3,0,,defa,,,,11,11,,,,,,+3% chance to Suppress Spell Damage,,,,13,18,4,6,24%
Shields,Driftwood Spiked Shield,12,NMR,2,2,3,0,,defa,,,,19,19,,,,,,+3% chance to Suppress Spell Damage,,,,46,60,11,15,24%
Shields,Alloyed Spiked Shield,20,NMR,2,2,3,0,,defa,,,,29,29,,,,,,+3% chance to Suppress Spell Damage,,,,56,70,13,16,25%
Shields,Burnished Spiked Shield,27,NMR,2,2,3,0,,defa,,,,37,37,,,,,,+5% chance to Suppress Spell Damage,,,,62,73,13,16,26%
Shields,Ornate Spiked Shield,33,NMR,2,2,3,0,,defa,,,,44,44,,,,,,+5% chance to Suppress Spell Damage,,,,120,135,26,29,24%
Shields,Redwood Spiked Shield,39,NMR,2,2,3,0,,defa,,,,52,52,,,,,,+3% chance to Suppress Spell Damage,,,,142,163,30,34,24%
Shields,Compound Spiked Shield,45,NMRU,2,2,3,0,,defa,,,,59,59,,,,,,+3% chance to Suppress Spell Damage,,,,122,144,25,30,25%
Shields,Polished Spiked Shield,49,NMRU,2,2,3,0,,defa,,,,64,64,,,,,,+5% chance to Suppress Spell Damage,,,,111,131,23,27,26%
Shields,Sovereign Spiked Shield,54,NMR,2,2,3,0,,defa,,,,70,70,,,,,,+5% chance to Suppress Spell Damage,,,,195,218,40,45,24%
Shields,Alder Spiked Shield,58,NMR,2,2,3,0,,defa,,,,74,74,,,,,,+3% chance to Suppress Spell Damage,,,,209,240,43,49,24%
Shields,Ezomyte Spiked Shield,62,NMRU,2,2,3,0,,defa,,,,85,85,,,,,,+3% chance to Suppress Spell Damage,,,,181,209,37,43,25%
Shields,Mirrored Spiked Shield,66,NMRU,2,2,3,0,,defa,,,,85,85,,,,,,+5% chance to Suppress Spell Damage,,,,151,174,31,35,26%
Shields,Supreme Spiked Shield,70,NMRU,2,2,3,0,,defa,,,,85,85,,,,,,+5% chance to Suppress Spell Damage,,,,242,278,49,57,24%
Amulets,Coral Amulet,3,NMRU,1,1,,,,defa,,,,,,,,,,,Regenerate 2-4 Life per second,,,,,,,,
Amulets,Paua Amulet,3,NMRU,1,1,,,,defa,,,,,,,,,,,20-30% increased Mana Regeneration Rate,,,,,,,,
Amulets,Amber Amulet,7,NMRU,1,1,,,,defa,,,,,,,,,,,+20-30 to Strength,,,,,,,,
Amulets,Jade Amulet,7,NMRU,1,1,,,,defa,,,,,,,,,,,+20-30 to Dexterity,,,,,,,,
Amulets,Lapis Amulet,7,NMRU,1,1,,,,defa,,,,,,,,,,,+20-30 to Intelligence,,,,,,,,
Amulets,Gold Amulet,15,NMRU,1,1,,,,defa,,,,,,,,,,,12-20% increased Rarity of Items found,,,,,,,,
Amulets,Agate Amulet,20,NMRU,1,1,,,,defa,,,,,,,,,,,+16-24 to Strength and Intelligence,,,,,,,,
Amulets,Citrine Amulet,20,NMRU,1,1,,,,defa,,,,,,,,,,,+16-24 to Strength and Dexterity,,,,,,,,
Amulets,Turquoise Amulet,20,NMRU,1,1,,,,defa,,,,,,,,,,,+16-24 to Dexterity and Intelligence,,,,,,,,
Amulets,Onyx Amulet,25,NMRU,1,1,,,,defa,,,,,,,,,,,+10-16 to all Attributes,,,,,,,,
Amulets,Marble Amulet,74,NMRU,1,1,,,,defa,,,,,,,,,,,Regenerate 1.2-1.6% of Life per second,,,,,,,,
Amulets,Blue Pearl Amulet,77,NMRU,1,1,,,,defa,,,,,,,,,,,48-56% increased Mana Regeneration Rate,,,,,,,,
Amulets,Unset Amulet,45,U,1,1,,,,nonDrop,,,,,,,,,,,Has 1 Socket,,,,,,,,
Belts,Chain Belt,2,NMRU,1,2,,,,defa,,,,,,,,,,,+9-20 to maximum Energy Shield,,,,,,,,
Belts,Rustic Sash,2,NMRU,1,2,,,,defa,,,,,,,,,,,12-24% increased Global Physical Damage,,,,,,,,
Belts,Heavy Belt,10,NMRU,1,2,,,,defa,,,,,,,,,,,+25-35 to Strength,,,,,,,,
Belts,Leather Belt,10,NMRU,1,2,,,,defa,,,,,,,,,,,+25-40 to maximum Life,,,,,,,,
Belts,Cloth Belt,20,NMRU,1,2,,,,defa,,,,,,,,,,,15-25% increased Stun and Block Recovery,,,,,,,,
Belts,Studded Belt,20,NMRU,1,2,,,,defa,,,,,,,,,,,20-30% increased Stun Duration on Enemies,,,,,,,,
Belts,Vanguard Belt,73,NMRU,1,2,,,,defa,,,,,,,,,,,+260-320 to Armour and Evasion Rating,,,,,,,,
Belts,Crystal Belt,73,NMRU,1,2,,,,defa,,,,,,,,,,,+60-80 to maximum Energy Shield,,,,,,,,
Quivers,Serrated Arrow Quiver,4,NMRU,3,2,,,,defa,,,,,,,,,,,Adds 1 to 4 Physical Damage to Attacks,,,,,,,,
Quivers,Two-Point Arrow Quiver,36,NMRU,3,2,,,,defa,,,,,,,,,,,20-30% increased Global Accuracy Rating,,,,,,,,
Quivers,Sharktooth Arrow Quiver,14,NMRU,3,2,,,,defa,,,,,,,,,,,Gain 6-8 Life per Enemy Hit with Attacks,,,,,,,,
Quivers,Blunt Arrow Quiver,31,NMRU,3,2,,,,defa,,,,,,,,,,,Adds 7-9 to 13-16 Physical Damage to Attacks,,,,,,,,
Quivers,Fire Arrow Quiver,9,NMR,3,2,,,,defa,,,,,,,,,,,Adds 3 to 5 Fire Damage to Attacks,,,,,,,,
Quivers,Broadhead Arrow Quiver,49,NMRU,3,2,,,,defa,,,,,,,,,,,8-10% increased Attack Speed,,,,,,,,
Quivers,Penetrating Arrow Quiver,25,NMRU,3,2,,,,defa,,,,,,,,,,,Arrows Pierce an additional Target,,,,,,,,
Quivers,Spike-Point Arrow Quiver,40,NMRU,3,2,,,,defa,,,,,,,,,,,20-30% increased Critical Strike Chance with Bows,,,,,,,,
Quivers,Ornate Quiver,45,U,3,2,,,,nonDrop,,,,,,,,,,,Has 1 Socket,,,,,,,,
Rings,Breach Ring,1,R,1,1,,,True,disa,,,,,,,,,,,Properties are doubled while in a Breach,,,,,,,,
Rings,Coral Ring,4,NMRU,1,1,,,,defa,,,,,,,,,,,+20-30 to maximum Life,,,,,,,,
Rings,Iron Ring,2,NMRU,1,1,,,,defa,,,,,,,,,,,Adds 1 to 4 Physical Damage to Attacks,,,,,,,,
Rings,Paua Ring,5,NMRU,1,1,,,,defa,,,,,,,,,,,+20-30 to maximum Mana,,,,,,,,
Rings,Unset Ring,45,NMRU,1,1,1,,,defa,,,,,,,,,,,Has 1 Socket,,,,,,,,
Rings,Sapphire Ring,8,NMRU,1,1,,,,defa,,,,,,,,,,,+20-30% to Cold Resistance,,,,,,,,
Rings,Topaz Ring,12,NMRU,1,1,,,,defa,,,,,,,,,,,+20-30% to Lightning Resistance,,,,,,,,
Rings,Ruby Ring,16,NMRU,1,1,,,,defa,,,,,,,,,,,+20-30% to Fire Resistance,,,,,,,,
Rings,Diamond Ring,25,NMRU,1,1,,,,defa,,,,,,,,,,,20-30% increased Global Critical Strike Chance,,,,,,,,
Rings,Gold Ring,20,NMRU,1,1,,,,defa,,,,,,,,,,,6-15% increased Rarity of Items found,,,,,,,,
Rings,Moonstone Ring,25,NMRU,1,1,,,,defa,,,,,,,,,,,7-10% increased Cast Speed,,,,,,,,
Rings,Two-Stone Ring,20,NMRU,1,1,,,,defa,,,,,,,,,,,+12-16% to Fire and Cold Resistances,,,,,,,,
Rings,Amethyst Ring,38,NMRU,1,1,,,,defa,,,,,,,,,,,+17-23% to Chaos Resistance,,,,,,,,
Rings,Prismatic Ring,30,NMRU,1,1,,,,defa,,,,,,,,,,,+8-10% to all Elemental Resistances,,,,,,,,
Rings,Opal Ring,78,NMRU,1,1,,,,defa,,,,,,,,,,,15-25% increased Elemental Damage,,,,,,,,
Rings,Steel Ring,78,NMRU,1,1,,,,defa,,,,,,,,,,,Adds 3-4 to 10-14 Physical Damage to Attacks,,,,,,,,
Rings,Vermillion Ring,80,NMR,1,1,,,,defa,,,,,,,,,,,5-7% increased maximum Life,,,,,,,,
Rings,Cerulean Ring,80,NMR,1,1,,,,defa,,,,,,,,,,,8-10% increased maximum Mana,,,,,,,,
Rings,Bone Ring,30,NMR,1,1,,,,defa,,,,,,,,,,,Minions have +10-15% to all Elemental Resistances,,,,,,,,
Rings,Dusk Ring,25,NMR,1,1,,,,kalan,,,,,,,,,,,Left ring slot: 15% reduced Skill Effect Duration\nRight ring slot: 15% increased Skill Effect Duration,,,,,,,,
Rings,Penumbra Ring,25,NMR,1,1,,,,kalan,,,,,,,,,,,Left ring slot: 30% reduced Effect of Curses on you\nRight ring slot: 30% increased Effect of Curses on you,,,,,,,,
Rings,Gloam Ring,25,NMR,1,1,,,,kalan,,,,,,,,,,,Left ring slot: Minions take 15% reduced Damage\nRight ring slot: Minions take 15% increased Damage,,,,,,,,
Rings,Tenebrous Ring,25,NMR,1,1,,,,kalan,,,,,,,,,,,Left ring slot: 30% reduced Duration of Ailments on You\nRight ring slot: 30% increased Duration of Ailments on You,,,,,,,,
Rings,Shadowed Ring,25,NMR,1,1,,,,kalan,,,,,,,,,,,,,,,,,,,
Rings,Ring,1,U,1,1,,,,nonDrop,,,,,,,,,,,,,,,,,,,
Rings,Nameless Ring,68,NMR,1,1,,,,kalgu,,,,,,,,,,,50% reduced Effect of Curses on you\n50% increased Elemental Ailment Duration on you,,,,,,,,
Jewels,Cobalt Jewel,20,NMRU,1,1,,,,defa,,,,,,,,,,,,,,,,,,,
Jewels,Crimson Jewel,20,NMRU,1,1,,,,defa,,,,,,,,,,,,,,,,,,,
Jewels,Viridian Jewel,20,NMRU,1,1,,,,defa,,,,,,,,,,,,,,,,,,,
Jewels,Prismatic Jewel,1,U,1,1,,,,nonDrop,,1,,,,,,,,,,,,,,,,,
Amulets,Seaglass Amulet,74,NMR,1,1,,,,defa,,,,,,,,,,,10-15% faster start of Energy Shield Recharge,,,,,,,,
Body Armours,Grasping Mail,70,NMR,3,2,6,0,,nonDrop,,,60,60,60,,,,,,,,217,250,217,250,44,51,
Boots,Fugitive Boots,70,NMR,2,2,4,0,,defa,,,,56,76,,,,,,+13-17% to Chaos Resistance,,,,112,129,32,37,
Gloves,Apothecary's Gloves,70,NMR,2,2,4,0,,defa,,,46,,59,,,,,,14-18% increased Damage over Time,,108,124,,,29,33,
Quivers,Artillery Quiver,74,NMR,3,2,,,,defa,,,,,,,,,,,20-30% increased Totem Placement speed,,,,,,,,
Rings,Iolite Ring,78,NMR,1,1,,,,defa,,,,,,,,,,,17-23% increased Chaos Damage,,,,,,,,
Amulets,Ruby Amulet,50,U,1,1,,,,nonDrop,,,,,,,,,,,+20-30% to Fire Resistance,,,,,,,,
Divination Cards,House of Mirrors,80,,1,1,,,,defa,,1,,,,,,,,,<currencyitem>{Mirror of Kalandra},9,,,,,,,
Divination Cards,The Doctor,75,,1,1,,,,defa,,1,,,,,,,,,<uniqueitem>{Headhunter},8,,,,,,,
Divination Cards,The Fiend,75,,1,1,,,,defa,,1,,,,,,,,,<uniqueitem>{Headhunter}\n<corrupted>{Corrupted},11,,,,,,,
Divination Cards,Hunter's Reward,30,,1,1,,,,defa,,1,,,,,,,,,<uniqueitem>{The Taming},3,,,,,,,
Divination Cards,The Dragon's Heart,75,,1,1,,,,defa,,1,,,,,,,,,<gemitem>{Level 4 Empower}\n<corrupted>{Corrupted},11,,,,,,,
Divination Cards,Mawr Blaidd,82,,1,1,,,,defa,,1,,,,,,,,,<uniqueitem>{Eyes of the Greatwolf},16,,,,,,,
Divination Cards,The Last One Standing,80,,1,1,,,,defa,,1,,,,,,,,,<uniqueitem>{Atziri's Disfavour},10,,,,,,,
Divination Cards,The Offering,47,,1,1,,,,defa,,1,,,,,,,,,<uniqueitem>{Shavronne's Wrappings},8,,,,,,,
Divination Cards,The Ethereal,68,,1,1,,,,defa,,1,,,,,,,,,<whiteitem>{Six-Link Vaal Regalia},7,,,,,,,
Divination Cards,The Queen,80,,1,1,,,,defa,,1,,,,,,,,,<uniqueitem>{Atziri's Acuity},16,,,,,,,
Divination Cards,Abandoned Wealth,35,,1,1,,,,defa,,1,,,,,,,,,<currencyitem>{3x Exalted Orb},5,,,,,,,
Divination Cards,The Formless Sea,64,,1,1,,,,defa,,1,,,,,,,,,<uniqueitem>{Varunastra},7,,,,,,,
Divination Cards,The Brittle Emperor,70,,1,1,,,,defa,,1,,,,,,,,,<uniqueitem>{Voll's Devotion}\n<corrupted>{Corrupted},8,,,,,,,
Divination Cards,The Immortal,35,,1,1,,,,defa,,1,,,,,,,,,<divination>{House of Mirrors},10,,,,,,,
Divination Cards,The Artist,75,,1,1,,,,defa,,1,,,,,,,,,<gemitem>{Level 4 Enhance}\n<corrupted>{Corrupted},11,,,,,,,
Divination Cards,The Thaumaturgist,68,,1,1,,,,defa,,1,,,,,,,,,<uniqueitem>{Shavronne's Revelation}\n<corrupted>{Corrupted},8,,,,,,,
Divination Cards,Wealth and Power,75,,1,1,,,,defa,,1,,,,,,,,,<gemitem>{Level 4 Enlighten}\n<corrupted>{Corrupted},11,,,,,,,
Divination Cards,The Demoness,72,,1,1,,,,defa,,1,,,,,,,,,<uniqueitem>{Death's Hand},5,,,,,,,
Divination Cards,Pride Before the Fall,68,,1,1,,,,defa,,1,,,,,,,,,<uniqueitem>{Kaom's Heart}\n<corrupted>{Corrupted},8,,,,,,,
Divination Cards,The Enlightened,68,,1,1,,,,defa,,1,,,,,,,,,<gemitem>{Level 3 Enlighten},6,,,,,,,
Divination Cards,Heterochromia,23,,1,1,,,,defa,,1,,,,,,,,,<uniqueitem>{Two-Stone Ring},2,,,,,,,
Divination Cards,The King's Heart,68,,1,1,,,,defa,,1,,,,,,,,,<uniqueitem>{Kaom's Heart},8,,,,,,,
Divination Cards,Bowyer's Dream,81,,1,1,,,,defa,,1,,,,,,,,,<whiteitem>{Six-Link Harbinger Bow}\n<default>{Item Level:} <normal>{91},6,,,,,,,
Divination Cards,The Hunger,38,,1,1,,,,defa,,1,,,,,,,,,<uniqueitem>{Taste of Hate},9,,,,,,,
Divination Cards,The Celestial Justicar,47,,1,1,,,,defa,,1,,,,,,,,,<whiteitem>{Six-Link Astral Plate},6,,,,,,,
Divination Cards,The Road to Power,81,,1,1,,,,defa,,2,,,,,,,,,<magicitem>{Runic One-Hand Weapon}\n<default>{Item Level:} <normal>{100},7,,,,,,,
Divination Cards,The Arena Champion,73,,1,1,,,,defa,,2,,,,,,,,,<whiteitem>{Map}\n<default>{Map Tier:} <normal>{12},10,,,,,,,
Divination Cards,The Gladiator,67,,1,1,,,,defa,,2,,,,,,,,,<uniqueitem>{Nightmare Bascinet},5,,,,,,,
Divination Cards,The Stormcaller,66,,1,1,,,,defa,,2,,,,,,,,,<uniqueitem>{Agnerod Staff},4,,,,,,,
Divination Cards,Glimmer of Hope,50,,1,1,,,,defa,,2,,,,,,,,,<uniqueitem>{Gold Ring},8,,,,,,,
Divination Cards,The Tyrant,81,,1,1,,,,defa,,2,,,,,,,,,<magicitem>{Merciless Weapon}\n<default>{Item Level:} <normal>{100},9,,,,,,,
Divination Cards,The Cursed King,60,,1,1,,,,defa,,2,,,,,,,,,<uniqueitem>{Rigwald's Curse},8,,,,,,,
Divination Cards,The Avenger,60,,1,1,,,,defa,,2,,,,,,,,,<uniqueitem>{Mjölner}\n<corrupted>{Corrupted},12,,,,,,,
Divination Cards,The Scavenger,62,,1,1,,,,defa,,2,,,,,,,,,<uniqueitem>{Carcass Jack},8,,,,,,,
Divination Cards,Lost Worlds,78,,1,1,,,,defa,,2,,,,,,,,,<whiteitem>{Map}\n<default>{Map Tier:} <normal>{15},8,,,,,,,
Divination Cards,The Union,23,,1,1,,,,defa,,2,,,,,,,,,<currencyitem>{10x Gemcutter's Prism},7,,,,,,,
Divination Cards,The Risk,65,,1,1,,,,defa,,2,,,,,,,,,<uniqueitem>{Ventor's Gamble},3,,,,,,,
Divination Cards,The Trial,78,,1,1,,,,defa,,2,,,,,,,,,<rareitem>{Map}\n<default>{Map Tier:} <normal>{15}\n<corrupted>{Corrupted},7,,,,,,,
Divination Cards,Scholar of the Seas,68,,1,1,,,,defa,,2,,,,,,,,,<uniqueitem>{Mao Kun},7,,,,,,,
Divination Cards,Lucky Deck,50,,1,1,,,,defa,,2,,,,,,,,,<currencyitem>{10x Stacked Deck},9,,,,,,,
Divination Cards,Humility,23,,1,1,,,,defa,,2,,,,,,,,,<uniqueitem>{Tabula Rasa},9,,,,,,,
Divination Cards,The Penitent,68,,1,1,,,,defa,,2,,,,,,,,,<uniqueitem>{Unset Ring},5,,,,,,,
Divination Cards,The Surveyor,75,,1,1,,,,defa,,2,,,,,,,,,<whiteitem>{Map}\n<default>{Map Tier:} <normal>{14},4,,,,,,,
Divination Cards,Lysah's Respite,23,,1,1,,,,defa,,2,,,,,,,,,<uniqueitem>{Agate Amulet}\n<corrupted>{Corrupted},6,,,,,,,
Divination Cards,The Inventor,23,,1,1,,,,defa,,2,,,,,,,,,<currencyitem>{10x Vaal Orb},6,,,,,,,
Divination Cards,The Watcher,69,,1,1,,,,defa,,2,,,,,,,,,<uniqueitem>{Crown of Eyes},12,,,,,,,
Divination Cards,The Soul,68,,1,1,,,,defa,,2,,,,,,,,,<uniqueitem>{Soul Taker},9,,,,,,,
Divination Cards,The Jester,81,,1,1,,,,defa,,2,,,,,,,,,<size:31>{<magicitem>{Merciless One-Hand Weapon}\n<default>{Item Level:} <normal>{100}},9,,,,,,,
Divination Cards,Vinia's Token,23,,1,1,,,,defa,,2,,,,,,,,,<currencyitem>{10x Orb of Regret},5,,,,,,,
Divination Cards,Rats,55,,1,1,,,,defa,,2,,,,,,,,,<uniqueitem>{Rat's Nest},8,,,,,,,
Divination Cards,The Wrath,23,,1,1,,,,defa,,2,,,,,,,,,<currencyitem>{10x Chaos Orb},8,,,,,,,
Divination Cards,Hope,30,,1,1,,,,defa,,2,,,,,,,,,<uniqueitem>{Prismatic Ring}\n<corrupted>{Corrupted},5,,,,,,,
Divination Cards,Treasure Hunter,68,,1,1,,,,defa,,2,,,,,,,,,<uniqueitem>{Vaults of Atziri}\n<corrupted>{Corrupted},7,,,,,,,
Divination Cards,The Explorer,58,,1,1,,,,defa,,2,,,,,,,,,<rareitem>{Map}\n<corrupted>{Corrupted},6,,,,,,,
Divination Cards,The Body,23,,1,1,,,,defa,,2,,,,,,,,,<uniqueitem>{Body Armour},4,,,,,,,
Divination Cards,The Encroaching Darkness,68,,1,1,,,,defa,,2,,,,,,,,,<uniqueitem>{Map}\n<corrupted>{Corrupted},8,,,,,,,
Divination Cards,Hubris,23,,1,1,,,,defa,,2,,,,,,,,,<uniqueitem>{Ring},5,,,,,,,
Divination Cards,Jack in the Box,23,,1,1,,,,defa,,2,,,,,,,,,<uniqueitem>{Item},4,,,,,,,
Divination Cards,The Traitor,23,,1,1,,,,defa,,2,,,,,,,,,<uniqueitem>{Wand}\n<corrupted>{Corrupted},4,,,,,,,
Divination Cards,Assassin's Favour,23,,1,1,,,,defa,,2,,,,,,,,,<uniqueitem>{Dagger},9,,,,,,,
Divination Cards,The Battle Born,23,,1,1,,,,defa,,2,,,,,,,,,<uniqueitem>{Axe},5,,,,,,,
Divination Cards,Chaotic Disposition,23,,1,1,,,,defa,,2,,,,,,,,,<currencyitem>{5x Chaos Orb},1,,,,,,,
Divination Cards,The Void,23,,1,1,,,,defa,,2,,,,,,,,,,,,,,,,,
Divination Cards,The Dapper Prodigy,81,,1,1,,,,defa,,2,,,,,,,,,<whiteitem>{Six-Link Body Armour}\n<default>{Item Level:} <normal>{100},6,,,,,,,
Divination Cards,The Vast,23,,1,1,,,,defa,,2,,,,,,,,,<uniqueitem>{Song of the Sirens},7,,,,,,,
Divination Cards,The Dark Mage,50,,1,1,,,,defa,,2,,,,,,,,,<whiteitem>{Six-Link Staff}\n<default>{Item Level:} <normal>{55},6,,,,,,,
Divination Cards,Last Hope,68,,1,1,,,,defa,,2,,,,,,,,,<whiteitem>{Mortal Hope},3,,,,,,,
Divination Cards,The Valkyrie,23,,1,1,,,,defa,,2,,,,,,,,,<uniqueitem>{Nemesis Item},8,,,,,,,
Divination Cards,The Sephirot,35,,1,1,,,,defa,,2,,,,,,,,,<currencyitem>{10x Divine Orb},11,,,,,,,
Divination Cards,Time-Lost Relic,68,,1,1,,,,defa,,2,,,,,,,,,<uniqueitem>{League-Specific Item},10,,,,,,,
Divination Cards,The Harvester,37,,1,1,,,,defa,,2,,,,,,,,,<uniqueitem>{The Harvest},11,,,,,,,
Divination Cards,The Hoarder,35,,1,1,,,,defa,,2,,,,,,,,,<currencyitem>{Exalted Orb},12,,,,,,,
Divination Cards,Emperor of Purity,60,,1,1,,,,defa,,2,,,,,,,,,<whiteitem>{Six-Link Holy Chainmail}\n<default>{Item Level:} <normal>{60},7,,,,,,,
Divination Cards,The Chains that Bind,38,,1,1,,,,defa,,2,,,,,,,,,<whiteitem>{Six-Link Body Armour},11,,,,,,,
Divination Cards,The Warlord,81,,1,1,,,,defa,,2,,,,,,,,,<whiteitem>{Six-Link Coronal Maul}\n<default>{Item Level:} <normal>{83},6,,,,,,,
Divination Cards,The Wolf,45,,1,1,,,,defa,,2,,,,,,,,,<uniqueitem>{Rigwald Item},5,,,,,,,
Divination Cards,The Fletcher,25,,1,1,,,,defa,,2,,,,,,,,,<uniqueitem>{Drillneck}\n<corrupted>{Corrupted},5,,,,,,,
Divination Cards,The Aesthete,23,,1,1,,,,defa,,2,,,,,,,,,<uniqueitem>{Shavronne Item},8,,,,,,,
Divination Cards,Earth Drinker,27,,1,1,,,,defa,,2,,,,,,,,,<uniqueitem>{Granite Flask},5,,,,,,,
Divination Cards,Lantador's Lost Love,23,,1,1,,,,defa,,3,,,,,,,,,<rareitem>{Two-Stone Ring},7,,,,,,,
Divination Cards,The Spark and the Flame,23,,1,1,,,,defa,,3,,,,,,,,,<uniqueitem>{Berek's Respite},2,,,,,,,
Divination Cards,The Polymath,23,,1,1,,,,defa,,3,,,,,,,,,<uniqueitem>{Astramentis},3,,,,,,,
Divination Cards,The Saint's Treasure,35,,1,1,,,,defa,,3,,,,,,,,,<currencyitem>{2x Exalted Orb},10,,,,,,,
Divination Cards,A Mother's Parting Gift,23,,1,1,,,,defa,,3,,,,,,,,,<uniqueitem>{Fertile Mind}\n<corrupted>{Corrupted},6,,,,,,,
Divination Cards,The Porcupine,38,,1,1,,,,defa,,3,,,,,,,,,<whiteitem>{Six-Link Short Bow}\n<default>{Item Level:} <normal>{50},6,,,,,,,
Divination Cards,The Standoff,23,,1,1,,,,defa,,3,,,,,,,,,<uniqueitem>{Rustic Sash},3,,,,,,,
Divination Cards,The Wolven King's Bite,77,,1,1,,,,defa,,3,,,,,,,,,<uniqueitem>{Rigwald's Quills},8,,,,,,,
Divination Cards,Merciless Armament,81,,1,1,,,,defa,,3,,,,,,,,,<size:31>{<magicitem>{Merciless Two-Hand Weapon}\n<default>{Item Level:} <normal>{100}},4,,,,,,,
Divination Cards,Lingering Remnants,78,,1,1,,,,defa,,3,,,,,,,,,<rareitem>{Vaal Temple Map}\n<corrupted>{Corrupted},16,,,,,,,
Divination Cards,Gemcutter's Promise,23,,1,1,,,,defa,,3,,,,,,,,,<gemitem>{Gem}\n<default>{Quality:} <augmented>{+20%},3,,,,,,,
Divination Cards,The Wind,70,,1,1,,,,defa,,3,,,,,,,,,<uniqueitem>{Windripper},7,,,,,,,
Divination Cards,The Survivalist,23,,1,1,,,,defa,,3,,,,,,,,,<currencyitem>{7x Orb of Alchemy},3,,,,,,,
Divination Cards,Atziri's Arsenal,23,,1,1,,,,defa,,3,,,,,,,,,<uniqueitem>{Weapon}\n<corrupted>{Corrupted},4,,,,,,,
Divination Cards,The Pact,57,,1,1,,,,defa,,3,,,,,,,,,<uniqueitem>{Pledge of Hands},9,,,,,,,
Divination Cards,The Conduit,69,,1,1,,,,defa,,3,,,,,,,,,<uniqueitem>{Doryani's Fist},9,,,,,,,
Divination Cards,Lucky Connections,23,,1,1,,,,defa,,3,,,,,,,,,<currencyitem>{20x Orb of Fusing},7,,,,,,,
Divination Cards,The Opulent,81,,1,1,,,,defa,,3,,,,,,,,,<rareitem>{Ring}\n<default>{Item Level:} <normal>{100},5,,,,,,,
Divination Cards,Dialla's Subjugation,23,,1,1,,,,defa,,3,,,,,,,,,<size:31>{<gemitem>{Support Gem}\n<default>{Quality:} <augmented>{+23%}\n<corrupted>{Corrupted}},7,,,,,,,
Divination Cards,The Cataclysm,72,,1,1,,,,defa,,3,,,,,,,,,<gemitem>{Level 21 Spell Gem}\n<corrupted>{Corrupted},13,,,,,,,
Divination Cards,Emperor's Luck,23,,1,1,,,,defa,,3,,,,,,,,,<currencyitem>{5x Currency},5,,,,,,,
Divination Cards,Grave Knowledge,23,,1,1,,,,defa,,3,,,,,,,,,<gemitem>{Summon Raging Spirit}\n<default>{Quality:} <augmented>{+20%},6,,,,,,,
Divination Cards,Might is Right,40,,1,1,,,,defa,,3,,,,,,,,,<uniqueitem>{Trypanon},9,,,,,,,
Divination Cards,The Wretched,23,,1,1,,,,defa,,3,,,,,,,,,<uniqueitem>{Belt},6,,,,,,,
Divination Cards,The Spoiled Prince,81,,1,1,,,,defa,,3,,,,,,,,,<magicitem>{Dictator's Prophecy Wand}\n<default>{Item Level:} <normal>{100},4,,,,,,,
Divination Cards,Gift of the Gemling Queen,70,,1,1,,,,defa,,3,,,,,,,,,<gemitem>{Level 20 Support Gem},9,,,,,,,
Divination Cards,The One With All,23,,1,1,,,,defa,,3,,,,,,,,,<uniqueitem>{Le Heup of All}\n<corrupted>{Corrupted},6,,,,,,,
Divination Cards,The Lion,23,,1,1,,,,defa,,3,,,,,,,,,<uniqueitem>{Lioneye Item},5,,,,,,,
Divination Cards,The Poet,23,,1,1,,,,defa,,3,,,,,,,,,<uniqueitem>{Blood of Corruption}\n<corrupted>{Corrupted},9,,,,,,,
Divination Cards,Tranquillity,68,,1,1,,,,defa,,3,,,,,,,,,<uniqueitem>{Voltaxic Rift},7,,,,,,,
Divination Cards,The Forsaken,23,,1,1,,,,defa,,3,,,,,,,,,<uniqueitem>{Umbilicus Immortalis},7,,,,,,,
Divination Cards,The Throne,68,,1,1,,,,defa,,3,,,,,,,,,<uniqueitem>{Kaom's Roots}\n<corrupted>{Corrupted},2,,,,,,,
Divination Cards,The Garish Power,23,,1,1,,,,defa,,3,,,,,,,,,<uniqueitem>{Jewel},4,,,,,,,
Divination Cards,The Mercenary,23,,1,1,,,,defa,,3,,,,,,,,,<uniqueitem>{Shield}\n<corrupted>{Corrupted},5,,,,,,,
Divination Cards,Hunter's Resolve,23,,1,1,,,,defa,,3,,,,,,,,,<uniqueitem>{Bow},8,,,,,,,
Divination Cards,The Rabid Rhoa,81,,1,1,,,,defa,,3,,,,,,,,,<magicitem>{Malicious Gemini Claw}\n<default>{Item Level:} <normal>{83},4,,,,,,,
Divination Cards,Blind Venture,23,,1,1,,,,defa,,3,,,,,,,,,<uniqueitem>{Ring}\n<corrupted>{Corrupted},7,,,,,,,
Divination Cards,Boundless Realms,58,,1,1,,,,defa,,3,,,,,,,,,<whiteitem>{Map},4,,,,,,,
Divination Cards,Three Faces in the Dark,23,,1,1,,,,defa,,3,,,,,,,,,<currencyitem>{3x Chaos Orb},7,,,,,,,
Divination Cards,The Wolverine,23,,1,1,,,,defa,,3,,,,,,,,,<uniqueitem>{Claw}\n<corrupted>{Corrupted},4,,,,,,,
Divination Cards,The Siren,33,,1,1,,,,defa,,3,,,,,,,,,<uniqueitem>{The Whispering Ice}\n<corrupted>{Corrupted},7,,,,,,,
Divination Cards,Coveted Possession,23,,1,1,,,,defa,,3,,,,,,,,,<currencyitem>{5x Regal Orb},9,,,,,,,
Divination Cards,Mitts,23,,1,1,,,,defa,,3,,,,,,,,,<uniqueitem>{Gloves},5,,,,,,,
Divination Cards,Birth of the Three,23,,1,1,,,,disa,,3,,,,,,,,,<uniqueitem>{The Goddess Bound},3,,,,,,,
Divination Cards,The Sigil,73,,1,1,,,,defa,,3,,,,,,,,,<magicitem>{Unassailable Amulet},3,,,,,,,
Divination Cards,The Calling,23,,1,1,,,,defa,,3,,,,,,,,,<uniqueitem>{Beyond Item},6,,,,,,,
Divination Cards,The Lover,68,,1,1,,,,defa,,3,,,,,,,,,<rareitem>{Jewellery}\n<default>{Item Level:} <normal>{79},2,,,,,,,
Divination Cards,The Fox,68,,1,1,,,,defa,,3,,,,,,,,,<gemitem>{Level 20 Gem},6,,,,,,,
Divination Cards,The Lord in Black,81,,1,1,,,,defa,,3,,,,,,,,,<magicitem>{Ring of Bameth}\n<default>{Item Level:} <normal>{83},6,,,,,,,
Divination Cards,Rain Tempter,68,,1,1,,,,defa,,3,,,,,,,,,<whiteitem>{Map}\n<default>{Map Tier:} <normal>{6},9,,,,,,,
Divination Cards,The Gentleman,23,,1,1,,,,defa,,3,,,,,,,,,<uniqueitem>{Sword}\n<corrupted>{Corrupted},4,,,,,,,
Divination Cards,The Endurance,23,,1,1,,,,defa,,3,,,,,,,,,<magicitem>{Vivid Crimson Jewel},4,,,,,,,
Divination Cards,The Hermit,23,,1,1,,,,defa,,3,,,,,,,,,<uniqueitem>{Lifesprig},9,,,,,,,
Divination Cards,Prosperity,81,,1,1,,,,defa,,3,,,,,,,,,<magicitem>{Perandus' Gold Ring},10,,,,,,,
Divination Cards,The Oath,62,,1,1,,,,defa,,3,,,,,,,,,<uniqueitem>{Death's Oath},6,,,,,,,
Divination Cards,Rain of Chaos,23,,1,1,,,,defa,,3,,,,,,,,,<currencyitem>{Chaos Orb},8,,,,,,,
Divination Cards,Dying Anguish,68,,1,1,,,,defa,,3,,,,,,,,,<gemitem>{Level 19 Transfigured Gem}\n<default>{Quality:} <augmented>{+19%},8,,,,,,,
Divination Cards,The Surgeon,75,,1,1,,,,defa,,3,,,,,,,,,<magicitem>{Surgeon's Flask},4,,,,,,,
Divination Cards,The Lich,40,,1,1,,,,defa,,3,,,,,,,,,<uniqueitem>{Midnight Bargain}\n<corrupted>{Corrupted},12,,,,,,,
Divination Cards,The King's Blade,60,,1,1,,,,defa,,3,,,,,,,,,<size:31>{<magicitem>{Bloodthirsty Eternal Sword}\n<default>{Item Level:} <normal>{66}},5,,,,,,,
Divination Cards,The Lunaris Priestess,37,,1,1,,,,defa,,3,,,,,,,,,<uniqueitem>{Sire of Shards},5,,,,,,,
Divination Cards,Struck by Lightning,75,,1,1,,,,defa,,3,,,,,,,,,<magicitem>{Electrocuting Jewellery}\n<default>{Item Level:} <normal>{76},3,,,,,,,
Divination Cards,The Gambler,23,,1,1,,,,defa,,3,,,,,,,,,<divination>{Divination Card},5,,,,,,,
Divination Cards,The Summoner,23,,1,1,,,,defa,,3,,,,,,,,,<gemitem>{Minion Gem}\n<default>{Quality:} <augmented>{+20%},6,,,,,,,
Divination Cards,The Coming Storm,60,,1,1,,,,defa,,3,,,,,,,,,<uniqueitem>{Lightning Coil},8,,,,,,,
Divination Cards,Doedre's Madness,23,,1,1,,,,defa,,3,,,,,,,,,<uniqueitem>{Doedre Item},9,,,,,,,
Divination Cards,The Pack Leader,64,,1,1,,,,defa,,3,,,,,,,,,<uniqueitem>{Alpha's Howl},6,,,,,,,
Divination Cards,The Catalyst,23,,1,1,,,,defa,,3,,,,,,,,,<currencyitem>{Vaal Orb},3,,,,,,,
Divination Cards,The Scholar,23,,1,1,,,,defa,,3,,,,,,,,,<currencyitem>{40x Scroll of Wisdom},3,,,,,,,
Divination Cards,Shard of Fate,23,,1,1,,,,defa,,3,,,,,,,,,<magicitem>{Vivid Jewel},4,,,,,,,
Divination Cards,Destined to Crumble,81,,1,1,,,,defa,,3,,,,,,,,,<rareitem>{Body Armour}\n<default>{Item Level:} <normal>{100},5,,,,,,,
Divination Cards,The Flora's Gift,60,,1,1,,,,defa,,3,,,,,,,,,<whiteitem>{Five-Link Staff}\n<default>{Item Level:} <normal>{66},5,,,,,,,
Divination Cards,The Incantation,33,,1,1,,,,defa,,3,,,,,,,,,<uniqueitem>{The Whispering Ice},4,,,,,,,
Divination Cards,The Metalsmith's Gift,30,,1,1,,,,defa,,3,,,,,,,,,<whiteitem>{Prismatic Ring},6,,,,,,,
Divination Cards,Loyalty,23,,1,1,,,,defa,,3,,,,,,,,,<currencyitem>{3x Orb of Fusing},5,,,,,,,
Divination Cards,The Sun,49,,1,1,,,,defa,,3,,,,,,,,,<uniqueitem>{Rise of the Phoenix},7,,,,,,,
Divination Cards,The Feast,56,,1,1,,,,defa,,3,,,,,,,,,<uniqueitem>{Romira's Banquet}\n<corrupted>{Corrupted},5,,,,,,,
Divination Cards,The Tower,23,,1,1,,,,defa,,3,,,,,,,,,<uniqueitem>{Staff},6,,,,,,,
Divination Cards,Call to the First Ones,23,,1,1,,,,defa,,3,,,,,,,,,<rareitem>{Talisman},5,,,,,,,
Divination Cards,The Drunken Aristocrat,23,,1,1,,,,defa,,3,,,,,,,,,<uniqueitem>{Divination Distillate},8,,,,,,,
Divination Cards,Her Mask,23,,1,1,,,,defa,,3,,,,,,,,,<whiteitem>{Sacrifice Fragment},4,,,,,,,
Divination Cards,The Warden,23,,1,1,,,,defa,,3,,,,,,,,,<rareitem>{Amulet}\n<corrupted>{Corrupted},4,,,,,,,
Divination Cards,The Gemcutter,23,,1,1,,,,defa,,3,,,,,,,,,<currencyitem>{Gemcutter's Prism},3,,,,,,,
Divination Cards,The Doppelganger,23,,1,1,,,,defa,,3,,,,,,,,,<gemitem>{Mirror Arrow}\n<default>{Quality:} <augmented>{+20%},2,,,,,,,
Divination Cards,The Wolf's Shadow,47,,1,1,,,,defa,,3,,,,,,,,,<uniqueitem>{Hyaon's Fury},3,,,,,,,
Divination Cards,Light and Truth,31,,1,1,,,,defa,,3,,,,,,,,,<uniqueitem>{Crystal Sceptre},2,,,,,,,
Divination Cards,Death,68,,1,1,,,,defa,,3,,,,,,,,,<uniqueitem>{Mon'tregul's Grasp},4,,,,,,,
Divination Cards,The Web,68,,1,1,,,,defa,,3,,,,,,,,,<magicitem>{Weapon of Crafting},8,,,,,,,
Divination Cards,Volatile Power,23,,1,1,,,,defa,,3,,,,,,,,,<gemitem>{Vaal Gem}\n<default>{Quality:} <augmented>{+20%}\n<corrupted>{Corrupted},9,,,,,,,
Divination Cards,The Twins,81,,1,1,,,,defa,,3,,,,,,,,,<magicitem>{Gemini Claw of Celebration}\n<default>{Item Level:} <normal>{83},8,,,,,,,
Divination Cards,The Visionary,71,,1,1,,,,defa,,3,,,,,,,,,<uniqueitem>{Lioneye's Vision},6,,,,,,,
Divination Cards,Audacity,69,,1,1,,,,defa,,3,,,,,,,,,<uniqueitem>{Doryani's Fist}\n<corrupted>{Corrupted},5,,,,,,,
Divination Cards,The Inoculated,73,,1,1,,,,defa,,3,,,,,,,,,<magicitem>{Seraphim's Armour},4,,,,,,,
Divination Cards,Anarchy's Price,64,,1,1,,,,defa,,3,,,,,,,,,<uniqueitem>{Voltaxic Rift}\n<corrupted>{Corrupted},13,,,,,,,
Divination Cards,The Betrayal,75,,1,1,,,,defa,,3,,,,,,,,,<uniqueitem>{Maligaro's Virtuosity},9,,,,,,,
Divination Cards,Cartographer's Delight,68,,1,1,,,,defa,,3,,,,,,,,,<normal>{Map}\n<default>{Map Tier:} <normal>{5},3,,,,,,,
Divination Cards,The Scarred Meadow,23,,1,1,,,,defa,,3,,,,,,,,,<uniqueitem>{Wake of Destruction},9,,,,,,,
Divination Cards,The Dragon,23,,1,1,,,,defa,,3,,,,,,,,,<uniqueitem>{Coruscating Elixir},4,,,,,,,
Divination Cards,Rebirth,23,,1,1,,,,defa,,3,,,,,,,,,<uniqueitem>{Charan's Sword},27,,,,,,,
Divination Cards,The Carrion Crow,23,,1,1,,,,defa,,4,,,,,,,,,<magicitem>{Life Armour},4,,,,,,,
Divination Cards,Turn the Other Cheek,23,,1,1,,,,defa,,4,,,,,,,,,<uniqueitem>{Pacifism}\n<corrupted>{Corrupted},3,,,,,,,
Divination Cards,Thunderous Skies,23,,1,1,,,,defa,,4,,,,,,,,,<uniqueitem>{Storm Cloud},5,,,,,,,
Divination Cards,The Ruthless Ceinture,23,,1,1,,,,defa,,3,,,,,,,,,<uniqueitem>{Meginord's Girdle}\n<corrupted>{Corrupted},7,,,,,,,
Divination Cards,No Traces,23,,1,1,,,,defa,,3,,,,,,,,,<currencyitem>{30x Orb of Scouring},9,,,,,,,
Divination Cards,The Realm,46,,1,1,,,,defa,,3,,,,,,,,,<gemitem>{Portal}\n<default>{Quality:} <augmented>{+1-20%},5,,,,,,,
Divination Cards,The Eye of the Dragon,23,,1,1,,,,defa,,3,,,,,,,,,<uniqueitem>{Jewel}\n<corrupted>{Corrupted},10,,,,,,,
Divination Cards,The Blazing Fire,62,,1,1,,,,defa,,3,,,,,,,,,<uniqueitem>{Chin Sol},6,,,,,,,
Divination Cards,Left to Fate,78,,1,1,,,,defa,,3,,,,,,,,,<rareitem>{Map}\n<default>{Map Tier:} <normal>{16}\n<corrupted>{Unidentified Corrupted},4,,,,,,,
Divination Cards,The Insatiable,37,,1,1,,,,defa,,3,,,,,,,,,<uniqueitem>{The Harvest}\n<corrupted>{Corrupted},3,,,,,,,
Divination Cards,The Rusted Bard,68,,1,1,,,,defa,,3,,,,,,,,,<currencyitem>{4x Tainted Mythic Orb},9,,,,,,,
Divination Cards,Forbidden Power,60,,1,1,,,,defa,,3,,,,,,,,,<uniqueitem>{Balefire}\n<corrupted>{Corrupted},4,,,,,,,
Divination Cards,The Breach,68,,1,1,,,,defa,,3,,,,,,,,,<uniqueitem>{Breach Item},4,,,,,,,
Divination Cards,The Dreamer,68,,1,1,,,,defa,,3,,,,,,,,,<uniqueitem>{Chayula Item},6,,,,,,,
Divination Cards,The World Eater,81,,1,1,,,,defa,,3,,,,,,,,,<uniqueitem>{Starforge},8,,,,,,,
Divination Cards,The Deceiver,23,,1,1,,,,defa,,3,,,,,,,,,<uniqueitem>{Belt of the Deceiver}\n<corrupted>{Corrupted},4,,,,,,,
Divination Cards,Blessing of God,81,,1,1,,,,disa,,3,,,,,,,,,<magicitem>{Elreon's Jewellery}\n<default>{Item Level:} <normal>{85},3,,,,,,,
Divination Cards,The Witch,23,,1,1,,,,defa,,3,,,,,,,,,<uniqueitem>{Kiara's Determination},8,,,,,,,
Divination Cards,Immortal Resolve,68,,1,1,,,,defa,,3,,,,,,,,,<whiteitem>{Six-Linked Body Armour}\n<default>{Influenced Item},6,,,,,,,
Divination Cards,The Jeweller's Boon,68,,1,1,,,,defa,,3,,,,,,,,,<whiteitem>{Five-Linked Body Armour}\n<default>{Influenced Item},5,,,,,,,
Divination Cards,The Darkest Dream,68,,1,1,,,,defa,,3,,,,,,,,,<uniqueitem>{Severed in Sleep}\n<corrupted>{Corrupted},6,,,,,,,
Divination Cards,The Fathomless Depths,68,,1,1,,,,defa,,3,,,,,,,,,<uniqueitem>{Lightpoacher},8,,,,,,,
Divination Cards,The Undaunted,23,,1,1,,,,defa,,3,,,,,,,,,<uniqueitem>{Nemesis Item}\n<corrupted>{Corrupted},5,,,,,,,
Divination Cards,The Admirer,75,,1,1,,,,defa,,3,,,,,,,,,<uniqueitem>{Atziri Item},9,,,,,,,
Divination Cards,The Sword King's Salute,23,,1,1,,,,defa,,3,,,,,,,,,<uniqueitem>{Daresso's Salute},7,,,,,,,
Divination Cards,The Army of Blood,28,,1,1,,,,defa,,3,,,,,,,,,<uniqueitem>{Bloodbond},6,,,,,,,
Divination Cards,The Celestial Stone,81,,1,1,,,,defa,,3,,,,,,,,,<whiteitem>{Opal Ring}\n<default>{Item Level:} <normal>{100}\n<default>{Shaper Item},10,,,,,,,
Divination Cards,Perfection,81,,1,1,,,,defa,,3,,,,,,,,,<rareitem>{Jewellery}\n<default>{Item Level:} <normal>{100}\n<default>{Shaper Item},5,,,,,,,
Divination Cards,The Dreamland,68,,1,1,,,,defa,,3,,,,,,,,,<uniqueitem>{Poorjoy's Asylum},8,,,,,,,
Divination Cards,Harmony of Souls,68,,1,1,,,,defa,,3,,,,,,,,,<currencyitem>{9x Shrieking Essence},9,,,,,,,
Divination Cards,The Samurai's Eye,81,,1,1,,,,defa,,3,,,,,,,,,<uniqueitem>{Watcher's Eye},3,,,,,,,
Divination Cards,The Hale Heart,81,,1,1,,,,defa,,3,,,,,,,,,<rareitem>{Item}\n<default>{Item Level:} <normal>{100}\n<default>{Elder Item},4,,,,,,,
Divination Cards,The Mayor,81,,1,1,,,,defa,,3,,,,,,,,,<uniqueitem>{The Light of Meaning},5,,,,,,,
Divination Cards,The Undisputed,81,,1,1,,,,defa,,3,,,,,,,,,<magicitem>{Merciless Vaal Axe}\n<default>{Item Level:} <normal>{100}\n<default>{Elder Item},8,,,,,,,
Divination Cards,The Rite of Elements,72,,1,1,,,,defa,,3,,,,,,,,,<gemitem>{Level 21 Golem Gem}\n<corrupted>{Corrupted},5,,,,,,,
Divination Cards,Three Voices,23,,1,1,,,,defa,,3,,,,,,,,,<currencyitem>{3x Essence},3,,,,,,,
Divination Cards,The Professor,68,,1,1,,,,defa,,3,,,,,,,,,<uniqueitem>{The Putrid Cloister},4,,,,,,,
Divination Cards,The Beast,35,,1,1,,,,defa,,3,,,,,,,,,<uniqueitem>{Belly of the Beast},6,,,,,,,
Divination Cards,The Innocent,23,,1,1,,,,defa,,3,,,,,,,,,<currencyitem>{40x Orb of Regret},10,,,,,,,
Divination Cards,The Wilted Rose,72,,1,1,,,,defa,,3,,,,,,,,,<gemitem>{Level 21 Aura Gem}\n<corrupted>{Corrupted},7,,,,,,,
Divination Cards,The Endless Darkness,81,,1,1,,,,defa,,3,,,,,,,,,<uniqueitem>{Voidforge},9,,,,,,,
Divination Cards,Beauty Through Death,80,,1,1,,,,defa,,3,,,,,,,,,<uniqueitem>{Atziri's Reflection},5,,,,,,,
Divination Cards,The Price of Protection,81,,1,1,,,,defa,,3,,,,,,,,,<size:28>{<rareitem>{Elder Guardian Occupied Map}\n<default>{Modifiers:} <normal>{8}\n<corrupted>{Corrupted}},5,,,,,,,
Divination Cards,Boon of the First Ones,68,,1,1,,,,defa,,3,,,,,,,,,<uniqueitem>{Bestiary Item},6,,,,,,,
Divination Cards,The Twilight Moon,68,,1,1,,,,defa,,3,,,,,,,,,<uniqueitem>{The Twilight Temple},6,,,,,,,
Divination Cards,The Cacophony,68,,1,1,,,,defa,,3,,,,,,,,,<currencyitem>{3x Deafening Essence},8,,,,,,,
Divination Cards,The Sacrifice,81,,1,1,,,,defa,,3,,,,,,,,,<whiteitem>{Six-Link Sacrificial Garb}\n<default>{Item Level:} <normal>{100},4,,,,,,,
Divination Cards,A Dab of Ink,23,,1,1,,,,defa,,3,,,,,,,,,<uniqueitem>{The Poet's Pen},9,,,,,,,
Divination Cards,The Nurse,75,,1,1,,,,defa,,3,,,,,,,,,<divination>{The Doctor},8,,,,,,,
Divination Cards,The Master Artisan,23,,1,1,,,,defa,,3,,,,,,,,,<currencyitem>{20x Quality Currency},5,,,,,,,
Divination Cards,The Life Thief,68,,1,1,,,,defa,,3,,,,,,,,,<uniqueitem>{Zerphi's Heart},6,,,,,,,
Divination Cards,The Seeker,35,,1,1,,,,defa,,3,,,,,,,,,<currencyitem>{3x Orb of Annulment},9,,,,,,,
Divination Cards,The Mad King,81,,1,1,,,,defa,,3,,,,,,,,,<uniqueitem>{Vaal Aspect},7,,,,,,,
Divination Cards,Boon of Justice,73,,1,1,,,,defa,,3,,,,,,,,,<whiteitem>{Offering to the Goddess},6,,,,,,,
Divination Cards,Arrogance of the Vaal,54,,1,1,,,,defa,,3,,,,,,,,,<uniqueitem>{Item}\n <corrupted>{Two-Implicit}\n <corrupted>{Corrupted},8,,,,,,,
Divination Cards,Seven Years Bad Luck,35,,1,1,,,,defa,,3,,,,,,,,,<currencyitem>{Mirror Shard},13,,,,,,,
Divination Cards,The Golden Era,81,,1,1,,,,defa,,3,,,,,,,,,<magicitem>{Flaring Eclipse Staff}\n<default>{Item Level:} <normal>{100},7,,,,,,,
Divination Cards,Dark Temptation,59,,1,1,,,,defa,,3,,,,,,,,,<uniqueitem>{Obliteration},5,,,,,,,
Divination Cards,Alone in the Darkness,34,,1,1,,,,defa,,3,,,,,,,,,<uniqueitem>{Delve Item},5,,,,,,,
Divination Cards,Sambodhi's Vow,68,,1,1,,,,defa,,3,,,,,,,,,<whiteitem>{Mortal Fragment},3,,,,,,,
Divination Cards,The Lord of Celebration,77,,1,1,,,,defa,,3,,,,,,,,,<magicitem>{Sceptre of Celebration}\n<default>{Shaper Item},4,,,,,,,
Divination Cards,Vanity,23,,1,1,,,,defa,,3,,,,,,,,,<uniqueitem>{Tabula Rasa}\n<corrupted>{Corrupted},9,,,,,,,
Divination Cards,Imperial Legacy,81,,1,1,,,,defa,,3,,,,,,,,,<whiteitem>{Six-Link Imperial Bow}\n<default>{Item Level:} <normal>{100},22,,,,,,,
Divination Cards,Burning Blood,81,,1,1,,,,defa,,3,,,,,,,,,<uniqueitem>{Xoph's Blood}\n<corrupted>{Corrupted},6,,,,,,,
Divination Cards,The Primordial,80,,1,1,,,,defa,,3,,,,,,,,,<uniqueitem>{Jewel}\n<magicitem>{Primordial},5,,,,,,,
Divination Cards,Echoes of Love,54,,1,1,,,,defa,,3,,,,,,,,,<uniqueitem>{Fidelitas' Spike}\n <corrupted>{Two-Implicit}\n <corrupted>{Corrupted},3,,,,,,,
Divination Cards,Thirst for Knowledge,48,,1,1,,,,defa,,3,,,,,,,,,<uniqueitem>{Gluttony},5,,,,,,,
Divination Cards,Alluring Bounty,35,,1,1,,,,defa,,3,,,,,,,,,<currencyitem>{10x Exalted Orb},7,,,,,,,
Divination Cards,The Fool,23,,1,1,,,,defa,,3,,,,,,,,,<currencyitem>{20x Orb of Chance},4,,,,,,,
Divination Cards,Pride of the First Ones,80,,1,1,,,,defa,,3,,,,,,,,,<uniqueitem>{Farrul's Fur},7,,,,,,,
Divination Cards,The Deep Ones,65,,1,1,,,,defa,,3,,,,,,,,,<uniqueitem>{Tidebreaker},5,,,,,,,
Divination Cards,The Archmage's Right Hand,81,,1,1,,,,defa,,3,,,,,,,,,<magicitem>{Glyphic Prophecy Wand}\n<default>{Item Level:} <normal>{100},7,,,,,,,
Divination Cards,Dark Dreams,73,,1,1,,,,defa,,3,,,,,,,,,<rareitem>{Bone Helmet}\n<default>{Elder Item},4,,,,,,,
Divination Cards,Buried Treasure,68,,1,1,,,,defa,,3,,,,,,,,,<whiteitem>{Sulphite Scarab},3,,,,,,,
Divination Cards,Demigod's Wager,35,,1,1,,,,defa,,3,,,,,,,,,<currencyitem>{Orb of Annulment},7,,,,,,,
Divination Cards,The Old Man,54,,1,1,,,,defa,,3,,,,,,,,,<rareitem>{Fishing Rod}\n<corrupted>{Two-Implicit}\n<corrupted>{Corrupted},12,,,,,,,
Divination Cards,Nook's Crown,81,,1,1,,,,defa,,3,,,,,,,,,<rareitem>{Bone Helmet}\n<default>{Item Level:} <normal>{100}\n<default>{Elder Item},4,,,,,,,
Divination Cards,The Price of Loyalty,68,,1,1,,,,defa,,3,,,,,,,,,<uniqueitem>{Skin of the Loyal}\n<size:26>{<default>{Item Level:} <normal>{25}\n<corrupted>{Two-Implicit}\n<corrupted>{Corrupted}},4,,,,,,,
Divination Cards,The Heroic Shot,23,,1,1,,,,defa,,3,,,,,,,,,<currencyitem>{17x Chromatic Orb},1,,,,,,,
Divination Cards,Remembrance,68,,1,1,,,,defa,,3,,,,,,,,,<uniqueitem>{Precursor's Emblem}\n<corrupted>{Corrupted},8,,,,,,,
Divination Cards,More is Never Enough,68,,1,1,,,,defa,,3,,,,,,,,,<whiteitem>{4x Scarab},7,,,,,,,
Divination Cards,Vile Power,23,,1,1,,,,defa,,3,,,,,,,,,<uniqueitem>{Doomfletch},5,,,,,,,
Divination Cards,Azyran's Reward,80,,1,1,,,,defa,,3,,,,,,,,,<uniqueitem>{Prismatic Jewel}\n<corrupted>{Corrupted},9,,,,,,,
Divination Cards,The Skeleton,23,,1,1,,,,defa,,3,,,,,,,,,<gemitem>{Level 1 Summon Skeletons}\n<default>{Quality:} <augmented>{+23%}\n<corrupted>{Corrupted},6,,,,,,,
Divination Cards,The Demon,75,,1,1,,,,defa,,3,,,,,,,,,<uniqueitem>{Headhunter}\n<corrupted>{Two-Implicit}\n<corrupted>{Corrupted},10,,,,,,,
Divination Cards,Akil's Prophecy,70,,1,1,,,,defa,,3,,,,,,,,,<uniqueitem>{Elegant Round Shield}\n<corrupted>{Two-Implicit}\n<corrupted>{Corrupted},3,,,,,,,
Divination Cards,The Damned,68,,1,1,,,,defa,,3,,,,,,,,,<uniqueitem>{Soul Ripper},6,,,,,,,
Divination Cards,Void of the Elements,81,,1,1,,,,defa,,3,,,,,,,,,<magicitem>{Overpowering Opal Ring}\n<default>{Item Level:} <normal>{100}\n<default>{Elder Item},3,,,,,,,
Divination Cards,The Deal,68,,1,1,,,,defa,,3,,,,,,,,,<whiteitem>{Cartography Scarab},5,,,,,,,
Divination Cards,The Wolf's Legacy,68,,1,1,,,,defa,,3,,,,,,,,,<uniqueitem>{Vaults of Atziri},4,,,,,,,
Divination Cards,The Mountain,23,,1,1,,,,defa,,3,,,,,,,,,<magicitem>{Jewel of Potency},6,,,,,,,
Divination Cards,Baited Expectations,23,,1,1,,,,defa,,3,,,,,,,,,<uniqueitem>{Fishing Item},8,,,,,,,
Divination Cards,Succor of the Sinless,81,,1,1,,,,defa,,3,,,,,,,,,<uniqueitem>{Bottled Faith},6,,,,,,,
Divination Cards,The Escape,75,,1,1,,,,defa,,3,,,,,,,,,<uniqueitem>{Seven-League Step},5,,,,,,,
Divination Cards,Deathly Designs,72,,1,1,,,,defa,,3,,,,,,,,,<gemitem>{Level 21 Trap Gem}\n<default>{Quality:} <augmented>{+23%}\n<corrupted>{Corrupted},7,,,,,,,
Divination Cards,The Chosen,81,,1,1,,,,defa,,3,,,,,,,,,<uniqueitem>{Skin of the Lords}\n<corrupted>{Corrupted},5,,,,,,,
Divination Cards,Cameria's Cut,68,,1,1,,,,defa,,3,,,,,,,,,<whiteitem>{Scarab},2,,,,,,,
Divination Cards,Divine Justice,68,,1,1,,,,defa,,3,,,,,,,,,<uniqueitem>{Grand Spectrum}\n<corrupted>{Corrupted},1,,,,,,,
Divination Cards,The Fishmonger,23,,1,1,,,,defa,,3,,,,,,,,,<whiteitem>{Albino Rhoa Feather},4,,,,,,,
Divination Cards,The Bones,72,,1,1,,,,defa,,3,,,,,,,,,<gemitem>{Level 21 Vaal Summon Skeletons}\n<corrupted>{Corrupted},6,,,,,,,
Divination Cards,Friendship,81,,1,1,,,,defa,,3,,,,,,,,,<uniqueitem>{Aul's Uprising},3,,,,,,,
Divination Cards,The Craving,23,,1,1,,,,defa,,3,,,,,,,,,<uniqueitem>{Unending Hunger},4,,,,,,,
Divination Cards,Etched in Blood,77,,1,1,,,,defa,,3,,,,,,,,,<uniqueitem>{Rigwald's Quills}\n<corrupted>{Two-Implicit}\n<corrupted>{Corrupted},9,,,,,,,
Divination Cards,Squandered Prosperity,81,,1,1,,,,defa,,3,,,,,,,,,<uniqueitem>{The Light of Meaning}\n<corrupted>{Corrupted},5,,,,,,,
Divination Cards,The Strategist,50,,1,1,,,,defa,,3,,,,,,,,,<uniqueitem>{Inspired Learning}\n<corrupted>{Corrupted},6,,,,,,,
Divination Cards,The Tinkerer's Table,33,,1,1,,,,defa,,3,,,,,,,,,<currencyitem>{5x Fossil},5,,,,,,,
Divination Cards,The Easy Stroll,78,,1,1,,,,defa,,3,,,,,,,,,<rareitem>{Map}\n<default>{Map Tier:} <normal>{15}\n<default>{Modifiers:} <normal>{8}\n<corrupted>{Corrupted},2,,,,,,,
Divination Cards,The Progeny of Lunaris,81,,1,1,,,,defa,,3,,,,,,,,,<uniqueitem>{Dying Sun},2,,,,,,,
Divination Cards,The Eldritch Decay,81,,1,1,,,,defa,,3,,,,,,,,,<whiteitem>{Uber Elder Fragment},4,,,,,,,
Divination Cards,Council of Cats,80,,1,1,,,,defa,,3,,,,,,,,,<uniqueitem>{Farrul Item},4,,,,,,,
Divination Cards,The Tumbleweed,81,,1,1,,,,defa,,3,,,,,,,,,<size:30>{<magicitem>{Diamond Ring of Redemption}\n<default>{Item Level:} <normal>{100}\n<default>{Redeemer Item}},2,,,,,,,
Divination Cards,The Hive of Knowledge,67,,1,1,,,,defa,,3,,,,,,,,,<uniqueitem>{Machina Mitts}\n<corrupted>{Two-Implicit}\n<corrupted>{Corrupted},6,,,,,,,
Divination Cards,Gift of Asenath,75,,1,1,,,,defa,,3,,,,,,,,,<uniqueitem>{Asenath's Gentle Touch}\n<corrupted>{Two-Implicit}\n<corrupted>{Corrupted},5,,,,,,,
Divination Cards,A Note in the Wind,23,,1,1,,,,defa,,3,,,,,,,,,<uniqueitem>{Asenath's Mark},4,,,,,,,
Divination Cards,The Greatest Intentions,81,,1,1,,,,defa,,3,,,,,,,,,<uniqueitem>{The Saviour}\n<corrupted>{Two-Implicit}\n<corrupted>{Corrupted},10,,,,,,,
Divination Cards,The White Knight,81,,1,1,,,,defa,,3,,,,,,,,,<whiteitem>{Six-Link Astral Plate}\n<default>{Item Level:} <normal>{100}\n<default>{Crusader Item},8,,,,,,,
Divination Cards,Prometheus' Armoury,81,,1,1,,,,defa,,3,,,,,,,,,<rareitem>{One-Hand Weapon}\n<default>{Item Level:} <normal>{100}\n<default>{Double-Influenced Item},6,,,,,,,
Divination Cards,The Sustenance,54,,1,1,,,,disa,,3,,,,,,,,,Disabled,3,,,,,,,
Divination Cards,Peaceful Moments,68,,1,1,,,,defa,,3,,,,,,,,,<uniqueitem>{Timeless Jewel},5,,,,,,,
Divination Cards,The Awakened,81,,1,1,,,,defa,,3,,,,,,,,,<rareitem>{Jewellery}\n<default>{Item Level:} <normal>{86}\n<default>{Double-Influenced Item},6,,,,,,,
Divination Cards,A Familiar Call,81,,1,1,,,,defa,,3,,,,,,,,,<magicitem>{Jewellery of Farrul}\n<default>{Item Level:} <normal>{100}\n<default>{Shaper + Hunter Item},3,,,,,,,
Divination Cards,The Long Con,81,,1,1,,,,defa,,3,,,,,,,,,<currencyitem>{Elderslayer's Exalted Orb},4,,,,,,,
Divination Cards,The Gulf,81,,1,1,,,,defa,,3,,,,,,,,,<uniqueitem>{Thread of Hope}\n<corrupted>{Two-Implicit}\n<corrupted>{Corrupted},5,,,,,,,
Divination Cards,The Bitter Blossom,72,,1,1,,,,defa,,3,,,,,,,,,<gemitem>{Level 21 Chaos Gem}\n<default>{Quality:} <augmented>{+23%}\n<corrupted>{Corrupted},3,,,,,,,
Divination Cards,Triskaidekaphobia,78,,1,1,,,,defa,,3,,,,,,,,,<size:26>{<rareitem>{Map}}\n<size:26>{<default>{Map Tier:} <normal>{13}\n<default>{Delirium:} <normal>{100%}\n<default>{Modifiers:} <normal>{8}\n<corrupted>{Corrupted}},13,,,,,,,
Divination Cards,Unrequited Love,35,,1,1,,,,defa,,3,,,,,,,,,<currencyitem>{19x Mirror Shard},16,,,,,,,
Divination Cards,The Cache,23,,1,1,,,,defa,,3,,,,,,,,,<uniqueitem>{Jewellery},6,,,,,,,
Divination Cards,The Academic,50,,1,1,,,,defa,,3,,,,,,,,,<uniqueitem>{Inspired Learning},8,,,,,,,
Divination Cards,Brother's Stash,35,,1,1,,,,defa,,1,,,,,,,,,<currencyitem>{5x Exalted Orb},1,,,,,,,
Divination Cards,Unchained,54,,1,1,,,,defa,,3,,,,,,,,,<uniqueitem>{Facebreaker}\n<corrupted>{Two-Implicit}\n<corrupted>{Corrupted},4,,,,,,,
Divination Cards,The Unexpected Prize,23,,1,1,,,,defa,,3,,,,,,,,,<size:29>{<uniqueitem>{Attribute Transforming Jewel}}\n<size:29>{<corrupted>{Corrupted}},2,,,,,,,
Divination Cards,Cursed Words,68,,1,1,,,,defa,,3,,,,,,,,,<uniqueitem>{Maw of Mischief},13,,,,,,,
Divination Cards,The Journalist,68,,1,1,,,,defa,,3,,,,,,,,,<rareitem>{Helmet}\n<default>{Double-Veiled Item},10,,,,,,,
Divination Cards,Fateful Meeting,81,,1,1,,,,defa,,3,,,,,,,,,<uniqueitem>{League-Specific Item}\n<default>{Double-Influenced Item}\n<default>{Item Level:} <normal>{97}\n<corrupted>{Two-Implicit}\n<corrupted>{Corrupted},9,,,,,,,
Divination Cards,Acclimatisation,23,,1,1,,,,defa,,3,,,,,,,,,<currencyitem>{20x Orb of Alteration},2,,,,,,,
Divination Cards,Haunting Shadows,68,,1,1,,,,defa,,3,,,,,,,,,<uniqueitem>{Metamorph Item},4,,,,,,,
Divination Cards,The Whiteout,68,,1,1,,,,defa,,3,,,,,,,,,<uniqueitem>{Cospri's Malice},8,,,,,,,
Divination Cards,Society's Remorse,23,,1,1,,,,defa,,3,,,,,,,,,<currencyitem>{10x Orb of Alteration},1,,,,,,,
Divination Cards,Dying Light,81,,1,1,,,,defa,,3,,,,,,,,,<rareitem>{Diamond Ring}\n<default>{Item Level:} <normal>{100}\n<default>{Shaper + Elder Item},10,,,,,,,
Divination Cards,The Astromancer,81,,1,1,,,,defa,,3,,,,,,,,,<size:27>{<uniqueitem>{The Eternity Shroud}\n<corrupted>{Two-Implicit}\n<corrupted>{Corrupted}},7,,,,,,,
Divination Cards,Keeper's Corruption,81,,1,1,,,,defa,,3,,,,,,,,,<magicitem>{Eldritch Bone Helmet (Concentrated Effect)}\n<default>{Item Level:} <normal>{89}\n<default>{Elder Item},7,,,,,,,
Divination Cards,Reckless Ambition,54,,1,1,,,,defa,,3,,,,,,,,,<uniqueitem>{Omeyocan},6,,,,,,,
Divination Cards,Love Through Ice,54,,1,1,,,,defa,,3,,,,,,,,,<uniqueitem>{Unnatural Instinct}\n<corrupted>{Two-Implicit}\n<corrupted>{Corrupted},4,,,,,,,
Divination Cards,Draped in Dreams,81,,1,1,,,,defa,,3,,,,,,,,,<whiteitem>{Six-Link Astral Plate}\n<default>{Item Level:} <normal>{100}\n<default>{Influenced Item},5,,,,,,,
Divination Cards,The Patient,68,,1,1,,,,defa,,3,,,,,,,,,<divination>{The Nurse},8,,,,,,,
Divination Cards,The Long Watch,68,,1,1,,,,defa,,3,,,,,,,,,<uniqueitem>{The Fourth Vow},3,,,,,,,
Divination Cards,The Bear Woman,81,,1,1,,,,defa,,3,,,,,,,,,<magicitem>{Fecund Ursine Pelt}\n<default>{Warlord Item},6,,,,,,,
Divination Cards,Brotherhood in Exile,68,,1,1,,,,defa,,3,,,,,,,,,<uniqueitem>{One With Nothing}\n<corrupted>{Corrupted},5,,,,,,,
Divination Cards,Winter's Embrace,81,,1,1,,,,defa,,3,,,,,,,,,<uniqueitem>{Circle of Fear}\n<enchanted>{Three-Implicit}\n<enchanted>{Synthesised},2,,,,,,,
Divination Cards,Sambodhi's Wisdom,58,,1,1,,,,defa,,3,,,,,,,,,<uniqueitem>{Tabula Rasa}\n<corrupted>{Two-Implicit}\n<corrupted>{Corrupted},3,,,,,,,
Divination Cards,The Enthusiasts,54,,1,1,,,,defa,,3,,,,,,,,,<uniqueitem>{Victario's Influence}\n<corrupted>{Two-Implicit}\n<corrupted>{Corrupted},3,,,,,,,
Divination Cards,Broken Promises,81,,1,1,,,,defa,,3,,,,,,,,,Disabled,2,,,,,,,
Divination Cards,"Brush, Paint and Palette",68,,1,1,,,,defa,,3,,,,,,,,,<divination>{The Artist},5,,,,,,,
Divination Cards,Deadly Joy,81,,1,1,,,,defa,,3,,,,,,,,,<uniqueitem>{Torrent's Reclamation}\n<corrupted>{Two-Implicit}\n<corrupted>{Corrupted},6,,,,,,,
Divination Cards,The Adventuring Spirit,52,,1,1,,,,defa,,3,,,,,,,,,<uniqueitem>{Victario's Influence},6,,,,,,,
Divination Cards,The Eternal War,68,,1,1,,,,defa,,3,,,,,,,,,<uniqueitem>{Timeless Jewel}\n<corrupted>{Two-Implicit}\n<corrupted>{Corrupted},4,,,,,,,
Divination Cards,Prejudice,68,,1,1,,,,defa,,3,,,,,,,,,<uniqueitem>{Item}\n<default>{Influenced Item},7,,,,,,,
Divination Cards,The Shortcut,81,,1,1,,,,defa,,3,,,,,,,,,<magicitem>{Quicksilver Flask of the Cheetah}\n<default>{Item Level:} <normal>{100},1,,,,,,,
Divination Cards,The Card Sharp,68,,1,1,,,,defa,,3,,,,,,,,,<whiteitem>{Divination Scarab},4,,,,,,,
Divination Cards,A Modest Request,68,,1,1,,,,defa,,3,,,,,,,,,<uniqueitem>{Megalomaniac}\n<corrupted>{Corrupted},3,,,,,,,
Divination Cards,Luminous Trove,68,,1,1,,,,defa,,3,,,,,,,,,<uniqueitem>{Voices}\n<corrupted>{Corrupted},7,,,,,,,
Divination Cards,The Hook,72,,1,1,,,,defa,,3,,,,,,,,,<gemitem>{Level 21 Transfigured Gem}\n<default>{Quality:} <augmented>{+23%}\n<corrupted>{Corrupted},8,,,,,,,
Divination Cards,The Last Supper,58,,1,1,,,,defa,,3,,,,,,,,,<uniqueitem>{Bino's Kitchen Knife},6,,,,,,,
Divination Cards,A Sea of Blue,23,,1,1,,,,defa,,3,,,,,,,,,<currencyitem>{13x Orb of Alteration},3,,,,,,,
Divination Cards,The Offspring,32,,1,1,,,,defa,,3,,,,,,,,,<uniqueitem>{Ryslatha's Coil},9,,,,,,,
Divination Cards,The Price of Prescience,78,,1,1,,,,defa,,3,,,,,,,,,<rareitem>{Vaal Temple Map}\n<default>{Delirium:} <normal>{100%}\n<corrupted>{Corrupted},5,,,,,,,
Divination Cards,The Mind's Eyes,75,,1,1,,,,defa,,3,,,,,,,,,<uniqueitem>{Astral Projector},7,,,,,,,
Divination Cards,Terrible Secret of Space,72,,1,1,,,,defa,,3,,,,,,,,,<gemitem>{Level 21 Transfigured Golem Gem}\n<default>{Quality:} <augmented>{+23%}\n<corrupted>{Corrupted},8,,,,,,,
Divination Cards,The Blessing of Moosh,72,,1,1,,,,defa,,3,,,,,,,,,<gemitem>{Level 21 Transfigured Gem}\n<corrupted>{Corrupted},4,,,,,,,
Divination Cards,Costly Curio,81,,1,1,,,,defa,,3,,,,,,,,,<uniqueitem>{Item}\n<default>{Double-Influenced Item},6,,,,,,,
Divination Cards,Lachrymal Necrosis,33,,1,1,,,,defa,,3,,,,,,,,,<rareitem>{Jewel}\n<enchanted>{Implicit Modifier:} \n<magicitem>{Corrupted Blood cannot be inflicted on you}\n<corrupted>{Corrupted},3,,,,,,,
Divination Cards,Dementophobia,68,,1,1,,,,defa,,3,,,,,,,,,<currencyitem>{10x Delirium Orb},11,,,,,,,
Divination Cards,Ambitious Obsession,68,,1,1,,,,defa,,3,,,,,,,,,<currencyitem>{Skittering Delirium Orb},4,,,,,,,
Divination Cards,Desperate Crusade,68,,1,1,,,,defa,,3,,,,,,,,,<uniqueitem>{Prism Guardian},3,,,,,,,
Divination Cards,A Stone Perfected,80,,1,1,,,,defa,,3,,,,,,,,,<uniqueitem>{Jewel}\n<magicitem>{Primordial}\n<corrupted>{1-2 Implicit}\n<corrupted>{Corrupted},5,,,,,,,
Divination Cards,The Rabbit's Foot,54,,1,1,,,,defa,,3,,,,,,,,,<currencyitem>{10x Incursion Vial},8,,,,,,,
Divination Cards,Chasing Risk,81,,1,1,,,,defa,,3,,,,,,,,,<uniqueitem>{Synthesis Item},4,,,,,,,
Divination Cards,The Prince of Darkness,68,,1,1,,,,defa,,3,,,,,,,,,<uniqueitem>{Elegant Hubris},6,,,,,,,
Divination Cards,The Catch,81,,1,1,,,,defa,,3,,,,,,,,,<whiteitem>{Fishing Rod}\n<default>{Item Level:} <normal>{99},18,,,,,,,
Divination Cards,Eternal Bonds,81,,1,1,,,,defa,,3,,,,,,,,,<uniqueitem>{Replica Cortex},4,,,,,,,
Divination Cards,Disdain,68,,1,1,,,,defa,,3,,,,,,,,,<currencyitem>{Delirium Orb},5,,,,,,,
Divination Cards,The Scout,35,,1,1,,,,defa,,3,,,,,,,,,<currencyitem>{7x Exalted Orb},8,,,,,,,
Divination Cards,Guardian's Challenge,81,,1,1,,,,defa,,3,,,,,,,,,<whiteitem>{Shaper Guardian Map},4,,,,,,,
Divination Cards,The Forgotten Treasure,81,,1,1,,,,defa,,3,,,,,,,,,<uniqueitem>{Leather Belt}\n<default>{Double-Influenced Item},6,,,,,,,
Divination Cards,The Fox in the Brambles,54,,1,1,,,,defa,,3,,,,,,,,,<uniqueitem>{Bramblejack}\n<corrupted>{Two-Implicit}\n<corrupted>{Corrupted},7,,,,,,,
Divination Cards,The Aspirant,81,,1,1,,,,defa,,3,,,,,,,,,<magicitem>{Item}\n<default>{Elevated Item}\n<default>{Influenced Item},5,,,,,,,
Divination Cards,Judging Voices,81,,1,1,,,,defa,,3,,,,,,,,,<uniqueitem>{Forbidden Shako},9,,,,,,,
Divination Cards,Bijoux,81,,1,1,,,,defa,,3,,,,,,,,,<rareitem>{Cluster Jewel}\n<default>{Item Level:} <normal>{84},3,,,,,,,
Divination Cards,Silence and Frost,81,,1,1,,,,defa,,3,,,,,,,,,<uniqueitem>{The Pandemonius},7,,,,,,,
Divination Cards,Misery in Darkness,71,,1,1,,,,defa,,3,,,,,,,,,<uniqueitem>{Shroud of the Lightless},6,,,,,,,
Divination Cards,The Tireless Extractor,68,,1,1,,,,defa,,3,,,,,,,,,<currencyitem>{10x Oil},8,,,,,,,
Divination Cards,Justified Ambition,81,,1,1,,,,defa,,3,,,,,,,,,<uniqueitem>{Synthesis Map},5,,,,,,,
Divination Cards,Parasitic Passengers,81,,1,1,,,,defa,,3,,,,,,,,,Disabled,8,,,,,,,
Divination Cards,Duality,81,,1,1,,,,defa,,3,,,,,,,,,<whiteitem>{Body Armour}\n<default>{Item Level:} <normal>{100}\n<default>{Double-Influenced Item},2,,,,,,,
Divination Cards,The One That Got Away,50,,1,1,,,,defa,,3,,,,,,,,,<uniqueitem>{Replica Bated Breath},7,,,,,,,
Divination Cards,The Transformation,68,,1,1,,,,defa,,3,,,,,,,,,<currencyitem>{Tainted Mythic Orb},5,,,,,,,
Divination Cards,Magnum Opus,81,,1,1,,,,defa,,3,,,,,,,,,Disabled,5,,,,,,,
Divination Cards,Imperfect Memories,81,,1,1,,,,defa,,3,,,,,,,,,<currencyitem>{Astrolabe},5,,,,,,,
Divination Cards,The Magma Crab,72,,1,1,,,,defa,,3,,,,,,,,,<gemitem>{Level 21 Vaal Molten Shell}\n<corrupted>{Corrupted},6,,,,,,,
Divination Cards,Altered Perception,68,,1,1,,,,defa,,3,,,,,,,,,<currencyitem>{Simulacrum},3,,,,,,,
Divination Cards,Further Invention,81,,1,1,,,,defa,,3,,,,,,,,,<magicitem>{Helmet}\n<default>{Double-Influenced Item}\n<default>{Item Level:} <normal>{100},4,,,,,,,
Divination Cards,The Brawny Battle Mage,81,,1,1,,,,defa,,3,,,,,,,,,<magicitem>{Merciless Tornado Wand}\n<default>{Item Level:} <normal>{100},5,,,,,,,
Divination Cards,A Fate Worse Than Death,81,,1,1,,,,defa,,3,,,,,,,,,<uniqueitem>{Cortex}\n<corrupted>{Corrupted},4,,,,,,,
Divination Cards,The Destination,81,,1,1,,,,defa,,3,,,,,,,,,<uniqueitem>{Watcher's Eye}\n<corrupted>{Two-Implicit}\n<corrupted>{Corrupted},9,,,,,,,
Divination Cards,Rebirth and Renewal,81,,1,1,,,,defa,,3,,,,,,,,,<whiteitem>{Horned Scarab},4,,,,,,,
Divination Cards,The Forward Gaze,53,,1,1,,,,defa,,3,,,,,,,,,<uniqueitem>{Replica Item},6,,,,,,,
Divination Cards,The Apothecary,75,,1,1,,,,defa,,3,,,,,,,,,<uniqueitem>{Mageblood},5,,,,,,,
Divination Cards,Home,81,,1,1,,,,defa,,3,,,,,,,,,<gemitem>{Exceptional Support Gem}\n<default>{Quality:} <augmented>{+1-20%},3,,,,,,,
Divination Cards,The Dungeon Master,81,,1,1,,,,defa,,3,,,,,,,,,<uniqueitem>{Belt}\n<default>{Double-Influenced Item},7,,,,,,,
Divination Cards,From Bone to Ashes,55,,1,1,,,,defa,,3,,,,,,,,,<uniqueitem>{Ngamahu's Flame}\n<corrupted>{Two-Implicit}\n<corrupted>{Corrupted},8,,,,,,,
Divination Cards,Darker Half,81,,1,1,,,,defa,,3,,,,,,,,,<currencyitem>{5x Eldritch Chaos Orb},3,,,,,,,
Divination Cards,Broken Truce,62,,1,1,,,,defa,,3,,,,,,,,,<uniqueitem>{Cold Iron Point},5,,,,,,,
Divination Cards,Doryani's Epiphany,72,,1,1,,,,defa,,3,,,,,,,,,<gemitem>{Level 21 Transfigured Gem}\n<default>{Quality:} <augmented>{+20%}\n<corrupted>{Corrupted},3,,,,,,,
Divination Cards,Endless Night,68,,1,1,,,,defa,,3,,,,,,,,,<uniqueitem>{Maloney's Mechanism},7,,,,,,,
Divination Cards,The Shieldbearer,70,,1,1,,,,defa,,3,,,,,,,,,<uniqueitem>{The Squire},8,,,,,,,
Divination Cards,Choking Guilt,80,,1,1,,,,defa,,3,,,,,,,,,<uniqueitem>{Stranglegasp},6,,,,,,,
Divination Cards,The Enforcer,81,,1,1,,,,defa,,3,,,,,,,,,<magicitem>{Spiked Gloves of the Conquest (Culling Strike)}\n<default>{Item Level:} <normal>{86}\n<default>{Warlord Item},4,,,,,,,
Divination Cards,The Shepherd's Sandals,81,,1,1,,,,defa,,3,,,,,,,,,<uniqueitem>{Boots}\n<default>{Item Level:} <normal>{100}\n<corrupted>{Two-Implicit}\n<corrupted>{Corrupted},3,,,,,,,
Divination Cards,Azure Rage,81,,1,1,,,,defa,,3,,,,,,,,,<magicitem>{Punishing Map}\n<default>{Map Tier:} <normal>{16},4,,,,,,,
Divination Cards,The Leviathan,81,,1,1,,,,defa,,3,,,,,,,,,<uniqueitem>{Maven Item}\n<corrupted>{Two-Implicit}\n<corrupted>{Corrupted},7,,,,,,,
Divination Cards,The Price of Devotion,75,,1,1,,,,defa,,3,,,,,,,,,<uniqueitem>{Mageblood}\n<default>{Quality:} <augmented>{+20%}\n<corrupted>{Two-Implicit}\n<corrupted>{Corrupted},7,,,,,,,
Divination Cards,Astral Protection,68,,1,1,,,,defa,,3,,,,,,,,,<whiteitem>{Shield}\n<default>{Shaper Item},5,,,,,,,
Divination Cards,Gemcutter's Mercy,38,,1,1,,,,defa,,3,,,,,,,,,"<gemitem>{Empower, Enhance or Enlighten}",3,,,,,,,
Divination Cards,Checkmate,68,,1,1,,,,defa,,3,,,,,,,,,<currencyitem>{76x Simulacrum Splinter},8,,,,,,,
Divination Cards,Lethean Temptation,81,,1,1,,,,defa,,3,,,,,,,,,<uniqueitem>{Nebulis},6,,,,,,,
Divination Cards,Something Dark,81,,1,1,,,,defa,,3,,,,,,,,,<whiteitem>{Blueprint}\n<default>{Area Level:} <normal>{83}\n<default>{Fully Revealed},5,,,,,,,
Divination Cards,Man With Bear,68,,1,1,,,,defa,,3,,,,,,,,,<whiteitem>{Bestiary Scarab},3,,,,,,,
Divination Cards,Alivia's Grace,59,,1,1,,,,defa,,3,,,,,,,,,<uniqueitem>{Queen of the Forest},6,,,,,,,
Divination Cards,Auspicious Ambitions,81,,1,1,,,,defa,,3,,,,,,,,,<whiteitem>{Experimented Item}\n<default>{Item Level:} <normal>{100}\n<default>{Double-Influenced Item},4,,,,,,,
Divination Cards,Divine Beauty,35,,1,1,,,,defa,,3,,,,,,,,,<currencyitem>{7x Divine Orb},12,,,,,,,
Divination Cards,The Wedding Gift,53,,1,1,,,,defa,,3,,,,,,,,,<uniqueitem>{Arakaali's Fang},2,,,,,,,
Divination Cards,The Insane Cat,81,,1,1,,,,defa,,3,,,,,,,,,<uniqueitem>{Mageblood}\n<default>{Item Level:} <normal>{84}\n<corrupted>{Corrupted},9,,,,,,,
Divination Cards,Ever-Changing,68,,1,1,,,,defa,,3,,,,,,,,,<currencyitem>{10x Orb of Unmaking},3,,,,,,,
Divination Cards,A Dusty Memory,81,,1,1,,,,defa,,3,,,,,,,,,<rareitem>{Item}\n<default>{Item Level:} <normal>{100}\n<fractured>{Fractured},5,,,,,,,
Divination Cards,The Return of the Rat,55,,1,1,,,,defa,,3,,,,,,,,,<uniqueitem>{Tavukai},3,,,,,,,
Divination Cards,The Finishing Touch,61,,1,1,,,,defa,,3,,,,,,,,,<currencyitem>{1x Fertile Catalyst},2,,,,,,,
Divination Cards,Brother's Gift,35,,1,1,,,,defa,,3,,,,,,,,,<currencyitem>{5x Divine Orb},1,,,,,,,
Divination Cards,Soul Quenched,81,,1,1,,,,disa,,3,,,,,,,,,Disabled,5,,,,,,,
Divination Cards,Poisoned Faith,53,,1,1,,,,defa,,3,,,,,,,,,<uniqueitem>{Arakaali's Fang}\n<corrupted>{Corrupted},8,,,,,,,
Divination Cards,A Chilling Wind,72,,1,1,,,,defa,,3,,,,,,,,,<gemitem>{Level 21 Vaal Cold Snap}\n<default>{Quality:} <augmented>{+20%}\n<corrupted>{Corrupted},4,,,,,,,
Divination Cards,Matryoshka,81,,1,1,,,,defa,,3,,,,,,,,,<uniqueitem>{Item}\n<legiondivergent>{Vestigial}\n<default>{Item Level:} <normal>{86},8,,,,,,,
Divination Cards,Fire Of Unknown Origin,81,,1,1,,,,defa,,3,,,,,,,,,<uniqueitem>{Nimis},7,,,,,,,
Divination Cards,The Fortunate,35,,1,1,,,,defa,,3,,,,,,,,,<currencyitem>{2x Divine Orb},12,,,,,,,
Divination Cards,I See Brothers,68,,1,1,,,,defa,,3,,,,,,,,,<currencyitem>{2x Fracturing Orb},2,,,,,,,
Divination Cards,Assassin's Gift,66,,1,1,,,,defa,,3,,,,,,,,,<uniqueitem>{Divinarius}\n<corrupted>{Two-Implicit}\n<corrupted>{Corrupted},9,,,,,,,
Divination Cards,Eldritch Perfection,81,,1,1,,,,defa,,3,,,,,,,,,<whiteitem>{Item}\n<default>{Item Level:} <normal>{100}\n<enchanted>{Perfect Eldritch Implicit Modifier},4,,,,,,,
Divination Cards,Who Asked,81,,1,1,,,,defa,,3,,,,,,,,,<magicitem>{Dictator's Weapon}\n<default>{Item Level:} <normal>{83}\n<fractured>{Fractured},9,,,,,,,
Divination Cards,Father's Love,81,,1,1,,,,defa,,3,,,,,,,,,<uniqueitem>{Sublime Vision},2,,,,,,,
Divination Cards,Avian Pursuit,68,,1,1,,,,defa,,3,,,,,,,,,"<currencyitem>{1,500x Vivid Crystallised Lifeforce}",3,,,,,,,
Divination Cards,Temperance,81,,1,1,,,,defa,,3,,,,,,,,,<uniqueitem>{Relic}\n<default>{Item Level:} <normal>{83},4,,,,,,,
Divination Cards,Lonely Warrior,75,,1,1,,,,defa,,3,,,,,,,,,<uniqueitem>{Defiance of Destiny},10,,,,,,,
Divination Cards,Toxic Tidings,59,,1,1,,,,defa,,3,,,,,,,,,<uniqueitem>{Dendrobate}\n <corrupted>{Two-Implicit}\n <corrupted>{Corrupted},5,,,,,,,
Divination Cards,Monochrome,81,,1,1,,,,defa,,3,,,,,,,,,<currencyitem>{Valdo's Puzzle Box},3,,,,,,,
Divination Cards,Underground Forest,78,,1,1,,,,defa,,3,,,,,,,,,<currencyitem>{10x Grand Eldritch Ichor},4,,,,,,,
Divination Cards,Runic Luck,45,,1,1,,,,defa,,3,,,,,,,,,<currencyitem>{10x Vendor Refresh Currency},4,,,,,,,
Divination Cards,Last Stand,64,,1,1,,,,defa,,3,,,,,,,,,<uniqueitem>{The Surrender},3,,,,,,,
Divination Cards,Damnation,81,,1,1,,,,defa,,3,,,,,,,,,<uniqueitem>{The Original Scripture}\n<default>{Item Level:} <normal>{83},16,,,,,,,
Divination Cards,When Currents Blaze,78,,1,1,,,,defa,,3,,,,,,,,,<uniqueitem>{Stormfire}\n<default>{Quality:} <augmented>{+20%}\n<corrupted>{Corrupted},2,,,,,,,
Divination Cards,History,40,,1,1,,,,defa,,3,,,,,,,,,<currencyitem>{2x Hinekora's Lock},5,,,,,,,
Divination Cards,The Master,30,,1,1,,,,disa,,3,,,,,,,,,Disabled,4,,,,,,,
Divination Cards,The Last Laugh,56,,1,1,,,,defa,,3,,,,,,,,,<uniqueitem>{Replica Dragonfang's Flight}\n<corrupted>{Corrupted},5,,,,,,,
Divination Cards,The Lake,81,,1,1,,,,defa,,3,,,,,,,,,<currencyitem>{Reflecting Mist},8,,,,,,,
Divination Cards,One Last Score,81,,1,1,,,,defa,,3,,,,,,,,,<whiteitem>{Experimented Jewellery}\n<default>{Item Level:} <normal>{86},5,,,,,,,
Divination Cards,Bound by Flame,72,,1,1,,,,defa,,3,,,,,,,,,<gemitem>{Level 21 Flame Link}\n<default>{Quality:} <augmented>{+20%},2,,,,,,,
Divination Cards,Outfoxed,81,,1,1,,,,defa,,3,,,,,,,,,<currencyitem>{Veiled Exalted Orb},2,,,,,,,
Divination Cards,The Everlasting,68,,1,1,,,,defa,,3,,,,,,,,,<uniqueitem>{Originator Incarnation Item},3,,,,,,,
Divination Cards,Lucky Bastion,51,,1,1,,,,defa,,3,,,,,,,,,<uniqueitem>{Svalinn},6,,,,,,,
Divination Cards,The Miracle,68,,1,1,,,,defa,,3,,,,,,,,,<gemitem>{Awakened Exceptional Gem},3,,,,,,,
Divination Cards,Apocalypse,82,,1,1,,,,defa,,3,,,,,,,,,<uniqueitem>{Eyes of the Greatwolf}\n<default>{Item Level:} <normal>{82}\n<corrupted>{Corrupted},2,,,,,,,
Divination Cards,The Slumbering Beast,40,,1,1,,,,defa,,3,,,,,,,,,<currencyitem>{Hinekora's Lock},5,,,,,,,
Divination Cards,The Forbidden Fruit,81,,1,1,,,,defa,,3,,,,,,,,,<whiteitem>{Uber Pinnacle Fragment},1,,,,,,,
Divination Cards,The Silly Boy,81,,1,1,,,,defa,,3,,,,,,,,,<whiteitem>{6x Horned Scarab},9,,,,,,,
Divination Cards,Reflection of the Heart,60,,1,1,,,,defa,,3,,,,,,,,,<uniqueitem>{Kalandra's Touch},2,,,,,,,
Divination Cards,The Eye of Terror,75,,1,1,,,,defa,,1,,,,,,,,,<uniqueitem>{Mageblood}\n<brequelmutated> {Foulborn},8,,,,,,,
Divination Cards,Desecrated Virtue,81,,1,1,,,,defa,,1,,,,,,,,,<gemitem>{Level 4 Exceptional Support Gem}\n<default>{Quality:} <augmented>{+23%}\n<corrupted>{Corrupted},9,,,,,,,
Divination Cards,The Journey,81,,1,1,,,,defa,,1,,,,,,,,,<currencyitem>{Journey Tattoo},4,,,,,,,
Divination Cards,The Messenger,68,,1,1,,,,defa,,1,,,,,,,,,<uniqueitem>{Harbinger Item},4,,,,,,,
Life Flasks,Small Life Flask,1,NM,2,1,,0,,defa,,,,,,,,,,,,,,,,,,,
Life Flasks,Medium Life Flask,3,NM,2,1,,0,,defa,,,,,,,,,,,,,,,,,,,
Life Flasks,Large Life Flask,6,NM,2,1,,0,,defa,,,,,,,,,,,,,,,,,,,
Life Flasks,Greater Life Flask,12,NM,2,1,,0,,defa,,,,,,,,,,,Recovers 360 Life over 3.5 seconds,,,,,,,,
Life Flasks,Grand Life Flask,18,NM,2,1,,0,,defa,,,,,,,,,,,Recovers 640 Life over 3 seconds,,,,,,,,
Life Flasks,Giant Life Flask,24,NM,2,1,,0,,defa,,,,,,,,,,,Recovers 830 Life over 4 seconds,,,,,,,,
Life Flasks,Colossal Life Flask,30,NM,2,1,,0,,defa,,,,,,,,,,,Recovers 1000 Life over 3.5 seconds,,,,,,,,
Life Flasks,Sacred Life Flask,36,NM,2,1,,0,,defa,,,,,,,,,,,Recovers 1200 Life over 3 seconds,,,,,,,,
Life Flasks,Hallowed Life Flask,42,NM,2,1,,0,,defa,,,,,,,,,,,Recovers 1990 Life over 4 seconds,,,,,,,,
Life Flasks,Sanctified Life Flask,50,NMU,2,1,,0,,defa,,,,,,,,,,,Recovers 1460 Life over 1.5 seconds,,,,,,,,
Life Flasks,Divine Life Flask,60,NM,2,1,,0,,defa,,,,,,,,,,,Recovers 2400 Life over 3.5 seconds,,,,,,,,
Life Flasks,Eternal Life Flask,65,NM,2,1,,0,,defa,,,,,,,,,,,Recovers 2080 Life over 2 seconds,,,,,,,,
Mana Flasks,Small Mana Flask,1,NM,2,1,,0,,defa,,,,,,,,,,,Recovers 50 Mana over 3 seconds,,,,,,,,
Mana Flasks,Medium Mana Flask,3,NM,2,1,,0,,defa,,,,,,,,,,,Recovers 70 Mana over 3.5 seconds,,,,,,,,
Mana Flasks,Large Mana Flask,6,NM,2,1,,0,,defa,,,,,,,,,,,Recovers 90 Mana over 4 seconds,,,,,,,,
Mana Flasks,Greater Mana Flask,12,NMU,2,1,,0,,defa,,,,,,,,,,,Recovers 120 Mana over 4 seconds,,,,,,,,
Mana Flasks,Grand Mana Flask,18,NMU,2,1,,0,,defa,,,,,,,,,,,Recovers 170 Mana over 4.5 seconds,,,,,,,,
Mana Flasks,Giant Mana Flask,24,NM,2,1,,0,,defa,,,,,,,,,,,Recovers 250 Mana over 5 seconds,,,,,,,,
Mana Flasks,Colossal Mana Flask,30,NM,2,1,,0,,defa,,,,,,,,,,,Recovers 350 Mana over 5 seconds,,,,,,,,
Mana Flasks,Sacred Mana Flask,36,NM,2,1,,0,,defa,,,,,,,,,,,Recovers 480 Mana over 5.5 seconds,,,,,,,,
Mana Flasks,Hallowed Mana Flask,42,NM,2,1,,0,,defa,,,,,,,,,,,Recovers 700 Mana over 6 seconds,,,,,,,,
Mana Flasks,Sanctified Mana Flask,50,NMU,2,1,,0,,defa,,,,,,,,,,,Recovers 1100 Mana over 6.5 seconds,,,,,,,,
Mana Flasks,Divine Mana Flask,60,NM,2,1,,0,,defa,,,,,,,,,,,Recovers 1400 Mana over 5 seconds,,,,,,,,
Mana Flasks,Eternal Mana Flask,65,NM,2,1,,0,,defa,,,,,,,,,,,Recovers 1800 Mana over 7 seconds,,,,,,,,
Hybrid Flasks,Small Hybrid Flask,10,NM,2,1,,0,,defa,,,,,,,,,,,Recovers 100 Life over 5 seconds\nRecovers 70 Mana over 5 seconds,,,,,,,,
Hybrid Flasks,Medium Hybrid Flask,20,NM,2,1,,0,,defa,,,,,,,,,,,Recovers 230 Life over 5 seconds\nRecovers 100 Mana over 5 seconds,,,,,,,,
Hybrid Flasks,Large Hybrid Flask,30,NMU,2,1,,0,,defa,,,,,,,,,,,Recovers 510 Life over 5 seconds\nRecovers 140 Mana over 5 seconds,,,,,,,,
Hybrid Flasks,Colossal Hybrid Flask,40,NM,2,1,,0,,defa,,,,,,,,,,,Recovers 690 Life over 5 seconds\nRecovers 200 Mana over 5 seconds,,,,,,,,
Hybrid Flasks,Sacred Hybrid Flask,50,NM,2,1,,0,,defa,,,,,,,,,,,Recovers 1440 Life over 5 seconds\nRecovers 400 Mana over 5 seconds,,,,,,,,
Hybrid Flasks,Hallowed Hybrid Flask,60,NMU,2,1,,0,,defa,,,,,,,,,,,Recovers 1740 Life over 5 seconds\nRecovers 480 Mana over 5 seconds,,,,,,,,
Utility Flasks,Quicksilver Flask,4,NMU,2,1,,0,,defa,,,,,,,,,,,40% increased Movement Speed\nDuration: 6 seconds,,,,,,,,
Utility Flasks,Bismuth Flask,8,NMU,2,1,,0,,defa,,,,,,,,,,,+35% to all Elemental Resistances\nDuration: 8.5 seconds,,,,,,,,
Utility Flasks,Stibnite Flask,27,NMU,2,1,,0,,defa,,,,,,,,,,,20% more Evasion Rating\nDuration: 8 seconds\nCreates a Smoke Cloud on Use,,,,,,,,
Utility Flasks,Amethyst Flask,18,NMU,2,1,,0,,defa,,,,,,,,,,,+35% to Chaos Resistance\nDuration: 6.5 seconds,,,,,,,,
Utility Flasks,Ruby Flask,18,NMU,2,1,,0,,defa,,,,,,,,,,,+40% to Fire Resistance\n+5% to maximum Fire Resistance\nDuration: 8 seconds,,,,,,,,
Utility Flasks,Sapphire Flask,18,NMU,2,1,,0,,defa,,,,,,,,,,,+40% to Cold Resistance\n+5% to maximum Cold Resistance\nDuration: 8 seconds,,,,,,,,
Utility Flasks,Topaz Flask,18,NMU,2,1,,0,,defa,,,,,,,,,,,+40% to Lightning Resistance\n+5% to maximum Lightning Resistance\nDuration: 8 seconds,,,,,,,,
Utility Flasks,Silver Flask,27,NMU,2,1,,0,,defa,,,,,,,,,,,Onslaught\nDuration: 6 seconds,,,,,,,,
Utility Flasks,Aquamarine Flask,27,NM,2,1,,0,,defa,,,,,,,,,,,60% reduced Effect of Freeze on you\nDuration: 8 seconds\nCreates Chilled Ground on Use,,,,,,,,
Utility Flasks,Granite Flask,27,NMU,2,1,,0,,defa,,,,,,,,,,,+1500 to Armour\nDuration: 6 seconds,,,,,,,,
Utility Flasks,Jade Flask,27,NM,2,1,,0,,defa,,,,,,,,,,,+1500 to Evasion Rating\nDuration: 6 seconds,,,,,,,,
Utility Flasks,Quartz Flask,27,NMU,2,1,,0,,defa,,,,,,,,,,,Phasing\n+10% chance to Suppress Spell Damage\nDuration: 6 seconds,,,,,,,,
Utility Flasks,Sulphur Flask,27,NMU,2,1,,0,,defa,,,,,,,,,,,40% increased Damage\nDuration: 8 seconds\nCreates Consecrated Ground on Use,,,,,,,,
Utility Flasks,Basalt Flask,27,NM,2,1,,0,,defa,,,,,,,,,,,20% more Armour\nDuration: 8 seconds\nTaunts nearby Enemies on use,,,,,,,,
Utility Flasks,Diamond Flask,27,NMU,2,1,,0,,defa,,,,,,,,,,,100% increased Global Critical Strike Chance\nDuration: 6 seconds,,,,,,,,
Utility Flasks,Gold Flask,27,NM,2,1,,0,,defa,,,,,,,,,,,30% increased Rarity of Items found\nDuration: 5 seconds,,,,,,,,
Utility Flasks,Corundum Flask,27,NM,2,1,,0,,defa,,,,,,,,,,,30% increased Stun Threshold\nCannot be Stunned if you've been Stunned during Effect\nDuration: 7.5 seconds,,,,,,,,
Skill Gems,Portal,10,,1,1,,0,,defa,,,,,,,,,,,,,,,,,,,
Skill Gems,Anger,24,,1,1,,0,,defa,,,,,,,,,,,,,,,,,,,
Skill Gems,Animate Guardian,28,,1,1,,0,,defa,,,,,,,,,,,,,,,,,,,
Skill Gems,Cleave,5,,1,1,,0,,defa,,,,,,,,,,,,,,,,,,,
Skill Gems,Decoy Totem,5,,1,1,,0,,defa,,,,,,,,,,,,,,,,,,,
Skill Gems,Determination,24,,1,1,,0,,defa,,,,,,,,,,,,,,,,,,,
Skill Gems,Devouring Totem,5,,1,1,,0,,defa,,,,,,,,,,,,,,,,,,,
Skill Gems,Dominating Blow,28,,1,1,,0,,defa,,,,,,,,,,,,,,,,,,,
Skill Gems,Earthquake,28,,1,1,,0,,defa,,,,,,,,,,,,,,,,,,,
Skill Gems,Enduring Cry,10,,1,1,,0,,defa,,,,,,,,,,,,,,,,,,,
Skill Gems,Holy Flame Totem,5,,1,1,,0,,defa,,,,,,,,,,,,,,,,,,,
Skill Gems,Glacial Hammer,5,,1,1,,0,,defa,,,,,,,,,,,,,,,,,,,
Skill Gems,Ground Slam,5,,1,1,,0,,defa,,,,,,,,,,,,,,,,,,,
Skill Gems,Heavy Strike,5,,1,1,,0,,defa,,,,,,,,,,,,,,,,,,,
Skill Gems,Herald of Ash,16,,1,1,,0,,defa,,,,,,,,,,,,,,,,,,,
Skill Gems,Ice Crash,28,,1,1,,0,,defa,,,,,,,,,,,,,,,,,,,
Skill Gems,Immortal Call,34,,1,1,,0,,defa,,,,,,,,,,,,,,,,,,,
Skill Gems,Infernal Blow,12,,1,1,,0,,defa,,,,,,,,,,,,,,,,,,,
Skill Gems,Leap Slam,10,,1,1,,0,,defa,,,,,,,,,,,,,,,,,,,
Skill Gems,Molten Shell,16,,1,1,,0,,defa,,,,,,,,,,,,,,,,,,,
Skill Gems,Molten Strike,5,,1,1,,0,,defa,,,,,,,,,,,,,,,,,,,
Skill Gems,Punishment,24,,1,1,,0,,defa,,,,,,,,,,,,,,,,,,,
Skill Gems,Purity of Fire,24,,1,1,,0,,defa,,,,,,,,,,,,,,,,,,,
Skill Gems,Rallying Cry,24,,1,1,,0,,defa,,,,,,,,,,,,,,,,,,,
Skill Gems,Swordstorm,16,,1,1,,0,,defa,,,,,,,,,,,,,,,,,,,
Skill Gems,Rejuvenation Totem,5,,1,1,,0,,defa,,,,,,,,,,,,,,,,,,,
Skill Gems,Searing Bond,12,,1,1,,0,,defa,,,,,,,,,,,,,,,,,,,
Skill Gems,Shield Charge,4,,1,1,,0,,defa,,,,,,,,,,,,,,,,,,,
Skill Gems,Shockwave Totem,28,,1,1,,0,,defa,,,,,,,,,,,,,,,,,,,
Skill Gems,Static Strike,12,,1,1,,0,,defa,,,,,,,,,,,,,,,,,,,
Skill Gems,Summon Flame Golem,34,,1,1,,0,,defa,,,,,,,,,,,,,,,,,,,
Skill Gems,Summon Stone Golem,34,,1,1,,0,,defa,,,,,,,,,,,,,,,,,,,
Skill Gems,Sunder,12,,1,1,,0,,defa,,,,,,,,,,,,,,,,,,,
Skill Gems,Holy Sweep,12,,1,1,,0,,defa,,,,,,,,,,,,,,,,,,,
Skill Gems,Crushing Fist,5,,1,1,,0,,defa,,,,,,,,,,,,,,,,,,,
Skill Gems,Vigilant Strike,5,,1,1,,0,,defa,,,,,,,,,,,,,,,,,,,
Skill Gems,Vitality,10,,1,1,,0,,defa,,,,,,,,,,,,,,,,,,,
Skill Gems,Warlord's Mark,24,,1,1,,0,,defa,,,,,,,,,,,,,,,,,,,
Skill Gems,Animate Weapon,5,,1,1,,0,,defa,,,,,,,,,,,,,,,,,,,
Skill Gems,Arctic Armour,16,,1,1,,0,,defa,,,,,,,,,,,,,,,,,,,
Skill Gems,Barrage,12,,1,1,,0,,defa,,,,,,,,,,,,,,,,,,,
Skill Gems,Bear Trap,5,,1,1,,0,,defa,,,,,,,,,,,,,,,,,,,
Skill Gems,Blade Flurry,28,,1,1,,0,,defa,,,,,,,,,,,,,,,,,,,
Skill Gems,Blade Vortex,12,,1,1,,0,,defa,,,,,,,,,,,,,,,,,,,
Skill Gems,Bladefall,28,,1,1,,0,,defa,,,,,,,,,,,,,,,,,,,
Skill Gems,Blast Rain,28,,1,1,,0,,defa,,,,,,,,,,,,,,,,,,,
Skill Gems,Blink Arrow,10,,1,1,,0,,defa,,,,,,,,,,,,,,,,,,,
Skill Gems,Blood Rage,16,,1,1,,0,,defa,,,,,,,,,,,,,,,,,,,
Skill Gems,Burning Arrow,5,,1,1,,0,,defa,,,,,,,,,,,,,,,,,,,
Skill Gems,Caustic Arrow,5,,1,1,,0,,defa,,,,,,,,,,,,,,,,,,,
Skill Gems,Cyclone,28,,1,1,,0,,defa,,,,,,,,,,,,,,,,,,,
Skill Gems,Desecrate,16,,1,1,,0,,defa,,,,,,,,,,,,,,,,,,,
Skill Gems,Detonate Dead,5,,1,1,,0,,defa,,,,,,,,,,,,,,,,,,,
Skill Gems,Double Strike,5,,1,1,,0,,defa,,,,,,,,,,,,,,,,,,,
Skill Gems,Dual Strike,5,,1,1,,0,,defa,,,,,,,,,,,,,,,,,,,
Skill Gems,Elemental Hit,12,,1,1,,0,,defa,,,,,,,,,,,,,,,,,,,
Skill Gems,Ethereal Knives,5,,1,1,,0,,defa,,,,,,,,,,,,,,,,,,,
Skill Gems,Explosive Arrow,28,,1,1,,0,,defa,,,,,,,,,,,,,,,,,,,
Skill Gems,Fire Trap,12,,1,1,,0,,defa,,,,,,,,,,,,,,,,,,,
Skill Gems,Flicker Strike,10,,1,1,,0,,defa,,,,,,,,,,,,,,,,,,,
Skill Gems,Frenzy,16,,1,1,,0,,defa,,,,,,,,,,,,,,,,,,,
Skill Gems,Frost Blades,5,,1,1,,0,,defa,,,,,,,,,,,,,,,,,,,
Skill Gems,Grace,24,,1,1,,0,,defa,,,,,,,,,,,,,,,,,,,
Skill Gems,Haste,24,,1,1,,0,,defa,,,,,,,,,,,,,,,,,,,
Skill Gems,Hatred,24,,1,1,,0,,defa,,,,,,,,,,,,,,,,,,,
Skill Gems,Herald of Ice,16,,1,1,,0,,defa,,,,,,,,,,,,,,,,,,,
Skill Gems,Ice Shot,5,,1,1,,0,,defa,,,,,,,,,,,,,,,,,,,
Skill Gems,Ice Trap,28,,1,1,,0,,defa,,,,,,,,,,,,,,,,,,,
Skill Gems,Lacerate,12,,1,1,,0,,defa,,,,,,,,,,,,,,,,,,,
Skill Gems,Lightning Arrow,12,,1,1,,0,,defa,,,,,,,,,,,,,,,,,,,
Skill Gems,Lightning Strike,12,,1,1,,0,,defa,,,,,,,,,,,,,,,,,,,
Skill Gems,Mirror Arrow,10,,1,1,,0,,defa,,,,,,,,,,,,,,,,,,,
Skill Gems,Phase Run,34,,1,1,,0,,defa,,,,,,,,,,,,,,,,,,,
Skill Gems,Poacher's Mark,24,,1,1,,0,,defa,,,,,,,,,,,,,,,,,,,
Skill Gems,Sniper's Mark,4,,1,1,,0,,defa,,,,,,,,,,,,,,,,,,,
Skill Gems,Puncture,5,,1,1,,0,,defa,,,,,,,,,,,,,,,,,,,
Skill Gems,Purity of Ice,24,,1,1,,0,,defa,,,,,,,,,,,,,,,,,,,
Skill Gems,Rain of Arrows,12,,1,1,,0,,defa,,,,,,,,,,,,,,,,,,,
Skill Gems,Reave,12,,1,1,,0,,defa,,,,,,,,,,,,,,,,,,,
Skill Gems,Glacial Shield Swipe,16,,1,1,,0,,defa,,,,,,,,,,,,,,,,,,,
Skill Gems,Galvanic Arrow,5,,1,1,,0,,defa,,,,,,,,,,,,,,,,,,,
Skill Gems,Siege Ballista,12,,1,1,,0,,defa,,,,,,,,,,,,,,,,,,,
Skill Gems,Smoke Mine,10,,1,1,,0,,defa,,,,,,,,,,,,,,,,,,,
Skill Gems,Spectral Shield Throw,28,,1,1,,0,,defa,,,,,,,,,,,,,,,,,,,
Skill Gems,Spectral Throw,5,,1,1,,0,,defa,,,,,,,,,,,,,,,,,,,
Skill Gems,Split Arrow,5,,1,1,,0,,defa,,,,,,,,,,,,,,,,,,,
Skill Gems,Summon Ice Golem,34,,1,1,,0,,defa,,,,,,,,,,,,,,,,,,,
Skill Gems,Tectonic Slam,28,,1,1,,0,,defa,,,,,,,,,,,,,,,,,,,
Skill Gems,Temporal Chains,24,,1,1,,0,,defa,,,,,,,,,,,,,,,,,,,
Skill Gems,Tornado Shot,28,,1,1,,0,,defa,,,,,,,,,,,,,,,,,,,
Skill Gems,Viper Strike,5,,1,1,,0,,defa,,,,,,,,,,,,,,,,,,,
Skill Gems,Whirling Blades,10,,1,1,,0,,defa,,,,,,,,,,,,,,,,,,,
Skill Gems,Wild Strike,28,,1,1,,0,,defa,,,,,,,,,,,,,,,,,,,
Skill Gems,Arc,12,,1,1,,0,,defa,,,,,,,,,,,,,,,,,,,
Skill Gems,Assassin's Mark,24,,1,1,,0,,defa,,,,,,,,,,,,,,,,,,,
Skill Gems,Ball Lightning,28,,1,1,,0,,defa,,,,,,,,,,,,,,,,,,,
Skill Gems,Blight,5,,1,1,,0,,defa,,,,,,,,,,,,,,,,,,,
Skill Gems,Bodyswap,10,,1,1,,0,,abyss,,,,,,,,,,,,,,,,,,,
Skill Gems,Bone Offering,12,,1,1,,0,,defa,,,,,,,,,,,,,,,,,,,
Skill Gems,Charged Dash,28,,1,1,,0,,habi,,,,,,,,,,,,,,,,,,,
Skill Gems,Clarity,10,,1,1,,0,,defa,,,,,,,,,,,,,,,,,,,
Skill Gems,Cold Snap,16,,1,1,,0,,defa,,,,,,,,,,,,,,,,,,,
Skill Gems,Conductivity,24,,1,1,,0,,defa,,,,,,,,,,,,,,,,,,,
Skill Gems,Contagion,5,,1,1,,0,,defa,,,,,,,,,,,,,,,,,,,
Skill Gems,Conversion Trap,5,,1,1,,0,,defa,,,,,,,,,,,,,,,,,,,
Skill Gems,Convocation,24,,1,1,,0,,defa,,,,,,,,,,,,,,,,,,,
Skill Gems,Cremation,28,,1,1,,0,,abyss,,,,,,,,,,,,,,,,,,,
Skill Gems,Dark Bargain,28,,1,1,,0,,habi,,,,,,,,,,,,,,,,,,,
Skill Gems,Despair,24,,1,1,,0,,abyss,,,,,,,,,,,,,,,,,,,
Skill Gems,Detonate Mines,8,,1,1,,0,,defa,,,,,,,,,,,,,,,,,,,
Skill Gems,Discharge,28,,1,1,,0,,defa,,,,,,,,,,,,,,,,,,,
Skill Gems,Discipline,24,,1,1,,0,,defa,,,,,,,,,,,,,,,,,,,
Skill Gems,Elemental Weakness,24,,1,1,,0,,defa,,,,,,,,,,,,,,,,,,,
Skill Gems,Enfeeble,24,,1,1,,0,,defa,,,,,,,,,,,,,,,,,,,
Skill Gems,Essence Drain,12,,1,1,,0,,defa,,,,,,,,,,,,,,,,,,,
Skill Gems,Fireball,5,,1,1,,0,,defa,,,,,,,,,,,,,,,,,,,
Skill Gems,Firestorm,28,,1,1,,0,,defa,,,,,,,,,,,,,,,,,,,
Skill Gems,Flame Dash,10,,1,1,,0,,defa,,,,,,,,,,,,,,,,,,,
Skill Gems,Flame Surge,12,,1,1,,0,,defa,,,,,,,,,,,,,,,,,,,
Skill Gems,Flameblast,28,,1,1,,0,,defa,,,,,,,,,,,,,,,,,,,
Skill Gems,Flammability,24,,1,1,,0,,defa,,,,,,,,,,,,,,,,,,,
Skill Gems,Flesh Offering,12,,1,1,,0,,defa,,,,,,,,,,,,,,,,,,,
Skill Gems,Freezing Pulse,5,,1,1,,0,,defa,,,,,,,,,,,,,,,,,,,
Skill Gems,Frost Bomb,5,,1,1,,0,,defa,,,,,,,,,,,,,,,,,,,
Skill Gems,Frost Wall,5,,1,1,,0,,defa,,,,,,,,,,,,,,,,,,,
Skill Gems,Frostbite,24,,1,1,,0,,defa,,,,,,,,,,,,,,,,,,,
Skill Gems,Frostbolt,5,,1,1,,0,,defa,,,,,,,,,,,,,,,,,,,
Skill Gems,Glacial Cascade,28,,1,1,,0,,defa,,,,,,,,,,,,,,,,,,,
Skill Gems,Herald of Thunder,16,,1,1,,0,,defa,,,,,,,,,,,,,,,,,,,
Skill Gems,Ice Nova,12,,1,1,,0,,defa,,,,,,,,,,,,,,,,,,,
Skill Gems,Ice Spear,12,,1,1,,0,,defa,,,,,,,,,,,,,,,,,,,
Skill Gems,Incinerate,12,,1,1,,0,,defa,,,,,,,,,,,,,,,,,,,
Skill Gems,Kinetic Blast,28,,1,1,,0,,defa,,,,,,,,,,,,,,,,,,,
Skill Gems,Lightning Tendrils,5,,1,1,,0,,defa,,,,,,,,,,,,,,,,,,,
Skill Gems,Lightning Trap,12,,1,1,,0,,defa,,,,,,,,,,,,,,,,,,,
Skill Gems,Lightning Warp,10,,1,1,,0,,defa,,,,,,,,,,,,,,,,,,,
Skill Gems,Rolling Magma,5,,1,1,,0,,defa,,,,,,,,,,,,,,,,,,,
Skill Gems,Orb of Storms,5,,1,1,,0,,defa,,,,,,,,,,,,,,,,,,,
Skill Gems,Power Siphon,12,,1,1,,0,,defa,,,,,,,,,,,,,,,,,,,
Skill Gems,Purity of Elements,24,,1,1,,0,,defa,,,,,,,,,,,,,,,,,,,
Skill Gems,Purity of Lightning,24,,1,1,,0,,defa,,,,,,,,,,,,,,,,,,,
Skill Gems,Raise Spectre,28,,1,1,,0,,defa,,,,,,,,,,,,,,,,,,,
Skill Gems,Raise Zombie,5,,1,1,,0,,defa,,,,,,,,,,,,,,,,,,,
Skill Gems,Righteous Fire,16,,1,1,,0,,defa,,,,,,,,,,,,,,,,,,,
Skill Gems,Scorching Ray,12,,1,1,,0,,defa,,,,,,,,,,,,,,,,,,,
Skill Gems,Shock Nova,28,,1,1,,0,,defa,,,,,,,,,,,,,,,,,,,
Skill Gems,Spark,5,,1,1,,0,,defa,,,,,,,,,,,,,,,,,,,
Skill Gems,Spirit Offering,12,,1,1,,0,,defa,,,,,,,,,,,,,,,,,,,
Skill Gems,Storm Burst,12,,1,1,,0,,habi,,,,,,,,,,,,,,,,,,,
Skill Gems,Storm Call,12,,1,1,,0,,defa,,,,,,,,,,,,,,,,,,,
Skill Gems,Summon Chaos Golem,34,,1,1,,0,,defa,,,,,,,,,,,,,,,,,,,
Skill Gems,Summon Lightning Golem,34,,1,1,,0,,defa,,,,,,,,,,,,,,,,,,,
Skill Gems,Summon Raging Spirit,5,,1,1,,0,,defa,,,,,,,,,,,,,,,,,,,
Skill Gems,Tempest Shield,16,,1,1,,0,,defa,,,,,,,,,,,,,,,,,,,
Skill Gems,Unearth,10,,1,1,,0,,abyss,,,,,,,,,,,,,,,,,,,
Skill Gems,Volatile Dead,12,,1,1,,0,,abyss,,,,,,,,,,,,,,,,,,,
Skill Gems,Vortex,28,,1,1,,0,,defa,,,,,,,,,,,,,,,,,,,
Skill Gems,Vulnerability,24,,1,1,,0,,defa,,,,,,,,,,,,,,,,,,,
Skill Gems,Wither,10,,1,1,,0,,defa,,,,,,,,,,,,,,,,,,,
Skill Gems,Wrath,24,,1,1,,0,,defa,,,,,,,,,,,,,,,,,,,
Support Gems,Volley Support,5,,1,1,,0,,abyss,,,,,,,,,,,,,,,,,,,
Support Gems,Spell Cascade Support,5,,1,1,,0,,abyss,,,,,,,,,,,,,,,,,,,
Support Gems,Ancestral Call Support,5,,1,1,,0,,abyss,,,,,,,,,,,,,,,,,,,
Support Gems,Mirage Archer Support,5,,1,1,,0,,abyss,,,,,,,,,,,,,,,,,,,
Support Gems,Added Fire Damage Support,8,,1,1,,0,,defa,,,,,,,,,,,,,,,,,,,
Support Gems,Bloodlust Support,18,,1,1,,0,,defa,,,,,,,,,,,,,,,,,,,
Support Gems,Cast on Melee Kill Support,38,,1,1,,0,,defa,,,,,,,,,,,,,,,,,,,
Support Gems,Cast when Damage Taken Support,38,,1,1,,0,,defa,,,,,,,,,,,,,,,,,,,
Support Gems,Chance to Bleed Support,5,,1,1,,0,,habi,,,,,,,,,,,,,,,,,,,
Support Gems,Cold to Fire Support,18,,1,1,,0,,defa,,,,,,,,,,,,,,,,,,,
Support Gems,Deadly Ailments Support,18,,1,1,,0,,habi,,,,,,,,,,,,,,,,,,,
Support Gems,Decay Support,38,,1,1,,0,,habi,,,,,,,,,,,,,,,,,,,
Support Gems,Efficacy Support,8,,1,1,,0,,habi,,,,,,,,,,,,,,,,,,,
Support Gems,Vile Toxins Support,38,,1,1,,0,,habi,,,,,,,,,,,,,,,,,,,
Support Gems,Maim Support,8,,1,1,,0,,habi,,,,,,,,,,,,,,,,,,,
Support Gems,Immolate Support,38,,1,1,,0,,habi,,,,,,,,,,,,,,,,,,,
Support Gems,Unbound Ailments Support,8,,1,1,,0,,habi,,,,,,,,,,,,,,,,,,,
Support Gems,Brutality Support,38,,1,1,,0,,habi,,,,,,,,,,,,,,,,,,,
Support Gems,Ruthless Support,5,,1,1,,0,,habi,,,,,,,,,,,,,,,,,,,
Support Gems,Arcane Surge Support,5,,1,1,,0,,habi,,,,,,,,,,,,,,,,,,,
Support Gems,Empower Support,38,,1,1,,0,,defa,,,,,,,,,,,,,,,,,,,
Support Gems,Endurance Charge on Melee Stun Support,18,,1,1,,0,,defa,,,,,,,,,,,,,,,,,,,
Support Gems,Fire Penetration Support,31,,1,1,,0,,defa,,,,,,,,,,,,,,,,,,,
Support Gems,Fortify Support,31,,1,1,,0,,defa,,,,,,,,,,,,,,,,,,,
Support Gems,Generosity Support,31,,1,1,,0,,defa,,,,,,,,,,,,,,,,,,,
Support Gems,Ignite Proliferation Support,38,,1,1,,0,,habi,,,,,,,,,,,,,,,,,,,
Support Gems,Burning Damage Support,31,,1,1,,0,,defa,,,,,,,,,,,,,,,,,,,
Support Gems,More Duration Support,31,,1,1,,0,,defa,,,,,,,,,,,,,,,,,,,
Support Gems,Iron Grip Support,18,,1,1,,0,,defa,,,,,,,,,,,,,,,,,,,
Support Gems,Iron Will Support,18,,1,1,,0,,defa,,,,,,,,,,,,,,,,,,,
Support Gems,Item Quantity Support,24,,1,1,,0,,defa,,,,,,,,,,,,,,,,,,,
Support Gems,Knockback Support,8,,1,1,,0,,defa,,,,,,,,,,,,,,,,,,,
Support Gems,Less Duration Support,31,,1,1,,0,,defa,,,,,,,,,,,,,,,,,,,
Support Gems,Chance to Poison Support,5,,1,1,,0,,defa,,,,,,,,,,,,,,,,,,,
Support Gems,Life Gain on Hit Support,8,,1,1,,0,,defa,,,,,,,,,,,,,,,,,,,
Support Gems,Life Leech Support,31,,1,1,,0,,defa,,,,,,,,,,,,,,,,,,,
Support Gems,Damage on Full Life Support,18,,1,1,,0,,defa,,,,,,,,,,,,,,,,,,,
Support Gems,Melee Physical Damage Support,18,,1,1,,0,,defa,,,,,,,,,,,,,,,,,,,
Support Gems,Melee Splash Support,8,,1,1,,0,,defa,,,,,,,,,,,,,,,,,,,
Support Gems,Multistrike Support,38,,1,1,,0,,defa,,,,,,,,,,,,,,,,,,,
Support Gems,Spell Totem Support,8,,1,1,,0,,defa,,,,,,,,,,,,,,,,,,,
Support Gems,Stun Support,8,,1,1,,0,,defa,,,,,,,,,,,,,,,,,,,
Support Gems,Elemental Damage with Attacks Support,18,,1,1,,0,,defa,,,,,,,,,,,,,,,,,,,
Support Gems,Added Cold Damage Support,8,,1,1,,0,,defa,,,,,,,,,,,,,,,,,,,
Support Gems,Additional Accuracy Support,8,,1,1,,0,,defa,,,,,,,,,,,,,,,,,,,
Support Gems,Blind Support,8,,1,1,,0,,defa,,,,,,,,,,,,,,,,,,,
Support Gems,Block Chance Reduction Support,18,,1,1,,0,,defa,,,,,,,,,,,,,,,,,,,
Support Gems,Cast On Critical Strike Support,38,,1,1,,0,,defa,,,,,,,,,,,,,,,,,,,
Support Gems,Cast on Death Support,38,,1,1,,0,,defa,,,,,,,,,,,,,,,,,,,
Support Gems,Chain Support,38,,1,1,,0,,defa,,,,,,,,,,,,,,,,,,,
Support Gems,Chance to Flee Support,8,,1,1,,0,,defa,,,,,,,,,,,,,,,,,,,
Support Gems,Cluster Traps Support,38,,1,1,,0,,defa,,,,,,,,,,,,,,,,,,,
Support Gems,Cold Penetration Support,31,,1,1,,0,,defa,,,,,,,,,,,,,,,,,,,
Support Gems,Culling Strike Support,18,,1,1,,0,,defa,,,,,,,,,,,,,,,,,,,
Support Gems,Enhance Support,38,,1,1,,0,,defa,,,,,,,,,,,,,,,,,,,
Support Gems,Faster Attacks Support,18,,1,1,,0,,defa,,,,,,,,,,,,,,,,,,,
Support Gems,Faster Projectiles Support,31,,1,1,,0,,defa,,,,,,,,,,,,,,,,,,,
Support Gems,Fork Support,31,,1,1,,0,,defa,,,,,,,,,,,,,,,,,,,
Support Gems,Greater Multiple Projectiles Support,38,,1,1,,0,,defa,,,,,,,,,,,,,,,,,,,
Support Gems,Hypothermia Support,31,,1,1,,0,,defa,,,,,,,,,,,,,,,,,,,
Support Gems,Ice Bite Support,31,,1,1,,0,,defa,,,,,,,,,,,,,,,,,,,
Support Gems,Multiple Projectiles Support,8,,1,1,,0,,defa,,,,,,,,,,,,,,,,,,,
Support Gems,Mana Leech Support,31,,1,1,,0,,defa,,,,,,,,,,,,,,,,,,,
Support Gems,Multiple Traps Support,8,,1,1,,0,,defa,,,,,,,,,,,,,,,,,,,
Support Gems,Vicious Projectiles Support,18,,1,1,,0,,defa,,,,,,,,,,,,,,,,,,,
Support Gems,Pierce Support,5,,1,1,,0,,defa,,,,,,,,,,,,,,,,,,,
Support Gems,Point Blank Support,18,,1,1,,0,,defa,,,,,,,,,,,,,,,,,,,
Support Gems,Critical Strike Affliction Support,31,,1,1,,0,,defa,,,,,,,,,,,,,,,,,,,
Support Gems,Swift Affliction Support,31,,1,1,,0,,defa,,,,,,,,,,,,,,,,,,,
Support Gems,Slower Projectiles Support,31,,1,1,,0,,defa,,,,,,,,,,,,,,,,,,,
Support Gems,Advanced Traps Support,31,,1,1,,0,,defa,,,,,,,,,,,,,,,,,,,
Support Gems,Trap Support,8,,1,1,,0,,defa,,,,,,,,,,,,,,,,,,,
Support Gems,Trap and Mine Damage Support,18,,1,1,,0,,defa,,,,,,,,,,,,,,,,,,,
Support Gems,Void Manipulation Support,8,,1,1,,0,,defa,,,,,,,,,,,,,,,,,,,
Support Gems,Added Chaos Damage Support,31,,1,1,,0,,defa,,,,,,,,,,,,,,,,,,,
Support Gems,Added Lightning Damage Support,8,,1,1,,0,,defa,,,,,,,,,,,,,,,,,,,
Support Gems,Blasphemy Support,31,,1,1,,0,,defa,,,,,,,,,,,,,,,,,,,
Support Gems,Cast when Stunned Support,38,,1,1,,0,,defa,,,,,,,,,,,,,,,,,,,
Support Gems,Cast while Channelling Support,38,,1,1,,0,,defa,,,,,,,,,,,,,,,,,,,
Support Gems,Combustion Support,8,,1,1,,0,,defa,,,,,,,,,,,,,,,,,,,
Support Gems,Concentrated Effect Support,18,,1,1,,0,,defa,,,,,,,,,,,,,,,,,,,
Support Gems,Controlled Destruction Support,18,,1,1,,0,,defa,,,,,,,,,,,,,,,,,,,
Support Gems,Hextouch Support,38,,1,1,,0,,defa,,,,,,,,,,,,,,,,,,,
Support Gems,Elemental Focus Support,18,,1,1,,0,,defa,,,,,,,,,,,,,,,,,,,
Support Gems,Elemental Proliferation Support,5,,1,1,,0,,defa,,,,,,,,,,,,,,,,,,,
Support Gems,Enlighten Support,38,,1,1,,0,,defa,,,,,,,,,,,,,,,,,,,
Support Gems,Faster Casting Support,18,,1,1,,0,,defa,,,,,,,,,,,,,,,,,,,
Support Gems,Increased Area of Effect Support,38,,1,1,,0,,defa,,,,,,,,,,,,,,,,,,,
Support Gems,Increased Critical Damage Support,18,,1,1,,0,,defa,,,,,,,,,,,,,,,,,,,
Support Gems,Increased Critical Strikes Support,8,,1,1,,0,,defa,,,,,,,,,,,,,,,,,,,
Support Gems,Innervate Support,31,,1,1,,0,,defa,,,,,,,,,,,,,,,,,,,
Support Gems,Item Rarity Support,31,,1,1,,0,,defa,,,,,,,,,,,,,,,,,,,
Support Gems,Lightning Penetration Support,31,,1,1,,0,,defa,,,,,,,,,,,,,,,,,,,
Support Gems,Minefield Support,38,,1,1,,0,,defa,,,,,,,,,,,,,,,,,,,
Support Gems,Minion Damage Support,8,,1,1,,0,,defa,,,,,,,,,,,,,,,,,,,
Support Gems,Minion Life Support,18,,1,1,,0,,defa,,,,,,,,,,,,,,,,,,,
Support Gems,Minion Speed Support,18,,1,1,,0,,defa,,,,,,,,,,,,,,,,,,,
Support Gems,Physical to Lightning Support,18,,1,1,,0,,defa,,,,,,,,,,,,,,,,,,,
Support Gems,Power Charge On Critical Support,18,,1,1,,0,,defa,,,,,,,,,,,,,,,,,,,
Support Gems,Spell Echo Support,38,,1,1,,0,,defa,,,,,,,,,,,,,,,,,,,
Support Gems,Summon Phantasm Support,5,,1,1,,0,,defa,,,,,,,,,,,,,,,,,,,
Skill Gems,Vaal Glacial Hammer,1,,1,1,,0,,defa,,,,,,,,,,,,,,,,,,,
Skill Gems,Vaal Ground Slam,1,,1,1,,0,,defa,,,,,,,,,,,,,,,,,,,
Skill Gems,Vaal Immortal Call,34,,1,1,,0,,defa,,,,,,,,,,,,,,,,,,,
Skill Gems,Vaal Molten Shell,16,,1,1,,0,,defa,,,,,,,,,,,,,,,,,,,
Skill Gems,Vaal Burning Arrow,1,,1,1,,0,,defa,,,,,,,,,,,,,,,,,,,
Skill Gems,Vaal Cyclone,28,,1,1,,0,,defa,,,,,,,,,,,,,,,,,,,
Skill Gems,Vaal Detonate Dead,4,,1,1,,0,,defa,,,,,,,,,,,,,,,,,,,
Skill Gems,Vaal Double Strike,1,,1,1,,0,,defa,,,,,,,,,,,,,,,,,,,
Skill Gems,Vaal Grace,24,,1,1,,0,,defa,,,,,,,,,,,,,,,,,,,
Skill Gems,Vaal Haste,24,,1,1,,0,,defa,,,,,,,,,,,,,,,,,,,
Skill Gems,Vaal Lightning Strike,12,,1,1,,0,,defa,,,,,,,,,,,,,,,,,,,
Skill Gems,Vaal Rain of Arrows,12,,1,1,,0,,defa,,,,,,,,,,,,,,,,,,,
Skill Gems,Vaal Reave,12,,1,1,,0,,defa,,,,,,,,,,,,,,,,,,,
Skill Gems,Vaal Spectral Throw,1,,1,1,,0,,defa,,,,,,,,,,,,,,,,,,,
Skill Gems,Vaal Arc,12,,1,1,,0,,defa,,,,,,,,,,,,,,,,,,,
Skill Gems,Vaal Clarity,10,,1,1,,0,,defa,,,,,,,,,,,,,,,,,,,
Skill Gems,Vaal Cold Snap,16,,1,1,,0,,defa,,,,,,,,,,,,,,,,,,,
Skill Gems,Vaal Discipline,24,,1,1,,0,,defa,,,,,,,,,,,,,,,,,,,
Skill Gems,Vaal Fireball,1,,1,1,,0,,defa,,,,,,,,,,,,,,,,,,,
Skill Gems,Vaal Flameblast,28,,1,1,,0,,defa,,,,,,,,,,,,,,,,,,,
Skill Gems,Vaal Ice Nova,12,,1,1,,0,,defa,,,,,,,,,,,,,,,,,,,
Skill Gems,Vaal Lightning Trap,12,,1,1,,0,,defa,,,,,,,,,,,,,,,,,,,
Skill Gems,Vaal Lightning Warp,10,,1,1,,0,,defa,,,,,,,,,,,,,,,,,,,
Skill Gems,Vaal Power Siphon,12,,1,1,,0,,defa,,,,,,,,,,,,,,,,,,,
Skill Gems,Vaal Righteous Fire,16,,1,1,,0,,defa,,,,,,,,,,,,,,,,,,,
Skill Gems,Vaal Spark,1,,1,1,,0,,defa,,,,,,,,,,,,,,,,,,,
Skill Gems,Vaal Storm Call,12,,1,1,,0,,defa,,,,,,,,,,,,,,,,,,,
Skill Gems,Vaal Summon Skeletons,10,,1,1,,0,,defa,,,,,,,,,,,,,,,,,,,
Skill Gems,Vaal Breach,10,,1,1,,0,,disa,,,,,,,,,,,,,,,,,,,
Skill Gems,Vaal Impurity of Fire,24,,1,1,,0,,incu,,,,,,,,,,,,,,,,,,,
Skill Gems,Vaal Impurity of Ice,24,,1,1,,0,,incu,,,,,,,,,,,,,,,,,,,
Skill Gems,Vaal Impurity of Lightning,24,,1,1,,0,,incu,,,,,,,,,,,,,,,,,,,
Skill Gems,Vaal Blade Vortex,12,,1,1,,0,,incu,,,,,,,,,,,,,,,,,,,
Skill Gems,Vaal Earthquake,28,,1,1,,0,,incu,,,,,,,,,,,,,,,,,,,
Skill Gems,Vaal Blight,1,,1,1,,0,,incu,,,,,,,,,,,,,,,,,,,
Skill Gems,Explosive Trap,5,,1,1,,0,,incu,,,,,,,,,,,,,,,,,,,
Skill Gems,Siphoning Trap,10,,1,1,,0,,incu,,,,,,,,,,,,,,,,,,,
Skill Gems,Flamethrower Trap,28,,1,1,,0,,incu,,,,,,,,,,,,,,,,,,,
Skill Gems,Lightning Spire Trap,28,,1,1,,0,,incu,,,,,,,,,,,,,,,,,,,
Skill Gems,Seismic Trap,28,,1,1,,0,,incu,,,,,,,,,,,,,,,,,,,
Support Gems,Charged Traps Support,31,,1,1,,0,,incu,,,,,,,,,,,,,,,,,,,
Support Gems,Withering Touch Support,38,,1,1,,0,,delve,,,,,,,,,,,,,,,,,,,
Skill Gems,Herald of Agony,16,,1,1,,0,,delve,,,,,,,,,,,,,,,,,,,
Skill Gems,Herald of Purity,16,,1,1,,0,,delve,,,,,,,,,,,,,,,,,,,
Skill Gems,Consecrated Path,28,,1,1,,0,,delve,,,,,,,,,,,,,,,,,,,
Skill Gems,Smite,5,,1,1,,0,,delve,,,,,,,,,,,,,,,,,,,
Skill Gems,Scourge Arrow,28,,1,1,,0,,delve,,,,,,,,,,,,,,,,,,,
Skill Gems,Toxic Rain,12,,1,1,,0,,delve,,,,,,,,,,,,,,,,,,,
Skill Gems,Summon Holy Relic,5,,1,1,,0,,delve,,,,,,,,,,,,,,,,,,,
Skill Gems,Winter Orb,28,,1,1,,0,,betray,,,,,,,,,,,,,,,,,,,
Skill Gems,Lancing Steel,28,,1,1,,0,,betray,,,,,,,,,,,,,,,,,,,
Skill Gems,Storm Brand,12,,1,1,,0,,betray,,,,,,,,,,,,,,,,,,,
Skill Gems,War Banner,5,,1,1,,0,,betray,,,,,,,,,,,,,,,,,,,
Skill Gems,Dread Banner,24,,1,1,,0,,betray,,,,,,,,,,,,,,,,,,,
Skill Gems,Shattering Steel,12,,1,1,,0,,betray,,,,,,,,,,,,,,,,,,,
Skill Gems,Armageddon Brand,28,,1,1,,0,,betray,,,,,,,,,,,,,,,,,,,
Skill Gems,Brand Recall,16,,1,1,,0,,betray,,,,,,,,,,,,,,,,,,,
Support Gems,Multiple Totems Support,38,,1,1,,0,,betray,,,,,,,,,,,,,,,,,,,
Support Gems,Bonechill Support,38,,1,1,,0,,betray,,,,,,,,,,,,,,,,,,,
Skill Gems,Purifying Flame,5,,1,1,,0,,synt,,,,,,,,,,,,,,,,,,,
Skill Gems,Soulrend,28,,1,1,,0,,synt,,,,,,,,,,,,,,,,,,,
Skill Gems,Bane,24,,1,1,,0,,synt,,,,,,,,,,,,,,,,,,,
Skill Gems,Divine Ire,28,,1,1,,0,,synt,,,,,,,,,,,,,,,,,,,
Skill Gems,Wave of Conviction,16,,1,1,,0,,synt,,,,,,,,,,,,,,,,,,,
Skill Gems,Zealotry,24,,1,1,,0,,synt,,,,,,,,,,,,,,,,,,,
Skill Gems,Malevolence,24,,1,1,,0,,synt,,,,,,,,,,,,,,,,,,,
Support Gems,Energy Leech Support,31,,1,1,,0,,synt,,,,,,,,,,,,,,,,,,,
Support Gems,Intensify Support,31,,1,1,,0,,synt,,,,,,,,,,,,,,,,,,,
Support Gems,Infused Channelling Support,5,,1,1,,0,,synt,,,,,,,,,,,,,,,,,,,
Support Gems,Unleash Support,38,,1,1,,0,,synt,,,,,,,,,,,,,,,,,,,
Skill Gems,Steelskin,5,,1,1,,0,,legion,,,,,,,,,,,,,,,,,,,
Skill Gems,Dash,5,,1,1,,0,,legion,,,,,,,,,,,,,,,,,,,
Skill Gems,Bladestorm,28,,1,1,,0,,legion,,,,,,,,,,,,,,,,,,,
Skill Gems,Blood and Sand,5,,1,1,,0,,legion,,,,,,,,,,,,,,,,,,,
Skill Gems,Berserk,34,,1,1,,0,,legion,,,,,,,,,,,,,,,,,,,
Skill Gems,Chain Hook,12,,1,1,,0,,legion,,,,,,,,,,,,,,,,,,,
Skill Gems,Perforate,5,,1,1,,0,,legion,,,,,,,,,,,,,,,,,,,
Skill Gems,Frostblink,5,,1,1,,0,,legion,,,,,,,,,,,,,,,,,,,
Skill Gems,Precision,10,,1,1,,0,,legion,,,,,,,,,,,,,,,,,,,
Skill Gems,Flesh and Stone,16,,1,1,,0,,legion,,,,,,,,,,,,,,,,,,,
Skill Gems,Pride,24,,1,1,,0,,legion,,,,,,,,,,,,,,,,,,,
Support Gems,Impale Support,31,,1,1,,0,,legion,,,,,,,,,,,,,,,,,,,
Support Gems,Close Combat Support,18,,1,1,,0,,legion,,,,,,,,,,,,,,,,,,,
Support Gems,Shockwave Support,18,,1,1,,0,,legion,,,,,,,,,,,,,,,,,,,
Support Gems,Pulverise Support,31,,1,1,,0,,legion,,,,,,,,,,,,,,,,,,,
Support Gems,Rage Support,18,,1,1,,0,,legion,,,,,,,,,,,,,,,,,,,
Skill Gems,Cobra Lash,5,,1,1,,0,,blight,,,,,,,,,,,,,,,,,,,
Skill Gems,Summon Carrion Golem,34,,1,1,,0,,blight,,,,,,,,,,,,,,,,,,,
Skill Gems,Withering Step,10,,1,1,,0,,blight,,,,,,,,,,,,,,,,,,,
Skill Gems,Plague Bearer,24,,1,1,,0,,blight,,,,,,,,,,,,,,,,,,,
Skill Gems,Stormblast Mine,5,,1,1,,0,,blight,,,,,,,,,,,,,,,,,,,
Skill Gems,Summon Skitterbots,16,,1,1,,0,,blight,,,,,,,,,,,,,,,,,,,
Skill Gems,Pestilent Strike,28,,1,1,,0,,blight,,,,,,,,,,,,,,,,,,,
Skill Gems,Venom Gyre,12,,1,1,,0,,blight,,,,,,,,,,,,,,,,,,,
Skill Gems,Pyroclast Mine,28,,1,1,,0,,blight,,,,,,,,,,,,,,,,,,,
Skill Gems,Icicle Mine,12,,1,1,,0,,blight,,,,,,,,,,,,,,,,,,,
Skill Gems,Summon Skeletons,10,,1,1,,0,,blight,,,,,,,,,,,,,,,,,,,
Support Gems,Feeding Frenzy Support,31,,1,1,,0,,blight,,,,,,,,,,,,,,,,,,,
Support Gems,Predator Support,18,,1,1,,0,,blight,,,,,,,,,,,,,,,,,,,
Support Gems,Nightblade Support,18,,1,1,,0,,blight,,,,,,,,,,,,,,,,,,,
Support Gems,Meat Shield Support,31,,1,1,,0,,blight,,,,,,,,,,,,,,,,,,,
Support Gems,High-Impact Mine Support,31,,1,1,,0,,blight,,,,,,,,,,,,,,,,,,,
Support Gems,Swift Assembly Support,5,,1,1,,0,,blight,,,,,,,,,,,,,,,,,,,
Support Gems,Charged Mines Support,31,,1,1,,0,,blight,,,,,,,,,,,,,,,,,,,
Support Gems,Infernal Legion Support,8,,1,1,,0,,blight,,,,,,,,,,,,,,,,,,,
Support Gems,Elemental Army Support,31,,1,1,,0,,blight,,,,,,,,,,,,,,,,,,,
Support Gems,Blastchain Mine Support,8,,1,1,,0,,blight,,,,,,,,,,,,,,,,,,,
Support Gems,Inspiration Support,31,,1,1,,0,,blight,,,,,,,,,,,,,,,,,,,
Skill Gems,Shrapnel Ballista,5,,1,1,,0,,metam,,,,,,,,,,,,,,,,,,,
Skill Gems,Ensnaring Arrow,16,,1,1,,0,,metam,,,,,,,,,,,,,,,,,,,
Skill Gems,Artillery Ballista,28,,1,1,,0,,metam,,,,,,,,,,,,,,,,,,,
Support Gems,Greater Volley Support,38,,1,1,,0,,metam,,,,,,,,,,,,,,,,,,,
Support Gems,Ballista Totem Support,8,,1,1,,0,,metam,,,,,,,,,,,,,,,,,,,
Support Gems,Arrow Nova Support,8,,1,1,,0,,metam,,,,,,,,,,,,,,,,,,,
Support Gems,Barrage Support,38,,1,1,,0,,metam,,,,,,,,,,,,,,,,,,,
Skill Gems,Stormbind,28,,1,1,,0,,deli,,,,,,,,,,,,,,,,,,,
Skill Gems,Spellslinger,24,,1,1,,0,,deli,,,,,,,,,,,,,,,,,,,
Skill Gems,Arcane Cloak,16,,1,1,,0,,deli,,,,,,,,,,,,,,,,,,,
Skill Gems,Kinetic Bolt,5,,1,1,,0,,deli,,,,,,,,,,,,,,,,,,,
Skill Gems,Blade Blast,16,,1,1,,0,,deli,,,,,,,,,,,,,,,,,,,
Support Gems,Archmage Support,31,,1,1,,0,,deli,,,,,,,,,,,,,,,,,,,
Support Gems,Second Wind Support,31,,1,1,,0,,deli,,,,,,,,,,,,,,,,,,,
Skill Gems,Creeping Frost,12,,1,1,,0,,harv,,,,,,,,,,,,,,,,,,,
Skill Gems,Infernal Cry,24,,1,1,,0,,harv,,,,,,,,,,,,,,,,,,,
Skill Gems,Seismic Cry,16,,1,1,,0,,harv,,,,,,,,,,,,,,,,,,,
Skill Gems,General's Cry,24,,1,1,,0,,harv,,,,,,,,,,,,,,,,,,,
Skill Gems,Intimidating Cry,10,,1,1,,0,,harv,,,,,,,,,,,,,,,,,,,
Skill Gems,Ancestral Cry,16,,1,1,,0,,harv,,,,,,,,,,,,,,,,,,,
Skill Gems,Penance Brand,28,,1,1,,0,,harv,,,,,,,,,,,,,,,,,,,
Skill Gems,Wintertide Brand,12,,1,1,,0,,harv,,,,,,,,,,,,,,,,,,,
Skill Gems,Arcanist Brand,38,,1,1,,0,,harv,,,,,,,,,,,,,,,,,,,
Skill Gems,Earthshatter,12,,1,1,,0,,harv,,,,,,,,,,,,,,,,,,,
Support Gems,Fist of War Support,38,,1,1,,0,,harv,,,,,,,,,,,,,,,,,,,
Support Gems,Urgent Orders Support,31,,1,1,,0,,harv,,,,,,,,,,,,,,,,,,,
Support Gems,Swiftbrand Support,31,,1,1,,0,,harv,,,,,,,,,,,,,,,,,,,
Skill Gems,Blazing Salvo,12,,1,1,,0,,heis,,,,,,,,,,,,,,,,,,,
Skill Gems,Void Sphere,34,,1,1,,0,,heis,,,,,,,,,,,,,,,,,,,
Skill Gems,Crackling Lance,28,,1,1,,0,,heis,,,,,,,,,,,,,,,,,,,
Skill Gems,Frost Shield,34,,1,1,,0,,heis,,,,,,,,,,,,,,,,,,,
Skill Gems,Splitting Steel,5,,1,1,,0,,heis,,,,,,,,,,,,,,,,,,,
Skill Gems,Sigil of Power,34,,1,1,,0,,heis,,,,,,,,,,,,,,,,,,,
Skill Gems,Flame Wall,5,,1,1,,0,,heis,,,,,,,,,,,,,,,,,,,
Skill Gems,Hexblast,28,,1,1,,0,,heis,,,,,,,,,,,,,,,,,,,
Support Gems,Elemental Penetration Support,31,,1,1,,0,,heis,,,,,,,,,,,,,,,,,,,
Support Gems,Pinpoint Support,31,,1,1,,0,,heis,,,,,,,,,,,,,,,,,,,
Support Gems,Impending Doom Support,31,,1,1,,0,,heis,,,,,,,,,,,,,,,,,,,
Support Gems,Trinity Support,18,,1,1,,0,,ritual,,,,,,,,,,,,,,,,,,,
Skill Gems,Hydrosphere,34,,1,1,,0,,ritual,,,,,,,,,,,,,,,,,,,
Skill Gems,Exsanguinate,12,,1,1,,0,,ulti,,,,,,,,,,,,,,,,,,,
Skill Gems,Corrupting Fever,16,,1,1,,0,,ulti,,,,,,,,,,,,,,,,,,,
Skill Gems,Reap,28,,1,1,,0,,ulti,,,,,,,,,,,,,,,,,,,
Skill Gems,Petrified Blood,24,,1,1,,0,,ulti,,,,,,,,,,,,,,,,,,,
Support Gems,Arrogance Support,31,,1,1,,0,,ulti,,,,,,,,,,,,,,,,,,,
Support Gems,Bloodthirst Support,31,,1,1,,0,,ulti,,,,,,,,,,,,,,,,,,,
Support Gems,Cruelty Support,18,,1,1,,0,,ulti,,,,,,,,,,,,,,,,,,,
Support Gems,Lifetap Support,8,,1,1,,0,,ulti,,,,,,,,,,,,,,,,,,,
Skill Gems,Defiance Banner,16,,1,1,,0,,expe,,,,,,,,,,,,,,,,,,,
Skill Gems,Voltaxic Burst,12,,1,1,,0,,expe,,,,,,,,,,,,,,,,,,,
Skill Gems,Rage Vortex,28,,1,1,,0,,expe,,,,,,,,,,,,,,,,,,,
Skill Gems,Spectral Helix,12,,1,1,,0,,expe,,,,,,,,,,,,,,,,,,,
Skill Gems,Battlemage's Cry,24,,1,1,,0,,expe,,,,,,,,,,,,,,,,,,,
Skill Gems,Absolution,12,,1,1,,0,,expe,,,,,,,,,,,,,,,,,,,
Skill Gems,Ambush,34,,1,1,,0,,expe,,,,,,,,,,,,,,,,,,,
Skill Gems,Forbidden Rite,16,,1,1,,0,,expe,,,,,,,,,,,,,,,,,,,
Skill Gems,Manabond,12,,1,1,,0,,expe,,,,,,,,,,,,,,,,,,,
Skill Gems,Blade Trap,1,,1,1,,0,,expe,,,,,,,,,,,,,,,,,,,
Skill Gems,Shield Crush,5,,1,1,,0,,expe,,,,,,,,,,,,,,,,,,,
Skill Gems,Boneshatter,28,,1,1,,0,,expe,,,,,,,,,,,,,,,,,,,
Skill Gems,Summon Reaper,28,,1,1,,0,,expe,,,,,,,,,,,,,,,,,,,
Skill Gems,Explosive Concoction,28,,1,1,,0,,expe,,,,,,,,,,,,,,,,,,,
Skill Gems,Eye of Winter,28,,1,1,,0,,expe,,,,,,,,,,,,,,,,,,,
Skill Gems,Storm Rain,28,,1,1,,0,,expe,,,,,,,,,,,,,,,,,,,
Support Gems,Focused Ballista Support,31,,1,1,,0,,expe,,,,,,,,,,,,,,,,,,,
Support Gems,Behead Support,38,,1,1,,0,,expe,,,,,,,,,,,,,,,,,,,
Skill Gems,Poisonous Concoction,12,,1,1,,0,,scor,,,,,,,,,,,,,,,,,,,
Skill Gems,Temporal Rift,34,,1,1,,0,,scor,,,,,,,,,,,,,,,,,,,
Skill Gems,Tornado,34,,1,1,,0,,scor,,,,,,,,,,,,,,,,,,,
Skill Gems,Energy Blade,1,,1,1,,0,,scor,,,,,,,,,,,,,,,,,,,
Skill Gems,Soul Link,34,,1,1,,0,,scor,,,,,,,,,,,,,,,,,,,
Skill Gems,Flame Link,34,,1,1,,0,,scor,,,,,,,,,,,,,,,,,,,
Skill Gems,Vampiric Link,34,,1,1,,0,,scor,,,,,,,,,,,,,,,,,,,
Skill Gems,Protective Link,34,,1,1,,0,,scor,,,,,,,,,,,,,,,,,,,
Skill Gems,Intuitive Link,34,,1,1,,0,,scor,,,,,,,,,,,,,,,,,,,
Skill Gems,Destructive Link,34,,1,1,,0,,scor,,,,,,,,,,,,,,,,,,,
Support Gems,Mark On Hit Support,38,,1,1,,0,,sota,,,,,,,,,,,,,,,,,,,
Support Gems,Eternal Blessing Support,38,,1,1,,0,,sota,,,,,,,,,,,,,,,,,,,
Skill Gems,Lightning Conduit,28,,1,1,,0,,kalan,,,,,,,,,,,,,,,,,,,
Skill Gems,Galvanic Field,16,,1,1,,0,,kalan,,,,,,,,,,,,,,,,,,,
Skill Gems,Alchemist's Mark,24,,1,1,,0,,kalan,,,,,,,,,,,,,,,,,,,
Support Gems,Overcharge Support,18,,1,1,,0,,kalan,,,,,,,,,,,,,,,,,,,
Skill Gems,Frozen Legion,34,,1,1,,0,,sanc,,,,,,,,,,,,,,,,,,,
Skill Gems,Volcanic Fissure,12,,1,1,,0,,sanc,,,,,,,,,,,,,,,,,,,
Skill Gems,Vaal Volcanic Fissure,12,,1,1,,0,,sanc,,,,,,,,,,,,,,,,,,,
Skill Gems,Vaal Cleave,1,,1,1,,0,,sanc,,,,,,,,,,,,,,,,,,,
Skill Gems,Vaal Flicker Strike,10,,1,1,,0,,sanc,,,,,,,,,,,,,,,,,,,
Skill Gems,Vaal Blade Flurry,28,,1,1,,0,,sanc,,,,,,,,,,,,,,,,,,,
Skill Gems,Vaal Venom Gyre,12,,1,1,,0,,sanc,,,,,,,,,,,,,,,,,,,
Skill Gems,Vaal Molten Strike,1,,1,1,,0,,sanc,,,,,,,,,,,,,,,,,,,
Skill Gems,Vaal Caustic Arrow,1,,1,1,,0,,sanc,,,,,,,,,,,,,,,,,,,
Skill Gems,Vaal Smite,1,,1,1,,0,,sanc,,,,,,,,,,,,,,,,,,,
Support Gems,Hex Bloom Support,38,,1,1,,0,,sanc,,,,,,,,,,,,,,,,,,,
Support Gems,Cursed Ground Support,31,,1,1,,0,,sanc,,,,,,,,,,,,,,,,,,,
Skill Gems,Vaal Firestorm,28,,1,1,,0,,cruc,,,,,,,,,,,,,,,,,,,
Skill Gems,Vaal Arctic Armour,16,,1,1,,0,,cruc,,,,,,,,,,,,,,,,,,,
Skill Gems,Vaal Ice Shot,5,,1,1,,0,,cruc,,,,,,,,,,,,,,,,,,,
Skill Gems,Vaal Absolution,12,,1,1,,0,,cruc,,,,,,,,,,,,,,,,,,,
Skill Gems,Vaal Domination,12,,1,1,,0,,cruc,,,,,,,,,,,,,,,,,,,
Skill Gems,Vaal Lightning Arrow,12,,1,1,,0,,cruc,,,,,,,,,,,,,,,,,,,
Skill Gems,Vaal Animate Weapon,5,,1,1,,0,,cruc,,,,,,,,,,,,,,,,,,,
Skill Gems,Vaal Reap,28,,1,1,,0,,cruc,,,,,,,,,,,,,,,,,,,
Skill Gems,Vaal Rejuvenation Totem,5,,1,1,,0,,cruc,,,,,,,,,,,,,,,,,,,
Skill Gems,Snipe,34,,1,1,,0,,cruc,,,,,,,,,,,,,,,,,,,
Support Gems,Momentum Support,5,,1,1,,0,,cruc,,,,,,,,,,,,,,,,,,,
Support Gems,Manaforged Arrows Support,8,,1,1,,0,,cruc,,,,,,,,,,,,,,,,,,,
Support Gems,Prismatic Burst Support,5,,1,1,,0,,cruc,,,,,,,,,,,,,,,,,,,
Support Gems,Trauma Support,38,,1,1,,0,,TotA,,,,,,,,,,,,,,,,,,,
Support Gems,Devour Support,8,,1,1,,0,,TotA,,,,,,,,,,,,,,,,,,,
Support Gems,Sadism Support,18,,1,1,,0,,TotA,,,,,,,,,,,,,,,,,,,
Support Gems,Flamewood Support,8,,1,1,,0,,TotA,,,,,,,,,,,,,,,,,,,
Support Gems,Sacrifice Support,31,,1,1,,0,,TotA,,,,,,,,,,,,,,,,,,,
Support Gems,Spellblade Support,38,,1,1,,0,,TotA,,,,,,,,,,,,,,,,,,,
Support Gems,Fresh Meat Support,18,,1,1,,0,,TotA,,,,,,,,,,,,,,,,,,,
Support Gems,Locus Mine Support,8,,1,1,,0,,TotA,,,,,,,,,,,,,,,,,,,
Support Gems,Volatility Support,18,,1,1,,0,,TotA,,,,,,,,,,,,,,,,,,,
Support Gems,Frigid Bond Support,38,,1,1,,0,,TotA,,,,,,,,,,,,,,,,,,,
Support Gems,Returning Projectiles Support,38,,1,1,,0,,TotA,,,,,,,,,,,,,,,,,,,
Support Gems,Corrupting Cry Support,31,,1,1,,0,,TotA,,,,,,,,,,,,,,,,,,,
Support Gems,Controlled Blaze Support,31,,1,1,,0,,TotA,,,,,,,,,,,,,,,,,,,
Support Gems,Guardian's Blessing Support,31,,1,1,,0,,TotA,,,,,,,,,,,,,,,,,,,
Skill Gems,Autoexertion,24,,1,1,,0,,defa,,,,,,,,,,,,,,,,,,,
Skill Gems,Automation,24,,1,1,,0,,defa,,,,,,,,,,,,,,,,,,,
Support Gems,Sacred Wisps Support,18,,1,1,,0,,defa,,,,,,,,,,,,,,,,,,,
Skill Gems,Eviscerate,16,,1,1,,0,,kalgu,,,,,,,,,,,,,,,,,,,
Skill Gems,Divine Retribution,16,,1,1,,0,,kalgu,,,,,,,,,,,,,,,,,,,
Skill Gems,Vengeful Cry,24,,1,1,,0,,kalgu,,,,,,,,,,,,,,,,,,,
Support Gems,Overexertion Support,38,,1,1,,0,,kalgu,,,,,,,,,,,,,,,,,,,
Support Gems,Expert Retaliation Support,31,,1,1,,0,,kalgu,,,,,,,,,,,,,,,,,,,
Support Gems,Rupture Support,38,,1,1,,0,,kalgu,,,,,,,,,,,,,,,,,,,
Support Gems,Focused Channelling Support,31,,1,1,,0,,defa,,,,,,,,,,,,,,,,,,,
Skill Gems,Wall of Force,16,,1,1,,0,,defa,,,,,,,,,,,,,,,,,,,
Skill Gems,Conflagration,28,,1,1,,0,,defa,,,,,,,,,,,,,,,,,,,
Skill Gems,Kinetic Rain,28,,1,1,,0,,defa,,,,,,,,,,,,,,,,,,,
Skill Gems,Kinetic Rain of Impact,1,,1,1,,0,,defa,,,,,,,,,,,,,,,,,,,
Skill Gems,Somatic Shell,28,,1,1,,0,,defa,,,,,,,,,,,,,,,,,,,
Skill Gems,Thunderstorm,28,,1,1,,0,,defa,,,,,,,,,,,,,,,,,,,
Skill Gems,Kinetic Fusillade,12,,1,1,,0,,defa,,,,,,,,,,,,,,,,,,,
Support Gems,Windburst Support,31,,1,1,,0,,defa,,,,,,,,,,,,,,,,,,,
Support Gems,Kinetic Instability,1,,1,1,,0,,defa,,,,,,,,,,,,,,,,,,,
Support Gems,Living Lightning Support,18,,1,1,,0,,defa,,,,,,,,,,,,,,,,,,,
Support Gems,Kinetic Instability Support,18,,1,1,,0,,defa,,,,,,,,,,,,,,,,,,,
Stackable Currency,Perandus Coin,1,,1,1,,,,disa,,,,,,,,,,,,,,,,,,,
Stackable Currency,Splinter of Xoph,1,,1,1,,,,brea,,,,,,,,,,,,,,,,,,,
Stackable Currency,Splinter of Tul,1,,1,1,,,,brea,,,,,,,,,,,,,,,,,,,
Stackable Currency,Splinter of Esh,1,,1,1,,,,brea,,,,,,,,,,,,,,,,,,,
Stackable Currency,Splinter of Uul-Netol,1,,1,1,,,,brea,,,,,,,,,,,,,,,,,,,
Stackable Currency,Splinter of Chayula,1,,1,1,,,,brea,,,,,,,,,,,,,,,,,,,
Stackable Currency,Whispering Essence of Greed,1,,1,1,,,,ess,,,,,,,,,,,Upgrades a normal item to rare with one guaranteed property,,,,,,,,
Stackable Currency,Muttering Essence of Greed,10,,1,1,,,,ess,,,,,,,,,,,Upgrades a normal item to rare with one guaranteed property,,,,,,,,
Stackable Currency,Weeping Essence of Greed,26,,1,1,,,,ess,,,,,,,,,,,Upgrades a normal item to rare with one guaranteed property,,,,,,,,
Stackable Currency,Wailing Essence of Greed,42,,1,1,,,,ess,,,,,,,,,,,Upgrades a normal item to rare with one guaranteed property,,,,,,,,
Stackable Currency,Screaming Essence of Greed,58,,1,1,,,,ess,,,,,,,,,,,"Upgrades a normal item to rare or reforges a rare item, guaranteeing one property",,,,,,,,
Stackable Currency,Shrieking Essence of Greed,74,,1,1,,,,ess,,,,,,,,,,,"Upgrades a normal item to rare or reforges a rare item, guaranteeing one property",,,,,,,,
Stackable Currency,Deafening Essence of Greed,82,,1,1,,,,ess,,,,,,,,,,,"Upgrades a normal item to rare or reforges a rare item, guaranteeing one property",,,,,,,,
Stackable Currency,Whispering Essence of Contempt,1,,1,1,,,,ess,,,,,,,,,,,Upgrades a normal item to rare with one guaranteed property,,,,,,,,
Stackable Currency,Muttering Essence of Contempt,10,,1,1,,,,ess,,,,,,,,,,,Upgrades a normal item to rare with one guaranteed property,,,,,,,,
Stackable Currency,Weeping Essence of Contempt,26,,1,1,,,,ess,,,,,,,,,,,Upgrades a normal item to rare with one guaranteed property,,,,,,,,
Stackable Currency,Wailing Essence of Contempt,42,,1,1,,,,ess,,,,,,,,,,,Upgrades a normal item to rare with one guaranteed property,,,,,,,,
Stackable Currency,Screaming Essence of Contempt,58,,1,1,,,,ess,,,,,,,,,,,"Upgrades a normal item to rare or reforges a rare item, guaranteeing one property",,,,,,,,
Stackable Currency,Shrieking Essence of Contempt,74,,1,1,,,,ess,,,,,,,,,,,"Upgrades a normal item to rare or reforges a rare item, guaranteeing one property",,,,,,,,
Stackable Currency,Deafening Essence of Contempt,82,,1,1,,,,ess,,,,,,,,,,,"Upgrades a normal item to rare or reforges a rare item, guaranteeing one property",,,,,,,,
Stackable Currency,Whispering Essence of Hatred,1,,1,1,,,,ess,,,,,,,,,,,Upgrades a normal item to rare with one guaranteed property,,,,,,,,
Stackable Currency,Muttering Essence of Hatred,10,,1,1,,,,ess,,,,,,,,,,,Upgrades a normal item to rare with one guaranteed property,,,,,,,,
Stackable Currency,Weeping Essence of Hatred,26,,1,1,,,,ess,,,,,,,,,,,Upgrades a normal item to rare with one guaranteed property,,,,,,,,
Stackable Currency,Wailing Essence of Hatred,42,,1,1,,,,ess,,,,,,,,,,,Upgrades a normal item to rare with one guaranteed property,,,,,,,,
Stackable Currency,Screaming Essence of Hatred,58,,1,1,,,,ess,,,,,,,,,,,"Upgrades a normal item to rare or reforges a rare item, guaranteeing one property",,,,,,,,
Stackable Currency,Shrieking Essence of Hatred,74,,1,1,,,,ess,,,,,,,,,,,"Upgrades a normal item to rare or reforges a rare item, guaranteeing one property",,,,,,,,
Stackable Currency,Deafening Essence of Hatred,82,,1,1,,,,ess,,,,,,,,,,,"Upgrades a normal item to rare or reforges a rare item, guaranteeing one property",,,,,,,,
Stackable Currency,Whispering Essence of Woe,1,,1,1,,,,ess,,,,,,,,,,,Upgrades a normal item to rare with one guaranteed property,,,,,,,,
Stackable Currency,Muttering Essence of Woe,10,,1,1,,,,ess,,,,,,,,,,,Upgrades a normal item to rare with one guaranteed property,,,,,,,,
Stackable Currency,Weeping Essence of Woe,26,,1,1,,,,ess,,,,,,,,,,,Upgrades a normal item to rare with one guaranteed property,,,,,,,,
Stackable Currency,Wailing Essence of Woe,42,,1,1,,,,ess,,,,,,,,,,,Upgrades a normal item to rare with one guaranteed property,,,,,,,,
Stackable Currency,Screaming Essence of Woe,58,,1,1,,,,ess,,,,,,,,,,,"Upgrades a normal item to rare or reforges a rare item, guaranteeing one property",,,,,,,,
Stackable Currency,Shrieking Essence of Woe,74,,1,1,,,,ess,,,,,,,,,,,"Upgrades a normal item to rare or reforges a rare item, guaranteeing one property",,,,,,,,
Stackable Currency,Deafening Essence of Woe,82,,1,1,,,,ess,,,,,,,,,,,"Upgrades a normal item to rare or reforges a rare item, guaranteeing one property",,,,,,,,
Stackable Currency,Muttering Essence of Fear,10,,1,1,,,,ess,,,,,,,,,,,Upgrades a normal item to rare with one guaranteed property,,,,,,,,
Stackable Currency,Weeping Essence of Fear,26,,1,1,,,,ess,,,,,,,,,,,Upgrades a normal item to rare with one guaranteed property,,,,,,,,
Stackable Currency,Wailing Essence of Fear,42,,1,1,,,,ess,,,,,,,,,,,Upgrades a normal item to rare with one guaranteed property,,,,,,,,
Stackable Currency,Screaming Essence of Fear,58,,1,1,,,,ess,,,,,,,,,,,"Upgrades a normal item to rare or reforges a rare item, guaranteeing one property",,,,,,,,
Stackable Currency,Shrieking Essence of Fear,74,,1,1,,,,ess,,,,,,,,,,,"Upgrades a normal item to rare or reforges a rare item, guaranteeing one property",,,,,,,,
Stackable Currency,Deafening Essence of Fear,82,,1,1,,,,ess,,,,,,,,,,,"Upgrades a normal item to rare or reforges a rare item, guaranteeing one property",,,,,,,,
Stackable Currency,Muttering Essence of Anger,10,,1,1,,,,ess,,,,,,,,,,,Upgrades a normal item to rare with one guaranteed property,,,,,,,,
Stackable Currency,Weeping Essence of Anger,26,,1,1,,,,ess,,,,,,,,,,,Upgrades a normal item to rare with one guaranteed property,,,,,,,,
Stackable Currency,Wailing Essence of Anger,42,,1,1,,,,ess,,,,,,,,,,,Upgrades a normal item to rare with one guaranteed property,,,,,,,,
Stackable Currency,Screaming Essence of Anger,58,,1,1,,,,ess,,,,,,,,,,,"Upgrades a normal item to rare or reforges a rare item, guaranteeing one property",,,,,,,,
Stackable Currency,Shrieking Essence of Anger,74,,1,1,,,,ess,,,,,,,,,,,"Upgrades a normal item to rare or reforges a rare item, guaranteeing one property",,,,,,,,
Stackable Currency,Deafening Essence of Anger,82,,1,1,,,,ess,,,,,,,,,,,"Upgrades a normal item to rare or reforges a rare item, guaranteeing one property",,,,,,,,
Stackable Currency,Muttering Essence of Torment,10,,1,1,,,,ess,,,,,,,,,,,Upgrades a normal item to rare with one guaranteed property,,,,,,,,
Stackable Currency,Weeping Essence of Torment,26,,1,1,,,,ess,,,,,,,,,,,Upgrades a normal item to rare with one guaranteed property,,,,,,,,
Stackable Currency,Wailing Essence of Torment,42,,1,1,,,,ess,,,,,,,,,,,Upgrades a normal item to rare with one guaranteed property,,,,,,,,
Stackable Currency,Screaming Essence of Torment,58,,1,1,,,,ess,,,,,,,,,,,"Upgrades a normal item to rare or reforges a rare item, guaranteeing one property",,,,,,,,
Stackable Currency,Shrieking Essence of Torment,74,,1,1,,,,ess,,,,,,,,,,,"Upgrades a normal item to rare or reforges a rare item, guaranteeing one property",,,,,,,,
Stackable Currency,Deafening Essence of Torment,82,,1,1,,,,ess,,,,,,,,,,,"Upgrades a normal item to rare or reforges a rare item, guaranteeing one property",,,,,,,,
Stackable Currency,Muttering Essence of Sorrow,10,,1,1,,,,ess,,,,,,,,,,,Upgrades a normal item to rare with one guaranteed property,,,,,,,,
Stackable Currency,Weeping Essence of Sorrow,26,,1,1,,,,ess,,,,,,,,,,,Upgrades a normal item to rare with one guaranteed property,,,,,,,,
Stackable Currency,Wailing Essence of Sorrow,42,,1,1,,,,ess,,,,,,,,,,,Upgrades a normal item to rare with one guaranteed property,,,,,,,,
Stackable Currency,Screaming Essence of Sorrow,58,,1,1,,,,ess,,,,,,,,,,,"Upgrades a normal item to rare or reforges a rare item, guaranteeing one property",,,,,,,,
Stackable Currency,Shrieking Essence of Sorrow,74,,1,1,,,,ess,,,,,,,,,,,"Upgrades a normal item to rare or reforges a rare item, guaranteeing one property",,,,,,,,
Stackable Currency,Deafening Essence of Sorrow,82,,1,1,,,,ess,,,,,,,,,,,"Upgrades a normal item to rare or reforges a rare item, guaranteeing one property",,,,,,,,
Stackable Currency,Weeping Essence of Rage,26,,1,1,,,,ess,,,,,,,,,,,Upgrades a normal item to rare with one guaranteed property,,,,,,,,
Stackable Currency,Wailing Essence of Rage,42,,1,1,,,,ess,,,,,,,,,,,Upgrades a normal item to rare with one guaranteed property,,,,,,,,
Stackable Currency,Screaming Essence of Rage,58,,1,1,,,,ess,,,,,,,,,,,"Upgrades a normal item to rare or reforges a rare item, guaranteeing one property",,,,,,,,
Stackable Currency,Shrieking Essence of Rage,74,,1,1,,,,ess,,,,,,,,,,,"Upgrades a normal item to rare or reforges a rare item, guaranteeing one property",,,,,,,,
Stackable Currency,Deafening Essence of Rage,82,,1,1,,,,ess,,,,,,,,,,,"Upgrades a normal item to rare or reforges a rare item, guaranteeing one property",,,,,,,,
Stackable Currency,Weeping Essence of Suffering,26,,1,1,,,,ess,,,,,,,,,,,Upgrades a normal item to rare with one guaranteed property,,,,,,,,
Stackable Currency,Wailing Essence of Suffering,42,,1,1,,,,ess,,,,,,,,,,,Upgrades a normal item to rare with one guaranteed property,,,,,,,,
Stackable Currency,Screaming Essence of Suffering,58,,1,1,,,,ess,,,,,,,,,,,"Upgrades a normal item to rare or reforges a rare item, guaranteeing one property",,,,,,,,
Stackable Currency,Shrieking Essence of Suffering,74,,1,1,,,,ess,,,,,,,,,,,"Upgrades a normal item to rare or reforges a rare item, guaranteeing one property",,,,,,,,
Stackable Currency,Deafening Essence of Suffering,82,,1,1,,,,ess,,,,,,,,,,,"Upgrades a normal item to rare or reforges a rare item, guaranteeing one property",,,,,,,,
Stackable Currency,Weeping Essence of Wrath,26,,1,1,,,,ess,,,,,,,,,,,Upgrades a normal item to rare with one guaranteed property,,,,,,,,
Stackable Currency,Wailing Essence of Wrath,42,,1,1,,,,ess,,,,,,,,,,,Upgrades a normal item to rare with one guaranteed property,,,,,,,,
Stackable Currency,Screaming Essence of Wrath,58,,1,1,,,,ess,,,,,,,,,,,"Upgrades a normal item to rare or reforges a rare item, guaranteeing one property",,,,,,,,
Stackable Currency,Shrieking Essence of Wrath,74,,1,1,,,,ess,,,,,,,,,,,"Upgrades a normal item to rare or reforges a rare item, guaranteeing one property",,,,,,,,
Stackable Currency,Deafening Essence of Wrath,82,,1,1,,,,ess,,,,,,,,,,,"Upgrades a normal item to rare or reforges a rare item, guaranteeing one property",,,,,,,,
Stackable Currency,Weeping Essence of Doubt,26,,1,1,,,,ess,,,,,,,,,,,Upgrades a normal item to rare with one guaranteed property,,,,,,,,
Stackable Currency,Wailing Essence of Doubt,42,,1,1,,,,ess,,,,,,,,,,,Upgrades a normal item to rare with one guaranteed property,,,,,,,,
Stackable Currency,Screaming Essence of Doubt,58,,1,1,,,,ess,,,,,,,,,,,"Upgrades a normal item to rare or reforges a rare item, guaranteeing one property",,,,,,,,
Stackable Currency,Shrieking Essence of Doubt,74,,1,1,,,,ess,,,,,,,,,,,"Upgrades a normal item to rare or reforges a rare item, guaranteeing one property",,,,,,,,
Stackable Currency,Deafening Essence of Doubt,82,,1,1,,,,ess,,,,,,,,,,,"Upgrades a normal item to rare or reforges a rare item, guaranteeing one property",,,,,,,,
Stackable Currency,Wailing Essence of Loathing,42,,1,1,,,,ess,,,,,,,,,,,Upgrades a normal item to rare with one guaranteed property,,,,,,,,
Stackable Currency,Screaming Essence of Loathing,58,,1,1,,,,ess,,,,,,,,,,,"Upgrades a normal item to rare or reforges a rare item, guaranteeing one property",,,,,,,,
Stackable Currency,Shrieking Essence of Loathing,74,,1,1,,,,ess,,,,,,,,,,,"Upgrades a normal item to rare or reforges a rare item, guaranteeing one property",,,,,,,,
Stackable Currency,Deafening Essence of Loathing,82,,1,1,,,,ess,,,,,,,,,,,"Upgrades a normal item to rare or reforges a rare item, guaranteeing one property",,,,,,,,
Stackable Currency,Wailing Essence of Zeal,42,,1,1,,,,ess,,,,,,,,,,,Upgrades a normal item to rare with one guaranteed property,,,,,,,,
Stackable Currency,Screaming Essence of Zeal,58,,1,1,,,,ess,,,,,,,,,,,"Upgrades a normal item to rare or reforges a rare item, guaranteeing one property",,,,,,,,
Stackable Currency,Shrieking Essence of Zeal,74,,1,1,,,,ess,,,,,,,,,,,"Upgrades a normal item to rare or reforges a rare item, guaranteeing one property",,,,,,,,
Stackable Currency,Deafening Essence of Zeal,82,,1,1,,,,ess,,,,,,,,,,,"Upgrades a normal item to rare or reforges a rare item, guaranteeing one property",,,,,,,,
Stackable Currency,Wailing Essence of Anguish,42,,1,1,,,,ess,,,,,,,,,,,Upgrades a normal item to rare with one guaranteed property,,,,,,,,
Stackable Currency,Screaming Essence of Anguish,58,,1,1,,,,ess,,,,,,,,,,,"Upgrades a normal item to rare or reforges a rare item, guaranteeing one property",,,,,,,,
Stackable Currency,Shrieking Essence of Anguish,74,,1,1,,,,ess,,,,,,,,,,,"Upgrades a normal item to rare or reforges a rare item, guaranteeing one property",,,,,,,,
Stackable Currency,Deafening Essence of Anguish,82,,1,1,,,,ess,,,,,,,,,,,"Upgrades a normal item to rare or reforges a rare item, guaranteeing one property",,,,,,,,
Stackable Currency,Wailing Essence of Spite,42,,1,1,,,,ess,,,,,,,,,,,Upgrades a normal item to rare with one guaranteed property,,,,,,,,
Stackable Currency,Screaming Essence of Spite,58,,1,1,,,,ess,,,,,,,,,,,"Upgrades a normal item to rare or reforges a rare item, guaranteeing one property",,,,,,,,
Stackable Currency,Shrieking Essence of Spite,74,,1,1,,,,ess,,,,,,,,,,,"Upgrades a normal item to rare or reforges a rare item, guaranteeing one property",,,,,,,,
Stackable Currency,Deafening Essence of Spite,82,,1,1,,,,ess,,,,,,,,,,,"Upgrades a normal item to rare or reforges a rare item, guaranteeing one property",,,,,,,,
Stackable Currency,Screaming Essence of Scorn,58,,1,1,,,,ess,,,,,,,,,,,"Upgrades a normal item to rare or reforges a rare item, guaranteeing one property",,,,,,,,
Stackable Currency,Shrieking Essence of Scorn,74,,1,1,,,,ess,,,,,,,,,,,"Upgrades a normal item to rare or reforges a rare item, guaranteeing one property",,,,,,,,
Stackable Currency,Deafening Essence of Scorn,82,,1,1,,,,ess,,,,,,,,,,,"Upgrades a normal item to rare or reforges a rare item, guaranteeing one property",,,,,,,,
Stackable Currency,Screaming Essence of Envy,58,,1,1,,,,ess,,,,,,,,,,,"Upgrades a normal item to rare or reforges a rare item, guaranteeing one property",,,,,,,,
Stackable Currency,Shrieking Essence of Envy,74,,1,1,,,,ess,,,,,,,,,,,"Upgrades a normal item to rare or reforges a rare item, guaranteeing one property",,,,,,,,
Stackable Currency,Deafening Essence of Envy,82,,1,1,,,,ess,,,,,,,,,,,"Upgrades a normal item to rare or reforges a rare item, guaranteeing one property",,,,,,,,
Stackable Currency,Screaming Essence of Misery,58,,1,1,,,,ess,,,,,,,,,,,"Upgrades a normal item to rare or reforges a rare item, guaranteeing one property",,,,,,,,
Stackable Currency,Shrieking Essence of Misery,74,,1,1,,,,ess,,,,,,,,,,,"Upgrades a normal item to rare or reforges a rare item, guaranteeing one property",,,,,,,,
Stackable Currency,Deafening Essence of Misery,82,,1,1,,,,ess,,,,,,,,,,,"Upgrades a normal item to rare or reforges a rare item, guaranteeing one property",,,,,,,,
Stackable Currency,Screaming Essence of Dread,58,,1,1,,,,ess,,,,,,,,,,,"Upgrades a normal item to rare or reforges a rare item, guaranteeing one property",,,,,,,,
Stackable Currency,Shrieking Essence of Dread,74,,1,1,,,,ess,,,,,,,,,,,"Upgrades a normal item to rare or reforges a rare item, guaranteeing one property",,,,,,,,
Stackable Currency,Deafening Essence of Dread,82,,1,1,,,,ess,,,,,,,,,,,"Upgrades a normal item to rare or reforges a rare item, guaranteeing one property",,,,,,,,
Stackable Currency,Essence of Insanity,74,,1,1,,,,ess,,,,,,,,,,,"Upgrades a normal item to rare or reforges a rare item, guaranteeing one property",,,,,,,,
Stackable Currency,Essence of Horror,74,,1,1,,,,ess,,,,,,,,,,,"Upgrades a normal item to rare or reforges a rare item, guaranteeing one property",,,,,,,,
Stackable Currency,Essence of Delirium,74,,1,1,,,,ess,,,,,,,,,,,"Upgrades a normal item to rare or reforges a rare item, guaranteeing one property",,,,,,,,
Stackable Currency,Essence of Hysteria,74,,1,1,,,,ess,,,,,,,,,,,"Upgrades a normal item to rare or reforges a rare item, guaranteeing one property",,,,,,,,
Stackable Currency,Remnant of Corruption,26,,1,1,,,,ess,,,,,,,,,,,"Corrupts the Essences trapping a monster, modifying them unpredictably",,,,,,,,
Stackable Currency,Stacked Deck,50,,1,1,,,,defa,,,,,,,,,,,A stack of unknown divination cards,,,,,,,,
Stackable Currency,Unshaping Orb,1,,1,1,,,,disa,,,,,,,,,,,Downgrades a map on the Atlas,,,,,,,,
Map Fragments,Sacrifice at Dusk,36,,1,1,,,,defa,,,,,,,,,,,,,,,,,,,
Map Fragments,Sacrifice at Midnight,60,,1,1,,,,defa,,,,,,,,,,,,,,,,,,,
Map Fragments,Sacrifice at Dawn,36,,1,1,,,,defa,,,,,,,,,,,,,,,,,,,
Map Fragments,Sacrifice at Noon,36,,1,1,,,,defa,,,,,,,,,,,,,,,,,,,
Map Fragments,Mortal Grief,68,,1,1,,,,defa,,,,,,,,,,,,,,,,,,,
Map Fragments,Mortal Rage,68,,1,1,,,,defa,,,,,,,,,,,,,,,,,,,
Map Fragments,Mortal Hope,68,,1,1,,,,defa,,,,,,,,,,,,,,,,,,,
Map Fragments,Mortal Ignorance,68,,1,1,,,,defa,,,,,,,,,,,,,,,,,,,
Map Fragments,Fragment of the Hydra,84,,1,1,,,,defa,,,,,,,,,,,,,,,,,,,
Map Fragments,Fragment of the Phoenix,84,,1,1,,,,defa,,,,,,,,,,,,,,,,,,,
Map Fragments,Fragment of the Minotaur,84,,1,1,,,,defa,,,,,,,,,,,,,,,,,,,
Map Fragments,Fragment of the Chimera,84,,1,1,,,,defa,,,,,,,,,,,,,,,,,,,
Map Fragments,Divine Vessel,68,,1,1,,,,defa,,,,,,,,,,,Unique Boss deals 10% increased Damage\nUnique Boss has 10% increased Attack and Cast Speed\nUnique Boss has 10% increased Life\nUnique Boss has 20% increased Area of Effect,,,,,,,,
Vault Keys,Ancient Reliquary Key,35,,1,1,,,,nonDrop,,2,,,,,,,,,,,,,,,,,
Map Fragments,Offering to the Goddess,1,,1,1,,,,defa,,,,,,,,,,,,,,,,,,,
Map Fragments,An Audience With The King,81,,1,1,,,,kalgu,,,,,,,,,,,,,,,,,,,
Quest Items,Medicine Chest,1,,3,2,,,,1,,,,,,,,,,,,,,,,,,,
Quest Items,Ammonite Glyph,1,,1,1,,,,1,,,,,,,,,,,,,,,,,,,
Quest Items,Haliotis Glyph,1,,1,1,,,,1,,,,,,,,,,,,,,,,,,,
Quest Items,Roseus Glyph,1,,2,1,,,,1,,,,,,,,,,,,,,,,,,,
Quest Items,Allflame,1,,2,1,,,,1,,,,,,,,,,,,,,,,,,,
Quest Items,Baleful Gem,1,,1,1,,,,2,,,,,,,,,,,,,,,,,,,
Quest Items,Maligaro's Spike,1,,4,1,,,,2,,,,,,,,,,,,,,,,,,,
Quest Items,Thaumetic Emblem,1,,1,1,,,,2,,,,,,,,,,,,,,,,,,,
Quest Items,Alira's Amulet,1,,1,1,,,,2,,,,,,,,,,,,,,,,,,,
Quest Items,Kraityn's Amulet,1,,1,1,,,,2,,,,,,,,,,,,,,,,,,,
Quest Items,Oak's Amulet,1,,1,1,,,,2,,,,,,,,,,,,,,,,,,,
Quest Items,The Apex,1,,1,1,,,,2,,,,,,,,,,,,,,,,,,,
Quest Items,Golden Hand,1,,2,1,,,,2,,,,,,,,,,,,,,,,,,,
Quest Items,Tolman's Bracelet,1,,1,1,,,,3,,,,,,,,,,,,,,,,,,,
Quest Items,Sewer Keys,1,,1,1,,,,3,,,,,,,,,,,,,,,,,,,
Quest Items,Bust of Gaius Sentari,1,,2,1,,,,3,,,,,,,,,,,,,,,,,,,
Quest Items,Bust of Hector Titucius,1,,2,1,,,,3,,,,,,,,,,,,,,,,,,,
Quest Items,Bust of Marceus Lioneye,1,,2,1,,,,3,,,,,,,,,,,,,,,,,,,
Quest Items,Ribbon Spool,1,,2,2,,,,3,,,,,,,,,,,,,,,,,,,
Quest Items,Thaumetic Sulphite,1,,2,2,,,,3,,,,,,,,,,,,,,,,,,,
Quest Items,Infernal Talc,1,,2,2,,,,3,,,,,,,,,,,,,,,,,,,
Quest Items,Tower Key,1,,2,1,,,,3,,,,,,,,,,,,,,,,,,,
Quest Items,Golden Page,1,,2,1,,,,3,,,,,,,,,,,,,,,,,,,
Quest Items,Decanter Spiritus,1,,3,1,,,,3,,,,,,,,,,,,,,,,,,,
Quest Items,Chitus' Plum,1,,1,1,,,,3,,,,,,,,,,,,,,,,,,,
Quest Items,Deshret's Banner,1,,3,2,,,,4,,,,,,,,,,,,,,,,,,,
Quest Items,The Eye of Desire,1,,2,2,,,,4,,,,,,,,,,,,,,,,,,,
Quest Items,The Eye of Fury,1,,2,2,,,,4,,,,,,,,,,,,,,,,,,,
Quest Items,Malachai's Entrails,1,,2,2,,,,4,,,,,,,,,,,,,,,,,,,
Quest Items,Malachai's Heart,1,,2,2,,,,4,,,,,,,,,,,,,,,,,,,
Quest Items,Malachai's Lungs,1,,2,2,,,,4,,,,,,,,,,,,,,,,,,,
Quest Items,Miasmeter,1,,3,1,,,,5,,,,,,,,,,,,,,,,,,,
Quest Items,Eyes of Zeal,1,,1,1,,,,5,,,,,,,,,,,,,,,,,,,
Quest Items,Sign of Purity,1,,3,2,,,,5,,,,,,,,,,,,,,,,,,,
Quest Items,Hinekora's Hair,1,,2,2,,,,5,,,,,,,,,,,,,,,,,,,
Quest Items,Tukohama's Tooth,1,,1,1,,,,5,,,,,,,,,,,,,,,,,,,
Quest Items,Valako's Jaw,1,,1,2,,,,5,,,,,,,,,,,,,,,,,,,
Quest Items,Bestel's Manuscript,1,,2,2,,,,6,,,,,,,,,,,,,,,,,,,
Quest Items,Eye of Conquest,1,,1,1,,,,6,,,,,,,,,,,,,,,,,,,
Quest Items,The Black Flag,1,,2,2,,,,6,,,,,,,,,,,,,,,,,,,
Quest Items,Maligaro's Map,1,,1,1,,,,7,,,,,,,,,,,,,,,,,,,
Quest Items,Black Venom,1,,1,1,,,,7,,,,,,,,,,,,,,,,,,,
Quest Items,Obsidian Key,1,,1,1,,,,7,,,,,,,,,,,,,,,,,,,
Quest Items,Firefly,1,,1,1,,,,7,,,,,,,,,,,,,,,,,,,
Quest Items,Kishara's Star,1,,1,1,,,,7,,,,,,,,,,,,,,,,,,,
Quest Items,Silver Locket,1,,1,1,,,,7,,,,,,,,,,,,,,,,,,,
Quest Items,Greust's Necklace,1,,1,1,,,,7,,,,,,,,,,,,,,,,,,,
Quest Items,Ankh of Eternity,1,,1,1,,,,8,,,,,,,,,,,,,,,,,,,
Quest Items,Wings of Vastiri,1,,2,2,,,,8,,,,,,,,,,,,,,,,,,,
Quest Items,Sun Orb,1,,2,2,,,,8,,,,,,,,,,,,,,,,,,,
Quest Items,Moon Orb,1,,2,2,,,,8,,,,,,,,,,,,,,,,,,,
Quest Items,Storm Blade,1,,3,1,,,,9,,,,,,,,,,,,,,,,,,,
Quest Items,Bottled Storm,1,,2,2,,,,9,,,,,,,,,,,,,,,,,,,
Quest Items,Calendar of Fortune,1,,1,1,,,,9,,,,,,,,,,,,,,,,,,,
Quest Items,Basilisk Acid,1,,2,2,,,,9,,,,,,,,,,,,,,,,,,,
Quest Items,Trarthan Powder,1,,2,2,,,,9,,,,,,,,,,,,,,,,,,,
Quest Items,Sekhema Feather,1,,2,1,,,,9,,,,,,,,,,,,,,,,,,,
Quest Items,The Staff of Purity,1,,4,2,,,,10,,,,,,,,,,,,,,,,,,,
Quest Items,The Teardrop,1,,2,2,,,,10,,,,,,,,,,,,,,,,,,,
Quest Items,Elixir of Allure,1,,2,2,,,,10,,,,,,,,,,,,,,,,,,,
Quest Items,Atlas Book of Skill,1,,2,2,,,,sota,,,,,,,,,,,,,,,,,,,
Quest Items,Flesh Compass,1,,1,1,,,,sota,,,,,,,,,,,,,,,,,,,
Quest Items,Luminous Astrolabe,1,,1,1,,,,sota,,,,,,,,,,,,,,,,,,,
Labyrinth Items,Silver Key,1,,1,1,,,,defa,,,,,,,,,,,,,,,,,,,
Labyrinth Items,Golden Key,1,,1,1,,,,defa,,,,,,,,,,,,,,,,,,,
Labyrinth Items,Treasure Key,1,,1,1,,,,defa,,,,,,,,,,,,,,,,,,,
Labyrinth Trinkets,Bane of the Loyal,1,,1,1,,,,defa,,,,,,,,,,,The next Lieutenant you hit will be killed instantly,,,,,,,,
Labyrinth Trinkets,Cogs of Disruption,1,,1,1,,,,defa,,,,,,,,,,,The next Charge Disruptor you use will reactivate after a short duration,,,,,,,,
Labyrinth Trinkets,Cube Of Absorption,1,,1,1,,,,defa,,,,,,,,,,,The next Conduit you interact with will be disabled permanently,,,,,,,,
Labyrinth Trinkets,Heart of the Gargoyle,1,,1,1,,,,defa,,,,,,,,,,,The next Gargoyle you hit will be killed instantly,,,,,,,,
Labyrinth Trinkets,Orb of Elemental Dispersion,1,,1,1,,,,defa,,,,,,,,,,,The next Essence you hit will be killed instantly,,,,,,,,
Labyrinth Trinkets,Portal Shredder,1,,1,1,,,,defa,,,,,,,,,,,The next Portal you hit will be killed instantly,,,,,,,,
Labyrinth Trinkets,Rod of Detonation,1,,1,1,,,,defa,,,,,,,,,,,The next Font you hit will be killed instantly,,,,,,,,
Labyrinth Trinkets,Sand of Eternity,1,,1,1,,,,defa,,,,,,,,,,,The next Idol you hit will no longer regenerate life,,,,,,,,
Stackable Currency,Blessing of Xoph,1,,1,1,,,,brea,,,,,,,,,,,Upgrades Xoph's Breachstone to a more powerful version,,,,,,,,
Stackable Currency,Blessing of Tul,1,,1,1,,,,brea,,,,,,,,,,,Upgrades Tul's Breachstone to a more powerful version,,,,,,,,
Stackable Currency,Blessing of Esh,1,,1,1,,,,brea,,,,,,,,,,,Upgrades Esh's Breachstone to a more powerful version,,,,,,,,
Stackable Currency,Blessing of Uul-Netol,1,,1,1,,,,brea,,,,,,,,,,,Upgrades Uul-Netol's Breachstone to a more powerful version,,,,,,,,
Stackable Currency,Blessing of Chayula,1,,1,1,,,,brea,,,,,,,,,,,Upgrades Chayula's Breachstone to a more powerful version,,,,,,,,
Abyss Jewels,Murderous Eye Jewel,1,NMRU,1,1,,,,abyss,,,,,,,,,,,,,,,,,,,
Abyss Jewels,Searching Eye Jewel,1,NMRU,1,1,,,,abyss,,,,,,,,,,,,,,,,,,,
Abyss Jewels,Hypnotic Eye Jewel,1,NMRU,1,1,,,,abyss,,,,,,,,,,,,,,,,,,,
Abyss Jewels,Ghastly Eye Jewel,1,NMRU,1,1,,,,abyss,,,,,,,,,,,,,,,,,,,
Abyss Jewels,Assembled Eye Jewel,1,U,1,1,,,,disa,,,,,,,,,,,,,,,,,,,
Belts,Stygian Vise,1,RU,1,2,,,,abyss,,,,,,,,,,,Has 1 Abyssal Socket,,,,,,,,
Stackable Currency,Imprinted Bestiary Orb,1,,1,1,,,,beast,,1,,,,,,,,,,,,,,,,,
Incursion Items,Stone of Passage,1,,1,1,,,,incu,,2,,,,,,,,,,,,,,,,,
Incursion Items,Flashpowder Keg,1,,1,1,,,,incu,,4,,,,,,,,,,,,,,,,,
Stackable Currency,Vial of Dominance,50,,1,1,,,,incu,,1,,,,,,,,,,,,,,,,,
Stackable Currency,Vial of Summoning,50,,1,1,,,,incu,,1,,,,,,,,,,,,,,,,,
Stackable Currency,Vial of Awakening,50,,1,1,,,,incu,,1,,,,,,,,,,,,,,,,,
Stackable Currency,Vial of the Ritual,50,,1,1,,,,incu,,1,,,,,,,,,,,,,,,,,
Stackable Currency,Vial of Fate,50,,1,1,,,,incu,,1,,,,,,,,,,,,,,,,,
Stackable Currency,Vial of Consequence,50,,1,1,,,,incu,,1,,,,,,,,,,,,,,,,,
Stackable Currency,Vial of the Ghost,68,,1,1,,,,incu,,1,,,,,,,,,,,,,,,,,
Stackable Currency,Vial of Transcendence,50,,1,1,,,,incu,,1,,,,,,,,,,,,,,,,,
Stackable Currency,Vial of Sacrifice,68,,1,1,,,,incu,,1,,,,,,,,,,,,,,,,,
Stackable Currency,Scorched Fossil,1,,1,1,,,,delve,,3,,,,,,,,,More Fire modifiers\nNo Cold modifiers,,,,,,,,
Stackable Currency,Frigid Fossil,1,,1,1,,,,delve,,3,,,,,,,,,More Cold modifiers\nNo Fire modifiers,,,,,,,,
Stackable Currency,Metallic Fossil,1,,1,1,,,,delve,,3,,,,,,,,,More Lightning modifiers\nNo Physical modifiers,,,,,,,,
Stackable Currency,Jagged Fossil,1,,1,1,,,,delve,,3,,,,,,,,,More Physical modifiers\nNo Chaos modifiers,,,,,,,,
Stackable Currency,Aberrant Fossil,1,,1,1,,,,delve,,3,,,,,,,,,More Chaos modifiers\nNo Lightning modifiers,,,,,,,,
Stackable Currency,Pristine Fossil,1,,1,1,,,,delve,,3,,,,,,,,,More Life modifiers\nNo Defence modifiers,,,,,,,,
Stackable Currency,Dense Fossil,1,,1,1,,,,delve,,3,,,,,,,,,More Defence modifiers\nNo Life Modifiers,,,,,,,,
Stackable Currency,Corroded Fossil,1,,1,1,,,,delve,,3,,,,,,,,,More Physical Ailment or Chaos Ailment modifiers\nNo Elemental modifiers,,,,,,,,
Stackable Currency,Prismatic Fossil,1,,1,1,,,,delve,,3,,,,,,,,,More Elemental modifiers\nNo Physical Ailment or Chaos Ailment modifiers,,,,,,,,
Stackable Currency,Aetheric Fossil,1,,1,1,,,,delve,,3,,,,,,,,,More Caster modifiers\nFewer Attack modifiers,,,,,,,,
Stackable Currency,Serrated Fossil,1,,1,1,,,,delve,,3,,,,,,,,,More Attack modifiers\nFewer Caster modifiers,,,,,,,,
Stackable Currency,Lucent Fossil,1,,1,1,,,,delve,,3,,,,,,,,,More Mana modifiers\nNo Speed modifiers,,,,,,,,
Stackable Currency,Shuddering Fossil,1,,1,1,,,,delve,,3,,,,,,,,,More Speed modifiers\nNo Mana modifiers,,,,,,,,
Stackable Currency,Bound Fossil,1,,1,1,,,,delve,,3,,,,,,,,,"More Minion, Aura or Curse modifiers",,,,,,,,
Stackable Currency,Opulent Fossil,1,,1,1,,,,delve,,3,,,,,,,,,More Drop modifiers\nNo Tagless modifiers,,,,,,,,
Stackable Currency,Faceted Fossil,1,,1,1,,,,delve,,1,,,,,,,,,More Gem modifiers,,,,,,,,
Stackable Currency,Bloodstained Fossil,1,,1,1,,,,delve,,1,,,,,,,,,Corrupted\nHas a Corrupted implicit modifier,,,,,,,,
Stackable Currency,Hollow Fossil,1,,1,1,,,,delve,,1,,,,,,,,,Has an Abyssal socket,,,,,,,,
Stackable Currency,Fractured Fossil,1,,1,1,,,,delve,,3,,,,,,,,,Fracture a random modifier\nCannot be used on Influenced or Fractured items,,,,,,,,
Stackable Currency,Glyphic Fossil,1,,1,1,,,,delve,,3,,,,,,,,,Has a Corrupt Essence modifier,,,,,,,,
Stackable Currency,Tangled Fossil,1,,1,1,,,,delve,,3,,,,,,,,,Makes a random modifier type much more likely and prevents\nanother random modifier type\nEffects revealed once resonator is fully socketed,,,,,,,,
Stackable Currency,Sanctified Fossil,1,,1,1,,,,delve,,3,,,,,,,,,Numeric modifier values are lucky\nHigh Level modifiers are more common,,,,,,,,
Stackable Currency,Gilded Fossil,1,,1,1,,,,delve,,3,,,,,,,,,Item is overvalued by vendors,,,,,,,,
Delve Stackable Socketable Currency,Primitive Alchemical Resonator,1,,1,1,,,,disa,,4,,,,,,,,,Upgrades a normal item to a rare item,,,,,,,,
Delve Stackable Socketable Currency,Potent Alchemical Resonator,1,,2,1,,,,disa,,3,,,,,,,,,Upgrades a normal item to a rare item,,,,,,,,
Delve Stackable Socketable Currency,Powerful Alchemical Resonator,34,,2,2,,,,disa,,2,,,,,,,,,Upgrades a normal item to a rare item,,,,,,,,
Delve Stackable Socketable Currency,Prime Alchemical Resonator,68,,2,2,,,,disa,,1,,,,,,,,,Upgrades a normal item to a rare item,,,,,,,,
Delve Stackable Socketable Currency,Primitive Chaotic Resonator,34,,1,1,,,,delve,,4,,,,,,,,,Reforges a rare item with new random modifiers,,,,,,,,
Delve Stackable Socketable Currency,Potent Chaotic Resonator,34,,2,1,,,,delve,,3,,,,,,,,,Reforges a rare item with new random modifiers,,,,,,,,
Delve Stackable Socketable Currency,Powerful Chaotic Resonator,34,,2,2,,,,delve,,2,,,,,,,,,Reforges a rare item with new random modifiers,,,,,,,,
Delve Stackable Socketable Currency,Prime Chaotic Resonator,68,,2,2,,,,delve,,1,,,,,,,,,Reforges a rare item with new random modifiers,,,,,,,,
Vault Keys,Timeworn Reliquary Key,50,,1,1,,,,nonDrop,,3,,,,,,,,,,,,,,,,,
Map Fragments,Craicic Lure,68,,1,1,,,,disa,,1,,,,,,,,,Area contains Einhar\nArea contains 4 additional Red Beasts from The Deep\nCannot be used alongside a Bestiary Scarab,,,,,,,,
Map Fragments,Farric Lure,68,,1,1,,,,disa,,1,,,,,,,,,Area contains Einhar\nArea contains 4 additional Red Beasts from The Wilds\nCannot be used alongside a Bestiary Scarab,,,,,,,,
Map Fragments,Fenumal Lure,68,,1,1,,,,disa,,1,,,,,,,,,Area contains Einhar\nArea contains 4 additional Red Beasts from The Caverns\nCannot be used alongside a Bestiary Scarab,,,,,,,,
Map Fragments,Saqawine Lure,68,,1,1,,,,disa,,1,,,,,,,,,Area contains Einhar\nArea contains 4 additional Red Beasts from The Sands\nCannot be used alongside a Bestiary Scarab,,,,,,,,
Map Fragments,Timeless Karui Emblem,75,,1,1,,,,legion,,3,,,,,,,,,10% increased Experience Gain\n20% increased Reward progress from Monster Kills\nMonsters deal 10% increased Damage\nMonsters have 10% increased Toughness for each time they have been Revived\nMonsters gain 50% increased Critical Strike Chance each time they are Revived\nMonsters gain +5% to Critical Strike Multiplier each time they are Revived,,,,,,,,
Map Fragments,Timeless Maraketh Emblem,75,,1,1,,,,legion,,3,,,,,,,,,10% increased Experience Gain\n20% increased Reward progress from Monster Kills\nMonsters deal 10% increased Damage\nMonsters have 10% increased Toughness for each time they have been Revived\nMonsters have 5% increased Attack and Cast Speed for each time they have been Revived,,,,,,,,
Map Fragments,Timeless Eternal Emblem,75,,1,1,,,,legion,,3,,,,,,,,,10% increased Experience Gain\n20% increased Reward progress from Monster Kills\nMonsters deal 10% increased Damage\nMonsters have 10% increased Toughness for each time they have been Revived\nMonsters have 10% increased Accuracy Rating for each time they have been Revived\nMonsters have 5% increased Area of Effect for each time they have been Revived,,,,,,,,
Map Fragments,Timeless Templar Emblem,75,,1,1,,,,legion,,3,,,,,,,,,10% increased Experience Gain\n20% increased Reward progress from Monster Kills\nMonsters deal 10% increased Damage\nMonsters have 10% increased Toughness for each time they have been Revived\nMonsters Penetrate 3% of Enemy Elemental Resistances for each time\nthey have been Revived,,,,,,,,
Map Fragments,Timeless Vaal Emblem,75,,1,1,,,,legion,,3,,,,,,,,,10% increased Experience Gain\n20% increased Reward progress from Monster Kills\nMonsters deal 10% increased Damage\nMonsters have 10% increased Toughness for each time they have been Revived\nMonsters gain 5% of Physical Damage as Extra Chaos Damage for each time\nthey have been Revived,,,,,,,,
Stackable Currency,Timeless Karui Splinter,1,,1,1,,,,legion,,3,,,,,,,,,,,,,,,,,
Stackable Currency,Timeless Maraketh Splinter,1,,1,1,,,,legion,,3,,,,,,,,,,,,,,,,,
Stackable Currency,Timeless Eternal Empire Splinter,1,,1,1,,,,legion,,3,,,,,,,,,,,,,,,,,
Stackable Currency,Timeless Templar Splinter,1,,1,1,,,,legion,,3,,,,,,,,,,,,,,,,,
Stackable Currency,Timeless Vaal Splinter,1,,1,1,,,,legion,,3,,,,,,,,,,,,,,,,,
Jewels,Timeless Jewel,20,U,1,1,,,,nonDrop,,2,,,,,,,,,,,,,,,,,
Stackable Currency,Clear Oil,1,,1,1,,,,blight,,4,,,,,,,,,,,,,,,,,
Stackable Currency,Sepia Oil,10,,1,1,,,,blight,,4,,,,,,,,,,,,,,,,,
Stackable Currency,Amber Oil,19,,1,1,,,,blight,,3,,,,,,,,,,,,,,,,,
Stackable Currency,Verdant Oil,27,,1,1,,,,blight,,3,,,,,,,,,,,,,,,,,
Stackable Currency,Teal Oil,36,,1,1,,,,blight,,3,,,,,,,,,,,,,,,,,
Stackable Currency,Azure Oil,44,,1,1,,,,blight,,3,,,,,,,,,,,,,,,,,
Stackable Currency,Indigo Oil,48,,1,1,,,,blight,,3,,,,,,,,,,,,,,,,,
Stackable Currency,Violet Oil,52,,1,1,,,,blight,,2,,,,,,,,,,,,,,,,,
Stackable Currency,Crimson Oil,60,,1,1,,,,blight,,2,,,,,,,,,,,,,,,,,
Stackable Currency,Black Oil,68,,1,1,,,,blight,,2,,,,,,,,,,,,,,,,,
Stackable Currency,Opalescent Oil,73,,1,1,,,,blight,,2,,,,,,,,,,,,,,,,,
Stackable Currency,Silver Oil,78,,1,1,,,,blight,,1,,,,,,,,,,,,,,,,,
Stackable Currency,Golden Oil,80,,1,1,,,,blight,,1,,,,,,,,,,,,,,,,,
Stackable Currency,Tainted Oil,1,,1,1,,,,blight,,1,,,,,,,,,,,,,,,,,
Stackable Currency,Prismatic Oil,80,,1,1,,,,blight,,1,,,,,,,,,,,,,,,,,
Stackable Currency,Turbulent Catalyst,1,,1,1,,,,metam,,3,,,,,,,,,"Adds quality that enhances Elemental Damage modifiers on a ring, amulet or belt\nReplaces other quality types",,,,,,,,
Stackable Currency,Imbued Catalyst,1,,1,1,,,,metam,,3,,,,,,,,,"Adds quality that enhances Caster modifiers on a ring, amulet or belt\nReplaces other quality types",,,,,,,,
Stackable Currency,Abrasive Catalyst,1,,1,1,,,,metam,,3,,,,,,,,,"Adds quality that enhances Attack modifiers on a ring, amulet or belt\nReplaces other quality types",,,,,,,,
Stackable Currency,Tempering Catalyst,68,,1,1,,,,metam,,3,,,,,,,,,"Adds quality that enhances Defence modifiers on a ring, amulet or belt\nReplaces other quality types",,,,,,,,
Stackable Currency,Fertile Catalyst,68,,1,1,,,,metam,,3,,,,,,,,,"Adds quality that enhances Life and Mana modifiers on a ring, amulet or belt\nReplaces other quality types",,,,,,,,
Stackable Currency,Prismatic Catalyst,68,,1,1,,,,metam,,3,,,,,,,,,"Adds quality that enhances Resistance modifiers on a ring, amulet or belt\nReplaces other quality types",,,,,,,,
Stackable Currency,Intrinsic Catalyst,1,,1,1,,,,metam,,3,,,,,,,,,"Adds quality that enhances Attribute modifiers on a ring, amulet or belt\nReplaces other quality types",,,,,,,,
Stackable Currency,Noxious Catalyst,1,,1,1,,,,metam,,3,,,,,,,,,"Adds quality that enhances Physical and Chaos Damage modifiers on a ring, amulet or belt\nReplaces other quality types",,,,,,,,
Stackable Currency,Accelerating Catalyst,1,,1,1,,,,metam,,3,,,,,,,,,"Adds quality that enhances Speed modifiers on a ring, amulet or belt\nReplaces other quality types",,,,,,,,
Stackable Currency,Unstable Catalyst,1,,1,1,,,,metam,,3,,,,,,,,,"Adds quality that enhances Critical modifiers on a ring, amulet or belt\nReplaces other quality types",,,,,,,,
Stackable Currency,Tainted Catalyst,1,,1,1,,,,metam,,3,,,,,,,,,"Applies a random quality type and amount of quality to a Corrupted ring, amulet or belt\nReplaces other quality types",,,,,,,,
Stackable Currency,Crusader's Exalted Orb,1,,1,1,,,,metam,,2,,,,,,,,,Adds Crusader influence and a new Crusader modifier to a rare item,,,,,,,,
Stackable Currency,Redeemer's Exalted Orb,1,,1,1,,,,metam,,2,,,,,,,,,Adds Redeemer influence and a new Redeemer modifier to a rare item,,,,,,,,
Stackable Currency,Hunter's Exalted Orb,1,,1,1,,,,metam,,2,,,,,,,,,Adds Hunter influence and a new Hunter modifier to a rare item,,,,,,,,
Stackable Currency,Warlord's Exalted Orb,1,,1,1,,,,metam,,2,,,,,,,,,Adds Warlord influence and a new Warlord modifier to a rare item,,,,,,,,
Stackable Currency,Awakener's Orb,1,,1,1,,,,metam,,2,,,,,,,,,"Destroys an item, applying its influence to another of the same item class\nThe second item is reforged as a rare item with both influence types and new modifiers",,,,,,,,
Map Fragments,Fragment of Enslavement,80,,1,1,,,,metam,,,,,,,,,,,,,,,,,,,
Map Fragments,Fragment of Eradication,80,,1,1,,,,metam,,,,,,,,,,,,,,,,,,,
Map Fragments,Fragment of Constriction,80,,1,1,,,,metam,,,,,,,,,,,,,,,,,,,
Map Fragments,Fragment of Purification,80,,1,1,,,,metam,,,,,,,,,,,,,,,,,,,
Map Fragments,Fragment of Shape,80,,1,1,,,,metam,,,,,,,,,,,,,,,,,,,
Map Fragments,Fragment of Knowledge,80,,1,1,,,,metam,,,,,,,,,,,,,,,,,,,
Map Fragments,Fragment of Terror,80,,1,1,,,,metam,,,,,,,,,,,,,,,,,,,
Map Fragments,Fragment of Emptiness,80,,1,1,,,,metam,,,,,,,,,,,,,,,,,,,
Support Gems,Awakened Added Fire Damage Support,72,,1,1,,,,awakened,,,,,,,,,,,,,,,,,,,
Support Gems,Awakened Ancestral Call Support,72,,1,1,,,,awakened,,,,,,,,,,,,,,,,,,,
Support Gems,Awakened Brutality Support,72,,1,1,,,,awakened,,,,,,,,,,,,,,,,,,,
Support Gems,Awakened Burning Damage Support,72,,1,1,,,,awakened,,,,,,,,,,,,,,,,,,,
Support Gems,Awakened Elemental Damage with Attacks Support,72,,1,1,,,,awakened,,,,,,,,,,,,,,,,,,,
Support Gems,Awakened Fire Penetration Support,72,,1,1,,,,awakened,,,,,,,,,,,,,,,,,,,
Support Gems,Awakened Generosity Support,72,,1,1,,,,awakened,,,,,,,,,,,,,,,,,,,
Support Gems,Awakened Melee Physical Damage Support,72,,1,1,,,,awakened,,,,,,,,,,,,,,,,,,,
Support Gems,Awakened Melee Splash Support,72,,1,1,,,,awakened,,,,,,,,,,,,,,,,,,,
Support Gems,Awakened Multistrike Support,72,,1,1,,,,awakened,,,,,,,,,,,,,,,,,,,
Support Gems,Awakened Added Cold Damage Support,72,,1,1,,,,awakened,,,,,,,,,,,,,,,,,,,
Support Gems,Awakened Arrow Nova Support,72,,1,1,,,,awakened,,,,,,,,,,,,,,,,,,,
Support Gems,Awakened Cast On Critical Strike Support,72,,1,1,,,,awakened,,,,,,,,,,,,,,,,,,,
Support Gems,Awakened Chain Support,72,,1,1,,,,awakened,,,,,,,,,,,,,,,,,,,
Support Gems,Awakened Cold Penetration Support,72,,1,1,,,,awakened,,,,,,,,,,,,,,,,,,,
Support Gems,Awakened Deadly Ailments Support,72,,1,1,,,,awakened,,,,,,,,,,,,,,,,,,,
Support Gems,Awakened Fork Support,72,,1,1,,,,awakened,,,,,,,,,,,,,,,,,,,
Support Gems,Awakened Greater Multiple Projectiles Support,72,,1,1,,,,awakened,,,,,,,,,,,,,,,,,,,
Support Gems,Awakened Swift Affliction Support,72,,1,1,,,,awakened,,,,,,,,,,,,,,,,,,,
Support Gems,Awakened Void Manipulation Support,72,,1,1,,,,awakened,,,,,,,,,,,,,,,,,,,
Support Gems,Awakened Vicious Projectiles Support,72,,1,1,,,,awakened,,,,,,,,,,,,,,,,,,,
Support Gems,Awakened Added Chaos Damage Support,72,,1,1,,,,awakened,,,,,,,,,,,,,,,,,,,
Support Gems,Awakened Added Lightning Damage Support,72,,1,1,,,,awakened,,,,,,,,,,,,,,,,,,,
Support Gems,Awakened Blasphemy Support,72,,1,1,,,,awakened,,,,,,,,,,,,,,,,,,,
Support Gems,Awakened Cast While Channelling Support,72,,1,1,,,,awakened,,,,,,,,,,,,,,,,,,,
Support Gems,Awakened Controlled Destruction Support,72,,1,1,,,,awakened,,,,,,,,,,,,,,,,,,,
Support Gems,Awakened Hextouch Support,72,,1,1,,,,awakened,,,,,,,,,,,,,,,,,,,
Support Gems,Awakened Elemental Focus Support,72,,1,1,,,,awakened,,,,,,,,,,,,,,,,,,,
Support Gems,Awakened Increased Area of Effect Support,72,,1,1,,,,awakened,,,,,,,,,,,,,,,,,,,
Support Gems,Awakened Lightning Penetration Support,72,,1,1,,,,awakened,,,,,,,,,,,,,,,,,,,
Support Gems,Awakened Minion Damage Support,72,,1,1,,,,awakened,,,,,,,,,,,,,,,,,,,
Support Gems,Awakened Spell Cascade Support,72,,1,1,,,,awakened,,,,,,,,,,,,,,,,,,,
Support Gems,Awakened Spell Echo Support,72,,1,1,,,,awakened,,,,,,,,,,,,,,,,,,,
Support Gems,Awakened Unbound Ailments Support,72,,1,1,,,,awakened,,,,,,,,,,,,,,,,,,,
Support Gems,Awakened Unleash Support,72,,1,1,,,,awakened,,,,,,,,,,,,,,,,,,,
Support Gems,Awakened Enlighten Support,72,,1,1,,,,awakened,,,,,,,,,,,,,,,,,,,
Support Gems,Awakened Enhance Support,72,,1,1,,,,awakened,,,,,,,,,,,,,,,,,,,
Support Gems,Awakened Empower Support,72,,1,1,,,,awakened,,,,,,,,,,,,,,,,,,,
Jewels,Large Cluster Jewel,1,NMRU,1,1,,,,deli,,,,,,,,,,,,,,,,,,,
Jewels,Medium Cluster Jewel,1,NMRU,1,1,,,,deli,,,,,,,,,,,,,,,,,,,
Jewels,Small Cluster Jewel,1,NMRU,1,1,,,,deli,,,,,,,,,,,,,,,,,,,
Stackable Currency,Fine Delirium Orb,1,,1,1,,,,deli,,,,,,,,,,,Modifies a Map item adding layers of Delirium with the Currency Items reward type,,,,,,,,
Stackable Currency,Singular Delirium Orb,1,,1,1,,,,deli,,,,,,,,,,,Modifies a Map item adding layers of Delirium with the Unique Items reward type,,,,,,,,
Stackable Currency,Thaumaturge's Delirium Orb,1,,1,1,,,,deli,,,,,,,,,,,Modifies a Map item adding layers of Delirium with the Gems reward type,,,,,,,,
Stackable Currency,Blacksmith's Delirium Orb,1,,1,1,,,,deli,,,,,,,,,,,Modifies a Map item adding layers of Delirium with the Weapons reward type,,,,,,,,
Stackable Currency,Armoursmith's Delirium Orb,1,,1,1,,,,deli,,,,,,,,,,,Modifies a Map item adding layers of Delirium with the Armour reward type,,,,,,,,
Stackable Currency,Cartographer's Delirium Orb,1,,1,1,,,,deli,,,,,,,,,,,Modifies a Map item adding layers of Delirium with the Map Items reward type,,,,,,,,
Stackable Currency,Jeweller's Delirium Orb,1,,1,1,,,,deli,,,,,,,,,,,Modifies a Map item adding layers of Delirium with the Trinkets reward type,,,,,,,,
Stackable Currency,Abyssal Delirium Orb,1,,1,1,,,,deli,,,,,,,,,,,Modifies a Map item adding layers of Delirium with the Abyss Items reward type,,,,,,,,
Stackable Currency,Whispering Delirium Orb,1,,1,1,,,,deli,,,,,,,,,,,Modifies a Map item adding layers of Delirium with the Essences reward type,,,,,,,,
Stackable Currency,Fragmented Delirium Orb,1,,1,1,,,,deli,,,,,,,,,,,Modifies a Map item adding layers of Delirium with the Fragments reward type,,,,,,,,
Stackable Currency,Skittering Delirium Orb,1,,1,1,,,,deli,,,,,,,,,,,Modifies a Map item adding layers of Delirium with the Scarabs reward type,,,,,,,,
Stackable Currency,Fossilised Delirium Orb,1,,1,1,,,,disa,,,,,,,,,,,Modifies a Map item adding layers of Delirium with the Fossils reward type,,,,,,,,
Stackable Currency,Diviner's Delirium Orb,1,,1,1,,,,deli,,,,,,,,,,,Modifies a Map item adding layers of Delirium with the Divination Cards reward type,,,,,,,,
Stackable Currency,Timeless Delirium Orb,1,,1,1,,,,deli,,,,,,,,,,,Modifies a Map item adding layers of Delirium with the Legion reward type,,,,,,,,
Stackable Currency,Blighted Delirium Orb,1,,1,1,,,,deli,,,,,,,,,,,Modifies a Map item adding layers of Delirium with the Blight reward type,,,,,,,,
Stackable Currency,Simulacrum Splinter,1,,1,1,,,,deli,,,,,,,,,,,,,,,,,,,
Stackable Currency,Delirium Orb,1,,1,1,,,,disa,,,,,,,,,,,,,,,,,,,
Map Fragments,Simulacrum,75,,1,1,,,,deli,,,,,,,,,,,,,,,,,,,
Stackable Currency,Facetor's Lens,1,,1,1,,,,harv,,,,,,,,,,,"Adds stored experience to a gem, up to its maximum level",,,,,,,,
Map Fragments,Tribute to the Goddess,1,,1,1,,,,harv,,,,,,,,,,,The Labyrinth's rewards have been enriched.,,,,,,,,
Map Fragments,Gift to the Goddess,1,,1,1,,,,harv,,,,,,,,,,,The Divine Font can be used additional times.,,,,,,,,
Map Fragments,Dedication to the Goddess,1,,1,1,,,,harv,,,,,,,,,,,The Divine Font will offer additional Corrupted Gem crafting options.,,,,,,,,
Stackable Currency,Rogue's Marker,48,,1,1,,,,heis,,,,,,,,,,,Creates a portal to the Rogue Harbour from a Town or Hideout\nUsed as Currency for services in the Rogue Harbour,,,,,,,,
Stackable Currency,Prime Regrading Lens,1,,1,1,,,,disa,,,,,,,,,,,Change the type of quality of a skill gem with quality to another random quality,,,,,,,,
Stackable Currency,Secondary Regrading Lens,1,,1,1,,,,disa,,,,,,,,,,,Change the type of quality of a support gem with quality to another random quality,,,,,,,,
Stackable Currency,Tempering Orb,1,,1,1,,,,heis,,,,,,,,,,,Adds or replaces an enchantment on a weapon\nThis may reforge the weapon's sockets,,,,,,,,
Stackable Currency,Tailoring Orb,1,,1,1,,,,heis,,,,,,,,,,,Adds or replaces an enchantment on a body armour\nThis may reforge the body armour's sockets,,,,,,,,
Trinkets,Thief's Trinket,1,R,1,1,,,,heis,,,,,,,,,,,,,,,,,,,
Heist Targets,Urn of Farud,1,,2,2,,,,heis,,,,,,,,,,,,,,,,,,,
Contracts,Contract: Bunker,48,NMR,1,1,,,,heis,,,,,,,,,,,,,,,,,,,
Contracts,Contract: Smuggler's Den,50,NMR,1,1,,,,heis,,,,,,,,,,,,,,,,,,,
Contracts,Contract: Laboratory,60,NMR,1,1,,,,heis,,,,,,,,,,,,,,,,,,,
Contracts,Contract: Repository,55,NMR,1,1,,,,heis,,,,,,,,,,,,,,,,,,,
Contracts,Contract: Prohibited Library,60,NMR,1,1,,,,heis,,,,,,,,,,,,,,,,,,,
Contracts,Contract: Tunnels,55,NMR,1,1,,,,heis,,,,,,,,,,,,,,,,,,,
Contracts,Contract: Underbelly,48,NMR,1,1,,,,heis,,,,,,,,,,,,,,,,,,,
Contracts,Contract: Records Office,50,NMR,1,1,,,,heis,hItem,,,,,,,,,,,,,,,,,,
Contracts,Contract: Mansion,50,NMR,1,1,,,,heis,hItem,,,,,,,,,,,,,,,,,,
Contracts,Preventative Contract,80,U,1,1,,,,heis,hItem,,,,,,,,,,,,,,,,,,
Contracts,Familial Contract,81,U,1,1,,,,heis,hItem,,,,,,,,,,,,,,,,,,
Contracts,Vigilante Contract,80,U,1,1,,,,heis,hItem,,,,,,,,,,,,,,,,,,
Contracts,Naval Contract,82,U,1,1,,,,heis,hItem,,,,,,,,,,,,,,,,,,
Contracts,Vengeful Contract,83,U,1,1,,,,heis,hItem,,,,,,,,,,,,,,,,,,
Blueprints,Blueprint: Bunker,50,NMR,1,1,,,,heis,hItem,,,,,,,,,,,,,,,,,,
Blueprints,Blueprint: Smuggler's Den,50,NMR,1,1,,,,heis,hItem,,,,,,,,,,,,,,,,,,
Blueprints,Blueprint: Laboratory,60,NMR,1,1,,,,heis,hItem,,,,,,,,,,,,,,,,,,
Blueprints,Blueprint: Repository,55,NMR,1,1,,,,heis,hItem,,,,,,,,,,,,,,,,,,
Blueprints,Blueprint: Prohibited Library,60,NMR,1,1,,,,heis,hItem,,,,,,,,,,,,,,,,,,
Blueprints,Blueprint: Tunnels,55,NMR,1,1,,,,heis,hItem,,,,,,,,,,,,,,,,,,
Blueprints,Blueprint: Underbelly,50,NMR,1,1,,,,heis,hItem,,,,,,,,,,,,,,,,,,
Blueprints,Blueprint: Records Office,50,NMR,1,1,,,,heis,hItem,,,,,,,,,,,,,,,,,,
Blueprints,Blueprint: Mansion,50,NMR,1,1,,,,heis,hItem,,,,,,,,,,,,,,,,,,
Quest Items,Contract: Stolen Lockpicks,48,,1,1,,,,heis,hItem,,,,,,,,,,,,,,,,,,
Quest Items,Contract: Karst's Revenge,55,,1,1,,,,heis,hItem,,,,,,,,,,,,,,,,,,
Quest Items,Contract: Credit Where Credit's Due,68,,1,1,,,,heis,hItem,,,,,,,,,,,,,,,,,,
Quest Items,Contract: Finding Opal,48,,1,1,,,,heis,hItem,,,,,,,,,,,,,,,,,,
Quest Items,Contract: Opal's Jewels,55,,1,1,,,,heis,hItem,,,,,,,,,,,,,,,,,,
Quest Items,Contract: Enoch's Whereabouts,55,,1,1,,,,heis,hItem,,,,,,,,,,,,,,,,,,
Quest Items,Contract: Enoch's Remains,68,,1,1,,,,heis,hItem,,,,,,,,,,,,,,,,,,
Quest Items,Contract: Grocery List,60,,1,1,,,,heis,hItem,,,,,,,,,,,,,,,,,,
Quest Items,Contract: The Vinderi Bomb,78,,1,1,,,,heis,hItem,,,,,,,,,,,,,,,,,,
Quest Items,Contract: The Nameless Play,68,,1,1,,,,heis,hItem,,,,,,,,,,,,,,,,,,
Quest Items,Contract: The Finest Costumes,80,,1,1,,,,heis,hItem,,,,,,,,,,,,,,,,,,
Quest Items,Contract: The Wedding Dress,55,,1,1,,,,heis,hItem,,,,,,,,,,,,,,,,,,
Quest Items,Contract: Disengagement,68,,1,1,,,,heis,hItem,,,,,,,,,,,,,,,,,,
Quest Items,Contract: Rational Tools,68,,1,1,,,,heis,hItem,,,,,,,,,,,,,,,,,,
Quest Items,Contract: A Mundane Sample,75,,1,1,,,,heis,hItem,,,,,,,,,,,,,,,,,,
Quest Items,Contract: The Book of Jamanra,68,,1,1,,,,heis,hItem,,,,,,,,,,,,,,,,,,
Quest Items,Contract: Isla's Prototypes,46,,1,1,,,,heis,hItem,,,,,,,,,,,,,,,,,,
Quest Items,Contract: Isla's Designs,55,,1,1,,,,heis,hItem,,,,,,,,,,,,,,,,,,
Quest Items,Contract: A Matter of Honour,60,,1,1,,,,heis,hItem,,,,,,,,,,,,,,,,,,
Quest Items,Contract: Flying False Colours,75,,1,1,,,,heis,hItem,,,,,,,,,,,,,,,,,,
Quest Items,Contract: Slaver's Revenge,60,,1,1,,,,heis,hItem,,,,,,,,,,,,,,,,,,
Quest Items,Contract: Follow the Paper Trail,75,,1,1,,,,heis,hItem,,,,,,,,,,,,,,,,,,
Quest Items,Contract: The Admiral's Records,60,,1,1,,,,heis,hItem,,,,,,,,,,,,,,,,,,
Quest Items,Contract: Findings for Fidium,75,,1,1,,,,heis,hItem,,,,,,,,,,,,,,,,,,
Quest Items,Contract: Hyrri's Gift,68,,1,1,,,,heis,hItem,,,,,,,,,,,,,,,,,,
Quest Items,Contract: The Negotiation,75,,1,1,,,,heis,hItem,,,,,,,,,,,,,,,,,,
Quest Items,Contract: The Rescue,75,,1,1,,,,heis,hItem,,,,,,,,,,,,,,,,,,
Heist Cloaks,Torn Cloak,60,NMR,2,2,,,,heis,hItem,,,,,,,,,,2% reduced raising of Alert Level,,,,,,,,
Heist Cloaks,Tattered Cloak,75,NMR,2,2,,,,heis,hItem,,,,,,,,,,3% reduced raising of Alert Level,,,,,,,,
Heist Cloaks,Hooded Cloak,80,NMR,2,2,,,,heis,hItem,,,,,,,,,,4% reduced raising of Alert Level,,,,,,,,
Heist Cloaks,Whisper-woven Cloak,83,NMR,2,2,,,,heis,hItem,,,,,,,,,,5% reduced raising of Alert Level,,,,,,,,
Heist Brooches,Silver Brooch,60,NMR,1,1,,,,heis,hItem,,,,,,,,,,11-15% increased Rarity of Items dropped in Heists,,,,,,,,
Heist Brooches,Golden Brooch,75,NMR,1,1,,,,heis,hItem,,,,,,,,,,16-20% increased Rarity of Items dropped in Heists,,,,,,,,
Heist Brooches,Enamel Brooch,80,NMR,1,1,,,,heis,hItem,,,,,,,,,,21-25% increased Rarity of Items dropped in Heists,,,,,,,,
Heist Brooches,Foliate Brooch,83,NMR,1,1,,,,heis,hItem,,,,,,,,,,26-30% increased Rarity of Items dropped in Heists,,,,,,,,
Heist Tools,Simple Lockpick,60,NMR,2,2,,,,heis,hItem,,,,,,,,,,4-6% increased Lockpicking speed,,,,,,,,
Heist Tools,Standard Lockpick,75,NMR,2,2,,,,heis,hItem,,,,,,,,,,7-9% increased Lockpicking speed,,,,,,,,
Heist Tools,Fine Lockpick,80,NMR,2,2,,,,heis,hItem,,,,,,,,,,10-12% increased Lockpicking speed,,,,,,,,
Heist Tools,Master Lockpick,83,NMR,2,2,,,,heis,hItem,,,,,,,,,,13-15% increased Lockpicking speed,,,,,,,,
Heist Tools,Leather Bracers,60,NMR,2,2,,,,heis,hItem,,,,,,,,,,4-6% increased Brute Force speed,,,,,,,,
Heist Tools,Studded Bracers,75,NMR,2,2,,,,heis,hItem,,,,,,,,,,7-9% increased Brute Force speed,,,,,,,,
Heist Tools,Runed Bracers,80,NMR,2,2,,,,heis,hItem,,,,,,,,,,10-12% increased Brute Force speed,,,,,,,,
Heist Tools,Steel Bracers,83,NMR,2,2,,,,heis,hItem,,,,,,,,,,13-15% increased Brute Force speed,,,,,,,,
Heist Tools,Crude Sensing Charm,60,NMR,2,2,,,,heis,hItem,,,,,,,,,,4-6% increased Perception speed,,,,,,,,
Heist Tools,Fine Sensing Charm,75,NMR,2,2,,,,heis,hItem,,,,,,,,,,7-9% increased Perception speed,,,,,,,,
Heist Tools,Polished Sensing Charm,80,NMR,2,2,,,,heis,hItem,,,,,,,,,,10-12% increased Perception speed,,,,,,,,
Heist Tools,Thaumaturgical Sensing Charm,83,NMR,2,2,,,,heis,hItem,,,,,,,,,,13-15% increased Perception speed,,,,,,,,
Heist Tools,Voltaxic Flashpowder,60,NMR,2,2,,,,heis,hItem,,,,,,,,,,4-6% increased Demolition speed,,,,,,,,
Heist Tools,Trarthan Flashpowder,75,NMR,2,2,,,,heis,hItem,,,,,,,,,,7-9% increased Demolition speed,,,,,,,,
Heist Tools,Azurite Flashpowder,80,NMR,2,2,,,,heis,hItem,,,,,,,,,,10-12% increased Demolition speed,,,,,,,,
Heist Tools,Thaumetic Flashpowder,83,NMR,2,2,,,,heis,hItem,,,,,,,,,,13-15% increased Demolition speed,,,,,,,,
Heist Tools,Crude Ward,60,NMR,2,2,,,,heis,hItem,,,,,,,,,,4-6% increased Counter-Thaumaturgy speed,,,,,,,,
Heist Tools,Lustrous Ward,75,NMR,2,2,,,,heis,hItem,,,,,,,,,,7-9% increased Counter-Thaumaturgy speed,,,,,,,,
Heist Tools,Shining Ward,80,NMR,2,2,,,,heis,hItem,,,,,,,,,,10-12% increased Counter-Thaumaturgy speed,,,,,,,,
Heist Tools,Thaumaturgical Ward,83,NMR,2,2,,,,heis,hItem,,,,,,,,,,13-15% increased Counter-Thaumaturgy speed,,,,,,,,
Heist Tools,Essential Keyring,60,NMR,2,2,,,,heis,hItem,,,,,,,,,,4-6% increased Trap Disarmament speed,,,,,,,,
Heist Tools,Versatile Keyring,75,NMR,2,2,,,,heis,hItem,,,,,,,,,,7-9% increased Trap Disarmament speed,,,,,,,,
Heist Tools,Skeleton Keyring,80,NMR,2,2,,,,heis,hItem,,,,,,,,,,10-12% increased Trap Disarmament speed,,,,,,,,
Heist Tools,Grandmaster Keyring,83,NMR,2,2,,,,heis,hItem,,,,,,,,,,13-15% increased Trap Disarmament speed,,,,,,,,
Heist Tools,Eelskin Sole,60,NMR,2,2,,,,heis,hItem,,,,,,,,,,4-6% increased Agility speed,,,,,,,,
Heist Tools,Foxhide Sole,75,NMR,2,2,,,,heis,hItem,,,,,,,,,,7-9% increased Agility speed,,,,,,,,
Heist Tools,Winged Sole,80,NMR,2,2,,,,heis,hItem,,,,,,,,,,10-12% increased Agility speed,,,,,,,,
Heist Tools,Silkweave Sole,83,NMR,2,2,,,,heis,hItem,,,,,,,,,,13-15% increased Agility speed,,,,,,,,
Heist Tools,Basic Disguise Kit,60,NMR,2,2,,,,heis,hItem,,,,,,,,,,4-6% increased Deception speed,,,,,,,,
Heist Tools,Theatre Disguise Kit,75,NMR,2,2,,,,heis,hItem,,,,,,,,,,7-9% increased Deception speed,,,,,,,,
Heist Tools,Espionage Disguise Kit,80,NMR,2,2,,,,heis,hItem,,,,,,,,,,10-12% increased Deception speed,,,,,,,,
Heist Tools,Regicide Disguise Kit,83,NMR,2,2,,,,heis,hItem,,,,,,,,,,13-15% increased Deception speed,,,,,,,,
Heist Tools,Steel Drill,60,NMR,2,2,,,,heis,hItem,,,,,,,,,,4-6% increased Engineering speed,,,,,,,,
Heist Tools,Flanged Drill,75,NMR,2,2,,,,heis,hItem,,,,,,,,,,7-9% increased Engineering speed,,,,,,,,
Heist Tools,Sulphur Blowtorch,80,NMR,2,2,,,,heis,hItem,,,,,,,,,,10-12% increased Engineering speed,,,,,,,,
Heist Tools,Thaumetic Blowtorch,83,NMR,2,2,,,,heis,hItem,,,,,,,,,,13-15% increased Engineering speed,,,,,,,,
Heist Gear,Rough Sharpening Stone,60,NMR,2,2,,,,heis,hItem,,,,,,,,,,11-15% increased Melee Damage,,,,,,,,
Heist Gear,Standard Sharpening Stone,75,NMR,2,2,,,,heis,hItem,,,,,,,,,,16-20% increased Melee Damage,,,,,,,,
Heist Gear,Fine Sharpening Stone,80,NMR,2,2,,,,heis,hItem,,,,,,,,,,21-25% increased Melee Damage,,,,,,,,
Heist Gear,Obsidian Sharpening Stone,83,NMR,2,2,,,,heis,hItem,,,,,,,,,,26-30% increased Melee Damage,,,,,,,,
Heist Gear,Flanged Arrowhead,60,NMR,2,2,,,,heis,hItem,,,,,,,,,,11-15% increased Projectile Attack Damage,,,,,,,,
Heist Gear,Fragmenting Arrowhead,75,NMR,2,2,,,,heis,hItem,,,,,,,,,,16-20% increased Projectile Attack Damage,,,,,,,,
Heist Gear,Hollowpoint Arrowhead,80,NMR,2,2,,,,heis,hItem,,,,,,,,,,21-25% increased Projectile Attack Damage,,,,,,,,
Heist Gear,Precise Arrowhead,83,NMR,2,2,,,,heis,hItem,,,,,,,,,,26-30% increased Projectile Attack Damage,,,,,,,,
Heist Gear,Focal Stone,60,NMR,2,2,,,,heis,hItem,,,,,,,,,,11-15% increased Spell Damage,,,,,,,,
Heist Gear,Conduit Line,75,NMR,2,2,,,,heis,hItem,,,,,,,,,,16-20% increased Spell Damage,,,,,,,,
Heist Gear,Aggregator Charm,80,NMR,2,2,,,,heis,hItem,,,,,,,,,,21-25% increased Spell Damage,,,,,,,,
Heist Gear,Burst Band,83,NMR,2,2,,,,heis,hItem,,,,,,,,,,26-30% increased Spell Damage,,,,,,,,
Wands,Assembler Wand,30,NMR,3,1,3,0,,heis,disa,,,,101,15,28,1.5,32.25,0.085,"Gain an Endurance, Frenzy or Power Charge every 6 seconds",,,,,,,,
Wands,Congregator Wand,50,NMR,3,1,3,0,,heis,exp,,,,168,23,43,1.5,49.5,0.085,"Gain an Endurance, Frenzy or Power Charge every 6 seconds",,,,,,,,
Wands,Accumulator Wand,70,NMR,3,1,3,0,,heis,exp,,,,237,27,50,1.5,57.75,0.085,"Gain 2 Endurance, Frenzy or Power Charges every 6 seconds",,,,,,,,
Daggers,Hollowpoint Dagger,30,NMR,3,1,3,0,,heis,disa,,,54,54,12,46,1.4,40.6,0.088,All Damage from Hits with This Weapon can Poison,,,,,,,,
Daggers,Pressurised Dagger,50,NMR,3,1,3,0,,heis,exp,,,86,86,18,71,1.4,62.3,0.088,All Damage from Hits with This Weapon can Poison,,,,,,,,
Daggers,Pneumatic Dagger,70,NMR,3,1,3,0,,heis,exp,4,,121,121,20,79,1.4,69.3,0.088,All Damage from Hits with This Weapon can Poison,,,,,,,,
Rune Daggers,Flickerflame Blade,30,NMR,3,1,3,0,,heis,disa,3,,54,54,12,47,1.45,42.77,0.085,Trigger Level 10 Flame Dash when you use a Socketed Skill,,,,,,,,
Rune Daggers,Flashfire Blade,50,NMR,3,1,3,0,,heis,exp,1,,86,86,18,73,1.45,65.97,0.085,Trigger Level 20 Flame Dash when you use a Socketed Skill\n20% increased Cooldown Recovery Rate of Travel Skills,,,,,,,,
Rune Daggers,Infernal Blade,70,NMR,3,1,3,0,,heis,exp,1,,121,121,21,85,1.45,76.85,0.085,Trigger Level 30 Flame Dash when you use a Socketed Skill\n40% increased Cooldown Recovery Rate of Travel Skills,,,,,,,,
Claws,Shadow Fangs,30,NMR,2,2,3,0,,heis,disa,3,,54,54,13,24,1.6,29.6,0.07,Adds 26-38 to 52-70 Chaos Damage,,,,,,,,
Claws,Malign Fangs,50,NMR,2,2,3,0,,heis,exp,2,,86,86,20,37,1.6,45.6,0.07,Adds 43-55 to 81-104 Chaos Damage,,,,,,,,
Claws,Void Fangs,70,NMR,2,2,3,0,,heis,exp,,,113,113,22,41,1.6,50.4,0.07,Adds 46-63 to 92-113 Chaos Damage,,,,,,,,
One Hand Axes,Maltreatment Axe,30,NMR,3,2,3,0,,heis,disa,,78,34,,19,39,1.3,37.7,0.05,Gain 3 Rage on Melee Hit,,,,,,,,
One Hand Axes,Disapprobation Axe,50,NMR,3,2,3,0,,heis,exp,,124,54,,29,60,1.3,57.85,0.05,Gain 4 Rage on Melee Hit,,,,,,,,
One Hand Axes,Psychotic Axe,70,NMR,3,2,3,0,,heis,exp,,163,84,,34,71,1.3,68.25,0.05,Gain 5 Rage on Melee Hit,,,,,,,,
One Hand Swords,Fickle Spiritblade,30,NMR,3,2,3,0,,heis,disa,,54,54,,18,33,1.6,40.8,0.065,100% of Physical Damage from Hits with this Weapon is Converted to a random Element,,,,,,,,
One Hand Swords,Capricious Spiritblade,50,NMR,3,2,3,0,,heis,exp,,94,94,,27,51,1.6,62.4,0.065,100% of Physical Damage from Hits with this Weapon is Converted to a random Element,,,,,,,,
One Hand Swords,Anarchic Spiritblade,70,NMR,3,2,3,0,,heis,exp,,121,121,,34,63,1.6,77.6,0.065,100% of Physical Damage from Hits with this Weapon is Converted to a random Element,,,,,,,,
One Hand Maces,Flare Mace,30,NMR,3,2,3,0,,heis,disa,,101,,,20,41,1.3,39.65,0.05,Trigger Level 10 Fiery Impact on Melee Hit with this Weapon,,,,,,,,
One Hand Maces,Crack Mace,50,NMR,3,2,3,0,,heis,exp,,161,,,31,64,1.3,61.75,0.05,Trigger Level 15 Fiery Impact on Melee Hit with this Weapon,,,,,,,,
One Hand Maces,Boom Mace,70,NMR,3,2,3,0,,heis,exp,,218,,,39,81,1.3,78.0,0.05,Trigger Level 20 Fiery Impact on Melee Hit with this Weapon,,,,,,,,
Sceptres,Oscillating Sceptre,30,NMR,3,2,3,0,,heis,exp,,44,,64,23,34,1.45,41.32,0.076,Elemental Overload,,,,,,,,
Sceptres,Stabilising Sceptre,50,NMR,3,2,3,0,,heis,exp,,71,,102,35,52,1.45,63.07,0.076,Elemental Equilibrium,,,,,,,,
Sceptres,Alternating Sceptre,70,NMR,3,2,3,0,,heis,exp,,95,,131,41,61,1.45,73.95,0.076,Secrets of Suffering,,,,,,,,
Bows,Hedron Bow,30,NMR,4,2,6,0,,heis,disa,,,101,,9,13,1.3,14.3,0.055,Adds 46-55 to 69-83 Fire Damage,,,,,,,,
Bows,Foundry Bow,50,NMR,4,2,6,0,,heis,exp,,,161,,13,20,1.3,21.45,0.055,Adds 80-97 to 126-144 Fire Damage,,,,,,,,
Bows,Solarine Bow,70,NMR,4,2,6,0,,heis,exp,,,212,,16,24,1.3,26.0,0.055,Adds 121-133 to 184-197 Fire Damage,,,,,,,,
Staves,Transformer Staff,30,NMR,4,2,6,0,,heis,disa,,54,,54,36,66,1.25,63.75,0.075,+66-80 to maximum Energy Shield\nSpend Energy Shield before Mana for Costs of Socketed Skills,,,,,,,,
Staves,Reciprocation Staff,50,NMR,4,2,6,0,,heis,exp,,86,,86,55,102,1.25,98.12,0.075,+100-120 to maximum Energy Shield\nSpend Energy Shield before Mana for Costs of Socketed Skills,,,,,,,,
Staves,Battery Staff,70,NMR,4,2,6,0,,heis,exp,,117,,117,65,120,1.25,115.62,0.075,+140-165 to maximum Energy Shield\nSpend Energy Shield before Mana for Costs of Socketed Skills,,,,,,,,
Warstaves,Capacity Rod,30,NMR,4,2,6,0,,heis,disa,,54,,54,39,73,1.25,70.0,0.083,+1 to Maximum Power Charges and Maximum Endurance Charges,,,,,,,,
Warstaves,Potentiality Rod,50,NMR,4,2,6,0,,heis,exp,,86,,86,61,113,1.25,108.75,0.083,+1 to Maximum Power Charges and Maximum Endurance Charges,,,,,,,,
Warstaves,Eventuality Rod,70,NMR,4,2,6,0,,heis,exp,,117,,117,78,144,1.25,138.75,0.083,+1 to Maximum Power Charges and Maximum Endurance Charges,,,,,,,,
Two Hand Axes,Prime Cleaver,30,NMR,4,2,6,0,,heis,disa,,73,34,,39,61,1.35,67.5,0.05,Hits with this Weapon have 30% chance to ignore Enemy Physical Damage Reduction,,,,,,,,
Two Hand Axes,Honed Cleaver,50,NMR,4,2,6,0,,heis,exp,,117,54,,60,95,1.35,104.62,0.05,Hits with this Weapon have 50% chance to ignore Enemy Physical Damage Reduction,,,,,,,,
Two Hand Axes,Apex Cleaver,70,NMR,4,2,6,0,,heis,exp,,139,65,,78,121,1.35,134.33,0.05,Hits with this Weapon ignore Enemy Physical Damage Reduction,,,,,,,,
Two Hand Swords,Rebuking Blade,30,NMR,4,2,6,0,,heis,disa,,54,54,,30,56,1.4,60.2,0.065,Attack Critical Strikes ignore Enemy Monster Elemental Resistances,,,,,,,,
Two Hand Swords,Blasting Blade,50,NMR,4,2,6,0,,heis,exp,,86,86,,47,87,1.4,93.8,0.065,Attack Critical Strikes ignore Enemy Monster Elemental Resistances,,,,,,,,
Two Hand Swords,Banishing Blade,70,NMR,4,2,6,0,,heis,exp,,130,130,,55,102,1.4,109.9,0.065,Attack Critical Strikes ignore Enemy Monster Elemental Resistances,,,,,,,,
Two Hand Maces,Blunt Force Condenser,30,NMR,4,2,6,0,,heis,disa,,101,,,39,64,1.15,59.22,0.05,Warcries Exert 1 additional Attack,,,,,,,,
Two Hand Maces,Crushing Force Magnifier,50,NMR,4,2,6,0,,heis,exp,,161,,,62,103,1.15,94.87,0.05,Warcries Exert 1 additional Attack,,,,,,,,
Two Hand Maces,Impact Force Propagator,70,NMR,4,2,6,0,,heis,exp,,220,,,81,135,1.15,124.2,0.05,Warcries Exert 2 additional Attacks,,,,,,,,
Belts,Micro-Distillery Belt,68,NMR,1,2,,,,heis,exp,,,,,,,,,,Can't use Flask in Fifth Slot\nFlasks applied to you have 30% increased Effect,,,,,,,,
Belts,Mechanical Belt,70,NMR,1,2,,,,heis,exp,,,,,,,,,,Has 1 Socket,,,,,,,,
Belts,Mechalarm Belt,70,NMR,1,2,,,,heis,exp,,,,,,,,,,Trigger Level 20 Summon Taunting Contraption when you use a Flask,,,,,,,,
Amulets,Astrolabe Amulet,75,NMR,1,1,,,,heis,exp,,,,,,,,,,"Has Elder, Shaper and all Conqueror Influences\nImplicit Modifiers Cannot Be Changed",,,,,,,,
Amulets,Simplex Amulet,80,NMR,1,1,,,,heis,exp,,,,,,,,,,-2 Prefix Modifiers allowed\n-1 Suffix Modifier allowed\nImplicit Modifiers Cannot Be Changed\n100% increased Explicit Modifier magnitudes,,,,,,,,
Rings,Cogwork Ring,68,NMR,1,1,,,,heis,exp,,,,,,,,,,-1 Prefix Modifier allowed\n+1 Suffix Modifier allowed\nImplicit Modifiers Cannot Be Changed\n25% increased Suffix Modifier magnitudes,,,,,,,,
Rings,Geodesic Ring,68,NMR,1,1,,,,heis,exp,,,,,,,,,,+1 Prefix Modifier allowed\n-1 Suffix Modifier allowed\nImplicit Modifiers Cannot Be Changed\n25% increased Prefix Modifier magnitudes,,,,,,,,
Rings,Composite Ring,68,NMR,1,1,,,,heis,exp,,,,,,,,,,+3 Prefix Modifiers allowed\n-3 Suffix Modifiers allowed\nImplicit Modifiers Cannot Be Changed,,,,,,,,
Rings,Manifold Ring,75,NMR,1,1,,,,heis,exp,,,,,,,,,,+1 Prefix Modifier allowed\n-2 Suffix Modifiers allowed\nImplicit Modifiers Cannot Be Changed\n50% increased Prefix Modifier magnitudes,,,,,,,,
Rings,Ratcheting Ring,68,NMR,1,1,,,,heis,exp,,,,,,,,,,-3 Prefix Modifiers allowed\n+3 Suffix Modifiers allowed\nImplicit Modifiers Cannot Be Changed,,,,,,,,
Rings,Helical Ring,75,NMR,1,1,,,,heis,exp,,,,,,,,,,-2 Prefix Modifiers allowed\n+1 Suffix Modifier allowed\nImplicit Modifiers Cannot Be Changed\n50% increased Suffix Modifier magnitudes,,,,,,,,
Amulets,Focused Amulet,80,NMR,1,1,,,,heis,exp,,,,,,,,,,-1 Prefix Modifier allowed\n-2 Suffix Modifiers allowed\nImplicit Modifiers Cannot Be Changed\n100% increased Explicit Modifier magnitudes,,,,,,,,
Shields,Exhausting Spirit Shield,30,NMR,3,2,3,0,,heis,disa,3,,,76,,,,,,Sap Enemies when you Block their Damage,,,,,,16,19,22%
Shields,Subsuming Spirit Shield,50,NMR,3,2,3,0,,heis,exp,3,,,121,,,,,,Sap Enemies when you Block their Damage,,,,,,25,29,24%
Shields,Transfer-attuned Spirit Shield,70,NMR,3,2,3,0,,heis,exp,4,,,159,,,,,,Sap Enemies when you Block their Damage,,,,,,39,45,26%
Shields,Endothermic Buckler,30,NMR,2,2,3,0,,heis,disa,3,,76,,,,,,,Inflict Brittle on Enemies when you Block their Damage,,,,75,86,,,24%
Shields,Polar Buckler,50,NMR,2,2,3,0,,heis,exp,1,,121,,,,,,,Inflict Brittle on Enemies when you Block their Damage,,,,123,142,,,26%
Shields,Cold-attuned Buckler,70,NMR,2,2,3,0,,heis,exp,1,,159,,,,,,,Inflict Brittle on Enemies when you Block their Damage,,,,206,237,,,28%
Shields,Exothermic Tower Shield,30,NMR,3,2,3,0,,heis,disa,3,76,,,,,,,,Scorch Enemies when you Block their Damage,,87,100,,,,,25%
Shields,Magmatic Tower Shield,50,NMR,3,2,3,0,,heis,exp,2,121,,,,,,,,Scorch Enemies when you Block their Damage,,144,165,,,,,27%
Shields,Heat-attuned Tower Shield,70,NMR,3,2,3,0,,heis,exp,3,159,,,,,,,,Scorch Enemies when you Block their Damage,,220,253,,,,,29%
Stackable Currency,Orb of Unmaking,70,,1,1,,,,defa,,,,,,,,,,,Grants an atlas passive skill refund point,,,,,,,,
Stackable Currency,Ritual Splinter,1,,1,1,,,,ritual,,,,,,,,,,,,,,,,,,,
Stackable Currency,Ritual Vessel,1,,1,1,,,,ritual,,,,,,,,,,,Stores the monsters slain for the first time from a completed Ritual Altar for future use,,,,,,,,
Stackable Currency,Crescent Splinter,83,,1,1,,,,ritual,,,,,,,,,,,,,,,,,,,
Map Fragments,Blood-filled Vessel,1,,1,1,,,,ritual,,,,,,,,,,,,,,,,,,,
Map Fragments,The Maven's Writ,83,,1,1,,,,ritual,,,,,,,,,,,,,,,,,,,
Boots,Dreamquest Slippers,80,NMR,2,2,,,,ritual,rit,,,,124,,,,,,45-50% increased Cooldown Recovery Rate of Movement Skills\n10% reduced Movement Speed,,,,,,50,57,
Boots,Nightwind Slippers,50,NMR,2,2,,,,ritual,rit,,,,89,,,,,,45-50% increased Cooldown Recovery Rate of Movement Skills\n10% reduced Movement Speed,,,,,,34,39,
Boots,Duskwalk Slippers,20,NMR,2,2,,,,ritual,rit,,,,39,,,,,,45-50% increased Cooldown Recovery Rate of Movement Skills\n10% reduced Movement Speed,,,,,,15,18,
Boots,Cloudwhisper Boots,20,NMR,2,2,,,,ritual,rit,,,39,,,,,,,25% less Accuracy Rating\n1 to 5-6 Added Attack Lightning Damage per 200 Accuracy Rating,,,,68,78,,,
Boots,Windbreak Boots,50,NMR,2,2,,,,ritual,rit,,,89,,,,,,,25% less Accuracy Rating\n1 to 5-6 Added Attack Lightning Damage per 200 Accuracy Rating,,,,164,189,,,
Boots,Stormrider Boots,80,NMR,2,2,,,,ritual,rit,,,124,,,,,,,25% less Accuracy Rating\n1 to 5-6 Added Attack Lightning Damage per 200 Accuracy Rating,,,,236,271,,,
Boots,Brimstone Treads,80,NMR,2,2,,,,ritual,rit,,124,,,,,,,,20% reduced Stun Threshold\n50% increased Stun and Block Recovery,,236,271,,,,,
Boots,Darksteel Treads,50,NMR,2,2,,,,ritual,rit,,89,,,,,,,,20% reduced Stun Threshold\n40% increased Stun and Block Recovery,,164,189,,,,,
Boots,Basemetal Treads,20,NMR,2,2,,,,ritual,rit,,39,,,,,,,,20% reduced Stun Threshold\n30% increased Stun and Block Recovery,,68,78,,,,,
Gloves,Thwarting Gauntlets,70,NMR,2,2,,,,ritual,rit,,101,,,,,,,,+5-6% Chance to Block Attack Damage\nYou take 10% of Damage from Blocked Hits,,236,271,,,,,
Gloves,Guarding Gauntlets,40,NMR,2,2,,,,ritual,rit,,59,,,,,,,,+4-5% Chance to Block Attack Damage\nYou take 10% of Damage from Blocked Hits,,132,152,,,,,
Gloves,Preserving Gauntlets,10,NMR,2,2,,,,ritual,rit,,18,,,,,,,,+3-4% Chance to Block Attack Damage\nYou take 10% of Damage from Blocked Hits,,35,41,,,,,
Gloves,Trapsetter Gloves,70,NMR,2,2,,,,ritual,rit,,,101,,,,,,,Trap Skills have 20-25% increased Skill Effect Duration\n30% reduced Cooldown Recovery Rate for throwing Traps,,,,236,271,,,
Gloves,Apprentice Gloves,40,NMR,2,2,,,,ritual,rit,,,59,,,,,,,Trap Skills have 15-20% increased Skill Effect Duration\n30% reduced Cooldown Recovery Rate for throwing Traps,,,,132,152,,,
Gloves,Tinker Gloves,10,NMR,2,2,,,,ritual,rit,,,18,,,,,,,Trap Skills have 10-15% increased Skill Effect Duration\n30% reduced Cooldown Recovery Rate for throwing Traps,,,,35,41,,,
Gloves,Nexus Gloves,70,NMR,2,2,,,,ritual,rit,,,,101,,,,,,25-30% chance when you pay a Skill's Cost to gain that much Mana\n30% reduced maximum Mana,,,,,,47,54,
Gloves,Aetherwind Gloves,40,NMR,2,2,,,,ritual,rit,,,,59,,,,,,25-30% chance when you pay a Skill's Cost to gain that much Mana\n30% reduced maximum Mana,,,,,,28,32,
Gloves,Leyline Gloves,10,NMR,2,2,,,,ritual,rit,,,,18,,,,,,25-30% chance when you pay a Skill's Cost to gain that much Mana\n30% reduced maximum Mana,,,,,,9,10,
Helmets,Blizzard Crown,75,NMR,2,2,,,,ritual,rit,,,79,79,,,,,,Adds 75-85 to 115-128 Cold Damage\nYour Hits treat Cold Resistance as 10% higher than actual value,,,,185,212,38,43,
Helmets,Winter Crown,45,NMR,2,2,,,,ritual,rit,,,51,51,,,,,,Adds 15-20 to 28-35 Cold Damage\nYour Hits treat Cold Resistance as 10% higher than actual value,,,,122,140,25,29,
Helmets,Gale Crown,15,NMR,2,2,,,,ritual,rit,,,20,20,,,,,,Adds 3-4 to 5-6 Cold Damage\nYour Hits treat Cold Resistance as 10% higher than actual value,,,,42,49,10,12,
Helmets,Archdemon Crown,75,NMR,2,2,,,,ritual,rit,,79,,79,,,,,,+2 to Level of Socketed Skill Gems\n-2 to Level of Socketed Support Gems,,185,212,,,38,43,
Helmets,Demon Crown,45,NMR,2,2,,,,ritual,rit,,51,,51,,,,,,+1 to Level of Socketed Skill Gems\n-1 to Level of Socketed Support Gems,,122,140,,,25,29,
Helmets,Imp Crown,15,NMR,2,2,,,,ritual,rit,,20,,20,,,,,,+1 to Level of Socketed Skill Gems\n-1 to Level of Socketed Support Gems,,42,49,,,10,12,
Helmets,Atonement Mask,45,NMR,2,2,,,,ritual,rit,,51,51,,,,,,,You are Crushed\n-15% additional Physical Damage Reduction\n+3% to maximum Chaos Resistance,,122,140,122,140,,,
Helmets,Penitent Mask,75,NMR,2,2,,,,ritual,rit,,79,79,,,,,,,You are Crushed\n-15% additional Physical Damage Reduction\n+4% to maximum Chaos Resistance,,185,212,185,212,,,
Helmets,Sorrow Mask,15,NMR,2,2,,,,ritual,rit,,20,20,,,,,,,You are Crushed\n-15% additional Physical Damage Reduction\n+2% to maximum Chaos Resistance,,42,49,42,49,,,
Map Fragments,Sacred Blossom,1,,1,1,,,,ulti,,1,,,,,,,,,,,,,,,,,
Vault Keys,Vaal Reliquary Key,68,,1,1,,,,nonDrop,,1,,,,,,,,,,,,,,,,,
Misc Map Items,Chronicle of Atzoatl,1,,1,1,,,,ulti,,3,,,,,,,,,,,,,,,,,
Misc Map Items,Inscribed Ultimatum,1,,1,1,,,,ulti,,2,,,,,,,,,,,,,,,,,
One Hand Swords,Golden Blade,1,U,3,2,,,,disa,,,8,8,,3,23,1.1,14.3,0.05,+16-24 to all Attributes,,,,,,,,
Belts,Golden Obi,12,U,1,2,,,,disa,,,,,,,,,,,20-30% increased Rarity of Items found,,,,,,,,
Rings,Golden Hoop,12,U,1,1,,,,disa,,,,,,,,,,,+8-12 to all Attributes,,,,,,,,
Helmets,Golden Visage,12,U,2,2,,,,disa,,,,,,,,,,,+8-16% to all Elemental Resistances,,,,,,,,
Boots,Golden Caligae,12,U,2,2,,,,disa,,,,,,,,,,,+8-16% to all Elemental Resistances,,,,,,,,
Gloves,Golden Bracers,12,U,2,2,,,,disa,,,,,,,,,,,+20-30 to maximum Life,,,,,,,,
Helmets,Golden Wreath,12,U,2,2,,,,disa,,,,,,,,,,,+16-24 to all Attributes,,,,,,,,
Shields,Golden Flame,15,U,3,2,,,,disa,,,,,,,,,,,+11-19% to Chaos Resistance,,,,,,,,20%
Body Armours,Golden Mantle,20,U,3,2,,,,disa,,,8,8,8,,,,,,+15-25% to all Elemental Resistances,,75,86,75,86,17,19,
Stackable Currency,Enkindling Orb,40,,1,1,,,,defa,,,,,,,,,,,Adds an enchantment to a utility flask that will improve it\nbut prevent it from gaining charges during its effect\nReplaces any existing enchantment,,,,,,,,
Stackable Currency,Instilling Orb,40,,1,1,,,,defa,,,,,,,,,,,Adds an enchantment to a utility flask that will cause\nit to be used when certain conditions are met\nReplaces any existing enchantment,,,,,,,,
Stackable Currency,Exotic Coinage,1,,1,1,,,,expe,,,,,,,,,,,,,,,,,,,
Stackable Currency,Scrap Metal,1,,1,1,,,,expe,,,,,,,,,,,,,,,,,,,
Stackable Currency,Astragali,1,,1,1,,,,expe,,,,,,,,,,,,,,,,,,,
Stackable Currency,Burial Medallion,1,,1,1,,,,expe,,,,,,,,,,,,,,,,,,,
Expedition Logbooks,Expedition Logbook,1,NMR,1,1,,,,expe,,,,,,,,,,,,,,,,,,,
Helmets,Runic Helm,25,NMRU,2,2,,,,expe,,,30,30,30,,,,,,Ward: 41,,,,,,,,
Helmets,Runic Crest,49,NMR,2,2,,,,expe,,,55,55,55,,,,,,Ward: 97,,,,,,,,
Helmets,Runic Crown,68,NMRU,2,2,,,,expe,,,66,66,66,,,,,,Ward: 164,,,,,,,,
Boots,Runic Greaves,24,NMR,2,2,,,,expe,,,20,20,20,,,,,,Ward: 24,,,,,,,,
Boots,Runic Sollerets,48,NMRU,2,2,,,,expe,,,37,37,37,,,,,,Ward: 62,,,,,,,,
Boots,Runic Sabatons,69,NMRU,2,2,,,,expe,,,46,46,46,,,,,,Ward: 102,,,,,,,,
Gloves,Runic Gloves,24,NMR,2,2,,,,expe,,,16,16,16,,,,,,Ward: 24,,,,,,,,
Gloves,Runic Gages,48,NMRU,2,2,,,,expe,,,31,31,31,,,,,,Ward: 62,,,,,,,,
Gloves,Runic Gauntlets,69,NMRU,2,2,,,,expe,,,38,38,38,,,,,,Ward: 102,,,,,,,,
Utility Flasks,Iron Flask,27,NMU,2,1,,,,expe,,,,,,,,,,,Restores Ward on use\n+200 to Ward\nDuration: 4 seconds,,,,,,,,
Stackable Currency,Sacred Orb,35,,1,1,,,,scor,,,,,,,,,,,Randomises the numeric values of base defences on an armour,,,,,,,,
Stackable Currency,Tainted Blessing,35,,1,1,,,,disa,,,,,,,,,,,,,,,,,,,
Stackable Currency,Tainted Chromatic Orb,2,,1,1,,,,kalan,,,,,,,,,,,Unpredictably reforges the colour of sockets on a corrupted item,,,,,,,,
Stackable Currency,Tainted Orb of Fusing,50,,1,1,,,,kalan,,,,,,,,,,,Unpredictably adds or removes a link to the largest group of linked sockets on a corrupted item,,,,,,,,
Stackable Currency,Tainted Jeweller's Orb,8,,1,1,,,,kalan,,,,,,,,,,,Unpredictably adds or removes a socket on a corrupted item,,,,,,,,
Stackable Currency,Deft Fossil,1,,1,1,,,,delve,,,,,,,,,,,More Critical modifiers\nNo Attribute modifiers,,,,,,,,
Stackable Currency,Fundamental Fossil,1,,1,1,,,,delve,,,,,,,,,,,More Attribute modifiers\nNo Critical modifiers,,,,,,,,
Stackable Currency,Tainted Exalted Orb,35,,1,1,,,,kalan,,,,,,,,,,,Unpredictably adds or removes a modifier on a corrupted rare item,,,,,,,,
Stackable Currency,Tainted Mythic Orb,2,,1,1,,,,kalan,,,,,,,,,,,Unpredictably either upgrades a corrupted item to unique rarity or destroys it,,,,,,,,
Stackable Currency,Tainted Chaos Orb,12,,1,1,,,,kalan,,,,,,,,,,,Unpredictably either reforges a corrupted rare item with new random modifiers or removes all of its modifiers,,,,,,,,
Stackable Currency,Tainted Armourer's Scrap,1,,1,1,,,,kalan,,,,,,,,,,,Randomises the quality of a corrupted armour,,,,,,,,
Stackable Currency,Tainted Divine Teardrop,68,,1,1,,,,kalan,,,,,,,,,,,Unpredictably raises or lowers the tier of each modifier on a corrupted rare item,,,,,,,,
Stackable Currency,Tainted Blacksmith's Whetstone,1,,1,1,,,,kalan,,,,,,,,,,,Randomises the quality of a corrupted weapon,,,,,,,,
Stackable Currency,Lesser Eldritch Ember,68,,1,1,,,,sota,,,,,,,,,,,"Adds a Lesser Searing Exarch implicit modifier to\na Body Armour, Boots, Gloves or Helmet\nThis replaces any existing implicit modifiers other than Eater of Worlds implicit modifiers",,,,,,,,
Stackable Currency,Greater Eldritch Ember,73,,1,1,,,,sota,,,,,,,,,,,"Adds a Greater Searing Exarch implicit modifier to\na Body Armour, Boots, Gloves or Helmet\nThis replaces any existing implicit modifiers other than Eater of Worlds implicit modifiers",,,,,,,,
Stackable Currency,Grand Eldritch Ember,78,,1,1,,,,sota,,,,,,,,,,,"Adds a Grand Searing Exarch implicit modifier to\na Body Armour, Boots, Gloves or Helmet\nThis replaces any existing implicit modifiers other than Eater of Worlds implicit modifiers",,,,,,,,
Stackable Currency,Exceptional Eldritch Ember,81,,1,1,,,,sota,,,,,,,,,,,"Adds an Exceptional Searing Exarch implicit modifier to\na Body Armour, Boots, Gloves or Helmet\nThis replaces any existing implicit modifiers other than Eater of Worlds implicit modifiers",,,,,,,,
Stackable Currency,Lesser Eldritch Ichor,68,,1,1,,,,sota,,,,,,,,,,,"Adds a Lesser Eater of Worlds implicit modifier to\na Body Armour, Boots, Gloves or Helmet\nThis replaces any existing implicit modifiers other than Searing Exarch implicit modifiers",,,,,,,,
Stackable Currency,Greater Eldritch Ichor,73,,1,1,,,,sota,,,,,,,,,,,"Adds a Greater Eater of Worlds implicit modifier to\na Body Armour, Boots, Gloves or Helmet\nThis replaces any existing implicit modifiers other than Searing Exarch implicit modifiers",,,,,,,,
Stackable Currency,Grand Eldritch Ichor,78,,1,1,,,,sota,,,,,,,,,,,"Adds a Grand Eater of Worlds implicit modifier to\na Body Armour, Boots, Gloves or Helmet\nThis replaces any existing implicit modifiers other than Searing Exarch implicit modifiers",,,,,,,,
Stackable Currency,Exceptional Eldritch Ichor,81,,1,1,,,,sota,,,,,,,,,,,"Adds an Exceptional Eater of Worlds implicit modifier to\na Body Armour, Boots, Gloves or Helmet\nThis replaces any existing implicit modifiers other than Searing Exarch implicit modifiers",,,,,,,,
Stackable Currency,Orb of Conflict,1,,1,1,,,,sota,,,,,,,,,,,Unpredictably raise the strength of one Searing Exarch or Eater of Worlds modifier on an item and lower the strength of another\nLesser modifiers that have their strength lowered will be removed,,,,,,,,
Stackable Currency,Orb of Dominance,1,,1,1,,,,sota,,,,,,,,,,,"Removes one Influenced Modifier from an item with at least two Influenced\nModifiers and upgrades another Influenced Modifier\nUpgrading a modifier of the highest tier transforms the\nmodifier into an Elevated Modifier\nAttempting to upgrade an Elevated Modifier rerolls its values\nCan be used on Body Armours, Boots, Gloves and Helmets",,,,,,,,
Stackable Currency,Eldritch Chaos Orb,78,,1,1,,,,sota,,,,,,,,,,,"If The Searing Exarch is dominant, reroll prefix modifiers\nIf The Eater of Worlds is dominant, reroll suffix modifiers",,,,,,,,
Stackable Currency,Eldritch Exalted Orb,78,,1,1,,,,sota,,,,,,,,,,,"If The Searing Exarch is dominant, add a prefix modifier\nIf The Eater of Worlds is dominant, add a suffix modifier",,,,,,,,
Stackable Currency,Eldritch Orb of Annulment,78,,1,1,,,,sota,,,,,,,,,,,"If The Searing Exarch is dominant, remove a prefix modifier\nIf The Eater of Worlds is dominant, remove a suffix modifier",,,,,,,,
Map Fragments,Al-Hezmin's Crest,80,,1,1,,,,sota,,,,,,,,,,,,,,,,,,,
Map Fragments,Baran's Crest,80,,1,1,,,,sota,,,,,,,,,,,,,,,,,,,
Map Fragments,Drox's Crest,80,,1,1,,,,sota,,,,,,,,,,,,,,,,,,,
Map Fragments,Veritania's Crest,80,,1,1,,,,sota,,,,,,,,,,,,,,,,,,,
Atlas Upgrade Items,Ceremonial Voidstone,1,,1,1,,,,sota,,,,,,,,,,,,,,,,,,,
Atlas Upgrade Items,Decayed Voidstone,1,,1,1,,,,sota,,,,,,,,,,,,,,,,,,,
Atlas Upgrade Items,Eldritch Voidstone,1,,1,1,,,,sota,,,,,,,,,,,,,,,,,,,
Atlas Upgrade Items,Originator Voidstone,1,,1,1,,,,sota,,,,,,,,,,,,,,,,,,,
Misc Map Items,Writhing Invitation,1,NMR,1,1,,,,maven,,,,,,,,,,,,,,,,,,,
Misc Map Items,Screaming Invitation,1,NMR,1,1,,,,maven,,,,,,,,,,,,,,,,,,,
Misc Map Items,Polaric Invitation,1,NMR,1,1,,,,maven,,,,,,,,,,,,,,,,,,,
Misc Map Items,Incandescent Invitation,1,NMR,1,1,,,,maven,,,,,,,,,,,,,,,,,,,
Quivers,Feathered Arrow Quiver,20,NMR,3,2,,,,defa,,,,,,,,,,,20-30% increased Projectile Speed,,,,,,,,
Quivers,Blazing Arrow Quiver,45,NMR,3,2,,,,defa,,,,,,,,,,,Adds 12-15 to 24-27 Fire Damage to Attacks,,,,,,,,
Quivers,Vile Arrow Quiver,55,NMR,3,2,,,,defa,,,,,,,,,,,Gain 10-15% of Physical Damage as Extra Chaos Damage,,,,,,,,
Quivers,Heavy Arrow Quiver,61,NMR,3,2,,,,defa,,,,,,,,,,,Adds 12-15 to 24-27 Physical Damage to Attacks,,,,,,,,
Quivers,Primal Arrow Quiver,66,NMRU,3,2,,,,defa,,,,,,,,,,,20-30% increased Elemental Damage with Attack Skills,,,,,,,,
Stackable Currency,Armour Recombinator,68,,1,1,,,,disa,,,,,,,,,,,"Destroys two Armours to create a new Armour with a combination of their properties. Sometimes, the resultant item is modified unpredictably",,,,,,,,
Stackable Currency,Weapon Recombinator,68,,1,1,,,,disa,,,,,,,,,,,"Destroys two Weapons or Quivers to create a new Weapon or Quiver with a combination of their properties. Sometimes, the resultant item is modified unpredictably",,,,,,,,
Stackable Currency,Jewellery Recombinator,68,,1,1,,,,disa,,,,,,,,,,,"Destroys two Jewellery items to create a new Jewellery item with a combination of their properties. Sometimes, the resultant item is modified unpredictably",,,,,,,,
Stackable Currency,Reflective Oil,1,,1,1,,,,blight,,,,,,,,,,,,,,,,,,,
Stackable Currency,Wild Crystallised Lifeforce,1,,1,1,,,,kalan,,,,,,,,,,,,,,,,,,,
Stackable Currency,Vivid Crystallised Lifeforce,1,,1,1,,,,kalan,,,,,,,,,,,,,,,,,,,
Stackable Currency,Primal Crystallised Lifeforce,1,,1,1,,,,kalan,,,,,,,,,,,,,,,,,,,
Stackable Currency,Sacred Crystallised Lifeforce,1,,1,1,,,,kalan,,,,,,,,,,,,,,,,,,,
Maps,Engraved Ultimatum,83,U,1,1,,,,disa,,,,,,,,,,,,,,,,,,,
Misc Map Items,Mirrored Tablet,1,,1,1,,,,kalan,,,,,,,,,,,,,,,,,,,
Vault Keys,Forgotten Reliquary Key,68,,1,1,,,,kalan,,,,,,,,,,,,,,,,,,,
Vault Keys,Visceral Reliquary Key,68,,1,1,,,,kalan,,,,,,,,,,,,,,,,,,,
Vault Keys,Shiny Reliquary Key,68,,1,1,,,,kalan,,,,,,,,,,,,,,,,,,,
Vault Keys,Archive Reliquary Key,68,,1,1,,,,kalan,,,,,,,,,,,,,,,,,,,
Vault Keys,Oubliette Reliquary Key,68,,1,1,,,,kalan,,,,,,,,,,,,,,,,,,,
Vault Keys,Cosmic Reliquary Key,68,,1,1,,,,kalan,,,,,,,,,,,,,,,,,,,
Vault Keys,Decaying Reliquary Key,68,,1,1,,,,kalan,,,,,,,,,,,,,,,,,,,
Stackable Currency,Fracturing Orb,68,,1,1,,,,habi,,,,,,,,,,,"Fracture a random modifier on a rare item with at least 4 modifiers, locking it in place",,,,,,,,
Stackable Currency,Fracturing Shard,35,,1,1,,,,habi,,,,,,,,,,,,,,,,,,,
Relics,Urn Relic,1,M,1,2,,,,sanc,,,,,,,,,,,,,,,,,,,
Relics,Tome Relic,1,M,1,3,,,,sanc,,,,,,,,,,,,,,,,,,,
Relics,Coffer Relic,82,M,2,2,,,,sanc,,,,,,,,,,,,,,,,,,,
Relics,Censer Relic,1,M,2,1,,,,sanc,,,,,,,,,,,,,,,,,,,
Relics,Papyrus Relic,75,M,1,4,,,,sanc,,,,,,,,,,,,,,,,,,,
Relics,Candlestick Relic,75,M,4,1,,,,sanc,,,,,,,,,,,,,,,,,,,
Relics,Processional Relic,1,M,3,1,,,,sanc,,,,,,,,,,,,,,,,,,,
Sanctified Relics,Sanctified Relic,75,M,2,1,,,,disa,,,,,,,,,,,,,,,,,,,
Stackable Currency,Lycia's Invocation of Minion Instability,1,,1,1,,,,disa,,,,,,,,,,,Adds Minion Instability to a Sanctified Relic,,,,,,,,
Stackable Currency,Lycia's Invocation of Conduit,1,,1,1,,,,disa,,,,,,,,,,,Adds Conduit to a Sanctified Relic,,,,,,,,
Stackable Currency,Lycia's Invocation of Acrobatics,1,,1,1,,,,disa,,,,,,,,,,,Adds Acrobatics to a Sanctified Relic,,,,,,,,
Stackable Currency,Lycia's Invocation of Iron Reflexes,1,,1,1,,,,disa,,,,,,,,,,,Adds Iron Reflexes to a Sanctified Relic,,,,,,,,
Stackable Currency,Lycia's Invocation of Resolute Technique,1,,1,1,,,,disa,,,,,,,,,,,Adds Resolute Technique to a Sanctified Relic,,,,,,,,
Stackable Currency,Lycia's Invocation of Unwavering Stance,1,,1,1,,,,disa,,,,,,,,,,,Adds Unwavering Stance to a Sanctified Relic,,,,,,,,
Stackable Currency,Lycia's Invocation of Eldritch Battery,1,,1,1,,,,disa,,,,,,,,,,,Adds Eldritch Battery to a Sanctified Relic,,,,,,,,
Stackable Currency,Lycia's Invocation of Blood Magic,1,,1,1,,,,disa,,,,,,,,,,,Adds Blood Magic to a Sanctified Relic,,,,,,,,
Stackable Currency,Lycia's Invocation of Pain Attunement,1,,1,1,,,,disa,,,,,,,,,,,Adds Pain Attunement to a Sanctified Relic,,,,,,,,
Stackable Currency,Lycia's Invocation of Elemental Equilibrium,1,,1,1,,,,disa,,,,,,,,,,,Adds Elemental Equilibrium to a Sanctified Relic,,,,,,,,
Stackable Currency,Lycia's Invocation of Iron Grip,1,,1,1,,,,disa,,,,,,,,,,,Adds Iron Grip to a Sanctified Relic,,,,,,,,
Stackable Currency,Lycia's Invocation of Point Blank,1,,1,1,,,,disa,,,,,,,,,,,Adds Point Blank to a Sanctified Relic,,,,,,,,
Stackable Currency,Lycia's Invocation of Arrow Dancing,1,,1,1,,,,disa,,,,,,,,,,,Adds Arrow Dancing to a Sanctified Relic,,,,,,,,
Stackable Currency,Lycia's Invocation of Ancestral Bond,1,,1,1,,,,disa,,,,,,,,,,,Adds Ancestral Bond to a Sanctified Relic,,,,,,,,
Stackable Currency,Lycia's Invocation of Ghost Reaver,1,,1,1,,,,disa,,,,,,,,,,,Adds Ghost Reaver to a Sanctified Relic,,,,,,,,
Stackable Currency,Lycia's Invocation of Vaal Pact,1,,1,1,,,,disa,,,,,,,,,,,Adds Vaal Pact to a Sanctified Relic,,,,,,,,
Stackable Currency,Lycia's Invocation of Zealot's Oath,1,,1,1,,,,disa,,,,,,,,,,,Adds Zealot's Oath to a Sanctified Relic,,,,,,,,
Stackable Currency,Lycia's Invocation of Avatar of Fire,1,,1,1,,,,disa,,,,,,,,,,,Adds Avatar of Fire to a Sanctified Relic,,,,,,,,
Stackable Currency,Lycia's Invocation of Mind Over Matter,1,,1,1,,,,disa,,,,,,,,,,,,,,,,,,,
Stackable Currency,Lycia's Invocation of Elemental Overload,1,,1,1,,,,disa,,,,,,,,,,,Adds Elemental Overload to a Sanctified Relic,,,,,,,,
Stackable Currency,Lycia's Invocation of Perfect Agony,1,,1,1,,,,disa,,,,,,,,,,,Adds Perfect Agony to a Sanctified Relic,,,,,,,,
Stackable Currency,Lycia's Invocation of Crimson Dance,1,,1,1,,,,disa,,,,,,,,,,,Adds Crimson Dance to a Sanctified Relic,,,,,,,,
Stackable Currency,Lycia's Invocation of Runebinder,1,,1,1,,,,disa,,,,,,,,,,,Adds Runebinder to a Sanctified Relic,,,,,,,,
Stackable Currency,Lycia's Invocation of Wicked Ward,1,,1,1,,,,disa,,,,,,,,,,,Adds Wicked Ward to a Sanctified Relic,,,,,,,,
Stackable Currency,Lycia's Invocation of Call to Arms,1,,1,1,,,,disa,,,,,,,,,,,Adds Call To Arms to a Sanctified Relic,,,,,,,,
Stackable Currency,Lycia's Invocation of Eternal Youth,1,,1,1,,,,disa,,,,,,,,,,,Adds Eternal Youth to a Sanctified Relic,,,,,,,,
Stackable Currency,Lycia's Invocation of Glancing Blows,1,,1,1,,,,disa,,,,,,,,,,,Adds Glancing Blows to a Sanctified Relic,,,,,,,,
Stackable Currency,Lycia's Invocation of Wind Dancer,1,,1,1,,,,disa,,,,,,,,,,,Adds Wind Dancer to a Sanctified Relic,,,,,,,,
Stackable Currency,Lycia's Invocation of The Agnostic,1,,1,1,,,,disa,,,,,,,,,,,,,,,,,,,
Stackable Currency,Lycia's Invocation of Supreme Ego,1,,1,1,,,,disa,,,,,,,,,,,Adds Supreme Ego to a Sanctified Relic,,,,,,,,
Stackable Currency,Lycia's Invocation of Imbalanced Guard,1,,1,1,,,,disa,,,,,,,,,,,Adds Imbalanced Guard to a Sanctified Relic,,,,,,,,
Stackable Currency,Lycia's Invocation of The Impaler,1,,1,1,,,,disa,,,,,,,,,,,,,,,,,,,
Stackable Currency,Lycia's Invocation of Hex Master,1,,1,1,,,,disa,,,,,,,,,,,Adds Hex Master to a Sanctified Relic,,,,,,,,
Stackable Currency,Lycia's Invocation of Magebane,1,,1,1,,,,disa,,,,,,,,,,,Adds Magebane to a Sanctified Relic,,,,,,,,
Stackable Currency,Lycia's Invocation of Iron Will,1,,1,1,,,,disa,,,,,,,,,,,Adds Iron Will to a Sanctified Relic,,,,,,,,
Stackable Currency,Lycia's Invocation of Solipsism,1,,1,1,,,,disa,,,,,,,,,,,Adds Solipsism to a Sanctified Relic,,,,,,,,
Stackable Currency,Lycia's Invocation of Ghost Dance,1,,1,1,,,,disa,,,,,,,,,,,Adds Ghost Dance to a Sanctified Relic,,,,,,,,
Stackable Currency,Lycia's Invocation of Divine Shield,1,,1,1,,,,disa,,,,,,,,,,,Adds Divine Shield to a Sanctified Relic,,,,,,,,
Stackable Currency,Lycia's Invocation of Versatile Combatant,1,,1,1,,,,disa,,,,,,,,,,,Adds Versatile Combatant to a Sanctified Relic,,,,,,,,
Stackable Currency,Lycia's Invocation of Lethe Shade,1,,1,1,,,,disa,,,,,,,,,,,Adds Lethe Shade to a Sanctified Relic,,,,,,,,
Stackable Currency,Lycia's Invocation of Precise Technique,1,,1,1,,,,disa,,,,,,,,,,,Adds Precise Technique to a Sanctified Relic,,,,,,,,
Misc Map Items,Primeval Remnant,80,R,1,1,,,,disa,,,,,,,,,,,Contains a Forge that can Combine Crucible Passive Skill Trees,,,,,,,,
Misc Map Items,Primordial Remnant,84,R,1,1,,,,disa,,,,,,,,,,,"Contains a Forge that can Combine Crucible Passive Skill Trees, including on Unique and Corrupted Items",,,,,,,,
Vault Keys,Voidborn Reliquary Key,35,,1,1,,,,defa,,,,,,,,,,,,,,,,,,,
Sanctum Research,Forbidden Tome,68,,1,1,,,,sanc,,,,,,,,,,,,,,,,,,,
Sanctum Research,Sanctum Archives Research,68,,1,1,,,,sanc,,,,,,,,,,,,,,,,,,,
Sanctum Research,Sanctum Vaults Research,68,,1,1,,,,sanc,,,,,,,,,,,,,,,,,,,
Sanctum Research,Sanctum Cathedral Research,68,,1,1,,,,sanc,,,,,,,,,,,,,,,,,,,
Sanctum Research,Sanctum Necropolis Research,68,,1,1,,,,sanc,,,,,,,,,,,,,,,,,,,
Stackable Currency,Hinekora's Lock,40,,1,1,,,,affli,,1,,,,,,,,,Allows an item to foresee the result of the next Currency item used on it\nModifying the item in any way removes the ability to foresee,,,,,,,,
Stackable Currency,Tattoo of the Ngamahu Firewalker,1,,1,1,,,,disa,,3,,,,,,,,,,,,,,,,,
Stackable Currency,Tattoo of the Ngamahu Shaman,1,,1,1,,,,disa,,3,,,,,,,,,,,,,,,,,
Stackable Currency,Tattoo of the Ngamahu Warrior,1,,1,1,,,,disa,,3,,,,,,,,,,,,,,,,,
Stackable Currency,Tattoo of the Ngamahu Warmonger,35,,1,1,,,,disa,,3,,,,,,,,,,,,,,,,,
Stackable Currency,Tattoo of the Ngamahu Woodcarver,35,,1,1,,,,disa,,3,,,,,,,,,,,,,,,,,
Stackable Currency,Tattoo of the Kitava Blood Drinker,1,,1,1,,,,disa,,3,,,,,,,,,,,,,,,,,
Stackable Currency,Tattoo of the Kitava Rebel,1,,1,1,,,,disa,,3,,,,,,,,,,,,,,,,,
Stackable Currency,Tattoo of the Kitava Warrior,35,,1,1,,,,disa,,3,,,,,,,,,,,,,,,,,
Stackable Currency,Tattoo of the Kitava Heart Eater,35,,1,1,,,,disa,,3,,,,,,,,,,,,,,,,,
Stackable Currency,Tattoo of the Kitava Shaman,1,,1,1,,,,disa,,3,,,,,,,,,,,,,,,,,
Stackable Currency,Tattoo of the Tukohama Shaman,1,,1,1,,,,disa,,3,,,,,,,,,,,,,,,,,
Stackable Currency,Tattoo of the Tukohama Warrior,1,,1,1,,,,disa,,3,,,,,,,,,,,,,,,,,
Stackable Currency,Tattoo of the Tukohama Brawler,35,,1,1,,,,disa,,3,,,,,,,,,,,,,,,,,
Stackable Currency,Tattoo of the Tukohama Warmonger,35,,1,1,,,,disa,,3,,,,,,,,,,,,,,,,,
Stackable Currency,Tattoo of the Tukohama Warcaller,1,,1,1,,,,disa,,3,,,,,,,,,,,,,,,,,
Stackable Currency,Tattoo of the Rongokurai Warrior,1,,1,1,,,,disa,,3,,,,,,,,,,,,,,,,,
Stackable Currency,Tattoo of the Rongokurai Brute,1,,1,1,,,,disa,,3,,,,,,,,,,,,,,,,,
Stackable Currency,Tattoo of the Rongokurai Goliath,35,,1,1,,,,disa,,3,,,,,,,,,,,,,,,,,
Stackable Currency,Tattoo of the Rongokurai Turtle,35,,1,1,,,,disa,,3,,,,,,,,,,,,,,,,,
Stackable Currency,Tattoo of the Rongokurai Guard,1,,1,1,,,,disa,,3,,,,,,,,,,,,,,,,,
Stackable Currency,Tattoo of the Tasalio Bladedancer,1,,1,1,,,,disa,,3,,,,,,,,,,,,,,,,,
Stackable Currency,Tattoo of the Tasalio Tideshifter,1,,1,1,,,,disa,,3,,,,,,,,,,,,,,,,,
Stackable Currency,Tattoo of the Tasalio Shaman,1,,1,1,,,,disa,,3,,,,,,,,,,,,,,,,,
Stackable Currency,Tattoo of the Tasalio Warrior,35,,1,1,,,,disa,,3,,,,,,,,,,,,,,,,,
Stackable Currency,Tattoo of the Tasalio Scout,35,,1,1,,,,disa,,3,,,,,,,,,,,,,,,,,
Stackable Currency,Tattoo of the Arohongui Moonwarden,1,,1,1,,,,disa,,3,,,,,,,,,,,,,,,,,
Stackable Currency,Tattoo of the Arohongui Scout,1,,1,1,,,,disa,,3,,,,,,,,,,,,,,,,,
Stackable Currency,Tattoo of the Arohongui Warrior,1,,1,1,,,,disa,,3,,,,,,,,,,,,,,,,,
Stackable Currency,Tattoo of the Arohongui Warmonger,35,,1,1,,,,disa,,3,,,,,,,,,,,,,,,,,
Stackable Currency,Tattoo of the Arohongui Shaman,35,,1,1,,,,disa,,3,,,,,,,,,,,,,,,,,
Stackable Currency,Tattoo of the Ramako Scout,1,,1,1,,,,disa,,3,,,,,,,,,,,,,,,,,
Stackable Currency,Tattoo of the Ramako Archer,1,,1,1,,,,disa,,3,,,,,,,,,,,,,,,,,
Stackable Currency,Tattoo of the Ramako Sniper,1,,1,1,,,,disa,,3,,,,,,,,,,,,,,,,,
Stackable Currency,Tattoo of the Ramako Fleetfoot,35,,1,1,,,,disa,,3,,,,,,,,,,,,,,,,,
Stackable Currency,Tattoo of the Ramako Shaman,35,,1,1,,,,disa,,3,,,,,,,,,,,,,,,,,
Stackable Currency,Tattoo of the Hinekora Warrior,1,,1,1,,,,disa,,3,,,,,,,,,,,,,,,,,
Stackable Currency,Tattoo of the Hinekora Deathwarden,1,,1,1,,,,disa,,3,,,,,,,,,,,,,,,,,
Stackable Currency,Tattoo of the Hinekora Shaman,1,,1,1,,,,disa,,3,,,,,,,,,,,,,,,,,
Stackable Currency,Tattoo of the Hinekora Storyteller,35,,1,1,,,,disa,,3,,,,,,,,,,,,,,,,,
Stackable Currency,Tattoo of the Hinekora Warmonger,35,,1,1,,,,disa,,3,,,,,,,,,,,,,,,,,
Stackable Currency,Tattoo of the Tawhoa Naturalist,1,,1,1,,,,disa,,3,,,,,,,,,,,,,,,,,
Stackable Currency,Tattoo of the Tawhoa Scout,1,,1,1,,,,disa,,3,,,,,,,,,,,,,,,,,
Stackable Currency,Tattoo of the Tawhoa Warrior,1,,1,1,,,,disa,,3,,,,,,,,,,,,,,,,,
Stackable Currency,Tattoo of the Tawhoa Herbalist,35,,1,1,,,,disa,,3,,,,,,,,,,,,,,,,,
Stackable Currency,Tattoo of the Tawhoa Shaman,35,,1,1,,,,disa,,3,,,,,,,,,,,,,,,,,
Stackable Currency,Tattoo of the Valako Stormrider,1,,1,1,,,,disa,,3,,,,,,,,,,,,,,,,,
Stackable Currency,Tattoo of the Valako Scout,1,,1,1,,,,disa,,3,,,,,,,,,,,,,,,,,
Stackable Currency,Tattoo of the Valako Warrior,1,,1,1,,,,disa,,3,,,,,,,,,,,,,,,,,
Stackable Currency,Tattoo of the Valako Shieldbearer,35,,1,1,,,,disa,,3,,,,,,,,,,,,,,,,,
Stackable Currency,Tattoo of the Valako Shaman,35,,1,1,,,,disa,,3,,,,,,,,,,,,,,,,,
Stackable Currency,Journey Tattoo of the Body,81,,1,1,,,,disa,,3,,,,,,,,,,,,,,,,,
Stackable Currency,Journey Tattoo of the Mind,81,,1,1,,,,disa,,3,,,,,,,,,,,,,,,,,
Stackable Currency,Journey Tattoo of the Soul,81,,1,1,,,,disa,,3,,,,,,,,,,,,,,,,,
Stackable Currency,Omen of Amelioration,46,,1,1,,,,affli,,4,,,,,,,,,Will be Consumed when you Die\nto prevent 75% of Experience loss,,,,,,,,
Stackable Currency,Omen of Return,1,,1,1,,,,affli,,4,,,,,,,,,Will be Consumed when you Die\nto create a Portal to Town,,,,,,,,
Stackable Currency,Omen of Death-dancing,1,,1,1,,,,affli,,4,,,,,,,,,Will be Consumed when you reach 25% of Life\nto grant 75% chance to Avoid Damage from Hits for 4 seconds,,,,,,,,
Stackable Currency,Omen of Refreshment,1,,1,1,,,,affli,,4,,,,,,,,,Will be Consumed when you reach 25% of Life\nto Refill all Flasks,,,,,,,,
Stackable Currency,Omen of the Soul Devourer,1,,1,1,,,,affli,,4,,,,,,,,,Will be Consumed when you level up\nto grant Soul Eater for 5 minutes,,,,,,,,
Stackable Currency,Omen of Acceleration,1,,1,1,,,,disa,,4,,,,,,,,,Will be Consumed when you level up\nto create an Acceleration Shrine,,,,,,,,
Stackable Currency,Omen of Fortune,80,,1,1,,,,affli,,2,,,,,,,,,Will be Consumed when you use an Orb of Chance\non an item which can become Unique to ensure it does so,,,,,,,,
Stackable Currency,Omen of the Jeweller,68,,1,1,,,,affli,,3,,,,,,,,,Will be Consumed when you use a Jeweller's Orb\non an item to ensure maximum Sockets,,,,,,,,
Stackable Currency,Omen of Connections,75,,1,1,,,,affli,,2,,,,,,,,,Will be Consumed when you use an Orb of Fusing\non an item to ensure maximum Links,,,,,,,,
Stackable Currency,Omen of Trichromatism,75,,1,1,,,,affli,,4,,,,,,,,,"Will be Consumed when you use a Chromatic Orb\non an item to guarantee at least one Red, Green and Blue Socket",,,,,,,,
Stackable Currency,Omen of Revenge,1,,1,1,,,,disa,,4,,,,,,,,,Will be Consumed when you Die\nto make each nearby enemy permanently take 25% more Damage,,,,,,,,
Stackable Currency,Omen of Bequeathal,46,,1,1,,,,disa,,4,,,,,,,,,Will be Consumed when you Die\nto add 300% of lost Experience to Gems,,,,,,,,
Stackable Currency,Omen of Resurgence,30,,1,1,,,,disa,,4,,,,,,,,,Will be Consumed when you reach 25% of Life\nto cause 100% of Damage taken to be Recouped as Life for 4 seconds,,,,,,,,
Stackable Currency,Omen of Adrenaline,30,,1,1,,,,affli,,4,,,,,,,,,Will be Consumed when you reach 25% of Life\nto grant Adrenaline for 10 seconds,,,,,,,,
Stackable Currency,Omen of Death's Door,30,,1,1,,,,affli,,4,,,,,,,,,Will be Consumed when you reach 25% of Life\nto grant Shade Form for 3 seconds,,,,,,,,
Stackable Currency,Omen of Brilliance,1,,1,1,,,,affli,,4,,,,,,,,,Will be Consumed when you level up\nto grant 100% increased Experience gained for 60 seconds,,,,,,,,
Tinctures,Rosethorn Tincture,18,NM,2,1,,0,,defa,,4,,,,,,,,,(100-150)% increased Critical Strike Chance with Melee Weapons,,,,,,,,
Tinctures,Prismatic Tincture,18,NM,2,1,,0,,defa,,4,,,,,,,,,70-100% increased Elemental Damage with Melee Weapons,,,,,,,,
Tinctures,Ironwood Tincture,18,NM,2,1,,0,,defa,,4,,,,,,,,,(15-25)% increased Stun Duration with Melee Weapons\n40% reduced Enemy Stun Threshold with Melee Weapons,,,,,,,,
Tinctures,Fulgurite Tincture,32,NM,2,1,,0,,defa,,4,,,,,,,,,25% chance to Shock with Melee Weapons\n(25-35)% increased Effect of Shock from Melee Weapons,,,,,,,,
Tinctures,Borealwood Tincture,32,NM,2,1,,0,,defa,,4,,,,,,,,,25% chance to Freeze with Melee Weapons\n(25-35)% increased Effect of Chill from Melee Weapons,,,,,,,,
Tinctures,Ashbark Tincture,32,NM,2,1,,0,,defa,,4,,,,,,,,,25% chance to Ignite with Melee Weapons\n(60-90)% increased Damage with Ignite from Melee Weapons,,,,,,,,
Tinctures,Poisonberry Tincture,45,NM,2,1,,0,,defa,,4,,,,,,,,,20% chance to Poison with Melee Weapons\n(60-90)% increased Damage with Poison from Melee Weapons,,,,,,,,
Tinctures,Blood Sap Tincture,45,NM,2,1,,0,,defa,,4,,,,,,,,,20% chance to cause Bleeding with Melee Weapons\n(60-90)% increased Damage with Bleeding from Melee Weapons,,,,,,,,
Tinctures,Sporebloom Tincture,52,NM,2,1,,0,,defa,,4,,,,,,,,,25% chance to Blind Enemies on Hit with Melee Weapons\n25-35% increased Effect of Blind from Melee Weapons,,,,,,,,
Tinctures,Oakbranch Tincture,60,NM,2,1,,0,,defa,,4,,,,,,,,,Gain 3 Rage on Melee Weapon Hit,,,,,,,,
Charms,Ursine Charm,1,NMR,1,1,,,,nonDrop,,4,,,,,,,,,,,,,,,,,
Charms,Lupine Charm,1,NMR,1,1,,,,nonDrop,,4,,,,,,,,,,,,,,,,,
Charms,Corvine Charm,1,NMR,1,1,,,,nonDrop,,4,,,,,,,,,,,,,,,,,
Corpses,Imperfect Hydra,81,,2,3,,,,defa,,3,,,,,,,,,,,,,,,,,
Corpses,Hydra,81,,2,3,,,,defa,,2,,,,,,,,,,,,,,,,,
Corpses,Perfect Hydra,81,,2,3,,,,defa,,1,,,,,,,,,,,,,,,,,
Corpses,Imperfect Frozen Cannibal,1,,2,3,,,,defa,,3,,,,,,,,,,,,,,,,,
Corpses,Frozen Cannibal,24,,2,3,,,,defa,,2,,,,,,,,,,,,,,,,,
Corpses,Perfect Frozen Cannibal,46,,2,3,,,,defa,,1,,,,,,,,,,,,,,,,,
Corpses,Imperfect Fiery Cannibal,1,,2,3,,,,defa,,3,,,,,,,,,,,,,,,,,
Corpses,Fiery Cannibal,24,,2,3,,,,defa,,2,,,,,,,,,,,,,,,,,
Corpses,Perfect Fiery Cannibal,46,,2,3,,,,defa,,1,,,,,,,,,,,,,,,,,
Corpses,Imperfect Dark Marionette,1,,2,3,,,,defa,,3,,,,,,,,,,,,,,,,,
Corpses,Dark Marionette,24,,2,3,,,,defa,,2,,,,,,,,,,,,,,,,,
Corpses,Perfect Dark Marionette,46,,2,3,,,,defa,,1,,,,,,,,,,,,,,,,,
Corpses,Imperfect Naval Officer,81,,2,3,,,,defa,,3,,,,,,,,,,,,,,,,,
Corpses,Naval Officer,81,,2,3,,,,defa,,2,,,,,,,,,,,,,,,,,
Corpses,Perfect Naval Officer,81,,2,3,,,,defa,,1,,,,,,,,,,,,,,,,,
Corpses,Imperfect Dancing Sword,1,,2,3,,,,defa,,3,,,,,,,,,,,,,,,,,
Corpses,Dancing Sword,24,,2,3,,,,defa,,2,,,,,,,,,,,,,,,,,
Corpses,Perfect Dancing Sword,46,,2,3,,,,defa,,1,,,,,,,,,,,,,,,,,
Corpses,Imperfect Needle Horror,68,,2,3,,,,defa,,3,,,,,,,,,,,,,,,,,
Corpses,Needle Horror,78,,2,3,,,,defa,,2,,,,,,,,,,,,,,,,,
Corpses,Perfect Needle Horror,81,,2,3,,,,defa,,1,,,,,,,,,,,,,,,,,
Corpses,Imperfect Serpent Warrior,81,,2,3,,,,defa,,3,,,,,,,,,,,,,,,,,
Corpses,Serpent Warrior,81,,2,3,,,,defa,,2,,,,,,,,,,,,,,,,,
Corpses,Perfect Serpent Warrior,81,,2,3,,,,defa,,1,,,,,,,,,,,,,,,,,
Corpses,Imperfect Pain Artist,24,,2,3,,,,defa,,3,,,,,,,,,,,,,,,,,
Corpses,Pain Artist,46,,2,3,,,,defa,,2,,,,,,,,,,,,,,,,,
Corpses,Perfect Pain Artist,68,,2,3,,,,defa,,1,,,,,,,,,,,,,,,,,
Corpses,Imperfect Sawblade Horror,68,,2,3,,,,defa,,3,,,,,,,,,,,,,,,,,
Corpses,Sawblade Horror,68,,2,3,,,,defa,,2,,,,,,,,,,,,,,,,,
Corpses,Perfect Sawblade Horror,81,,2,3,,,,defa,,1,,,,,,,,,,,,,,,,,
Corpses,Imperfect Blood Demon,81,,2,3,,,,defa,,3,,,,,,,,,,,,,,,,,
Corpses,Blood Demon,81,,2,3,,,,defa,,2,,,,,,,,,,,,,,,,,
Corpses,Perfect Blood Demon,81,,2,3,,,,defa,,1,,,,,,,,,,,,,,,,,
Corpses,Imperfect Slashing Horror,24,,2,3,,,,defa,,3,,,,,,,,,,,,,,,,,
Corpses,Slashing Horror,46,,2,3,,,,defa,,2,,,,,,,,,,,,,,,,,
Corpses,Perfect Slashing Horror,68,,2,3,,,,defa,,1,,,,,,,,,,,,,,,,,
Corpses,Imperfect Druidic Alchemist,1,,2,3,,,,defa,,3,,,,,,,,,,,,,,,,,
Corpses,Druidic Alchemist,24,,2,3,,,,defa,,2,,,,,,,,,,,,,,,,,
Corpses,Perfect Druidic Alchemist,46,,2,3,,,,defa,,1,,,,,,,,,,,,,,,,,
Corpses,Imperfect Blasphemer,24,,2,3,,,,defa,,3,,,,,,,,,,,,,,,,,
Corpses,Blasphemer,46,,2,3,,,,defa,,2,,,,,,,,,,,,,,,,,
Corpses,Perfect Blasphemer,68,,2,3,,,,defa,,1,,,,,,,,,,,,,,,,,
Corpses,Imperfect Judgemental Spirit,81,,2,3,,,,defa,,3,,,,,,,,,,,,,,,,,
Corpses,Judgemental Spirit,81,,2,3,,,,defa,,2,,,,,,,,,,,,,,,,,
Corpses,Perfect Judgemental Spirit,81,,2,3,,,,defa,,1,,,,,,,,,,,,,,,,,
Corpses,Imperfect Primal Thunderbird,68,,2,3,,,,defa,,3,,,,,,,,,,,,,,,,,
Corpses,Primal Thunderbird,68,,2,3,,,,defa,,2,,,,,,,,,,,,,,,,,
Corpses,Perfect Primal Thunderbird,81,,2,3,,,,defa,,1,,,,,,,,,,,,,,,,,
Corpses,Imperfect Spirit of Fortune,1,,2,3,,,,defa,,3,,,,,,,,,,,,,,,,,
Corpses,Spirit of Fortune,24,,2,3,,,,defa,,2,,,,,,,,,,,,,,,,,
Corpses,Perfect Spirit of Fortune,46,,2,3,,,,defa,,1,,,,,,,,,,,,,,,,,
Corpses,Imperfect Primal Demiurge,68,,2,3,,,,defa,,3,,,,,,,,,,,,,,,,,
Corpses,Primal Demiurge,68,,2,3,,,,defa,,2,,,,,,,,,,,,,,,,,
Corpses,Perfect Primal Demiurge,81,,2,3,,,,defa,,1,,,,,,,,,,,,,,,,,
Corpses,Imperfect Runic Skeleton,68,,2,3,,,,defa,,3,,,,,,,,,,,,,,,,,
Corpses,Runic Skeleton,78,,2,3,,,,defa,,2,,,,,,,,,,,,,,,,,
Corpses,Perfect Runic Skeleton,81,,2,3,,,,defa,,1,,,,,,,,,,,,,,,,,
Corpses,Imperfect Warlord,68,,2,3,,,,defa,,3,,,,,,,,,,,,,,,,,
Corpses,Warlord,78,,2,3,,,,defa,,2,,,,,,,,,,,,,,,,,
Corpses,Perfect Warlord,81,,2,3,,,,defa,,1,,,,,,,,,,,,,,,,,
Corpses,Imperfect Dark Reaper,68,,2,3,,,,defa,,3,,,,,,,,,,,,,,,,,
Corpses,Dark Reaper,78,,2,3,,,,defa,,2,,,,,,,,,,,,,,,,,
Corpses,Perfect Dark Reaper,81,,2,3,,,,defa,,1,,,,,,,,,,,,,,,,,
Corpses,Imperfect Hulking Miscreation,68,,2,3,,,,defa,,3,,,,,,,,,,,,,,,,,
Corpses,Hulking Miscreation,78,,2,3,,,,defa,,2,,,,,,,,,,,,,,,,,
Corpses,Perfect Hulking Miscreation,81,,2,3,,,,defa,,1,,,,,,,,,,,,,,,,,
Corpses,Imperfect Sanguimancer Demon,68,,2,3,,,,defa,,3,,,,,,,,,,,,,,,,,
Corpses,Sanguimancer Demon,78,,2,3,,,,defa,,2,,,,,,,,,,,,,,,,,
Corpses,Perfect Sanguimancer Demon,81,,2,3,,,,defa,,1,,,,,,,,,,,,,,,,,
Corpses,Imperfect Spider Matriarch,1,,2,3,,,,defa,,3,,,,,,,,,,,,,,,,,
Corpses,Spider Matriarch,24,,2,3,,,,defa,,2,,,,,,,,,,,,,,,,,
Corpses,Perfect Spider Matriarch,46,,2,3,,,,defa,,1,,,,,,,,,,,,,,,,,
Corpses,Imperfect Half-remembered Goliath,81,,2,3,,,,defa,,3,,,,,,,,,,,,,,,,,
Corpses,Half-remembered Goliath,81,,2,3,,,,defa,,2,,,,,,,,,,,,,,,,,
Corpses,Perfect Half-remembered Goliath,81,,2,3,,,,defa,,1,,,,,,,,,,,,,,,,,
Corpses,Imperfect Meatsack,1,,2,3,,,,defa,,3,,,,,,,,,,,,,,,,,
Corpses,Meatsack,24,,2,3,,,,defa,,2,,,,,,,,,,,,,,,,,
Corpses,Perfect Meatsack,46,,2,3,,,,defa,,1,,,,,,,,,,,,,,,,,
Corpses,Imperfect Eldritch Eye,68,,2,3,,,,defa,,3,,,,,,,,,,,,,,,,,
Corpses,Eldritch Eye,68,,2,3,,,,defa,,2,,,,,,,,,,,,,,,,,
Corpses,Perfect Eldritch Eye,81,,2,3,,,,defa,,1,,,,,,,,,,,,,,,,,
Corpses,Imperfect Forest Tiger,81,,2,3,,,,defa,,3,,,,,,,,,,,,,,,,,
Corpses,Forest Tiger,81,,2,3,,,,defa,,2,,,,,,,,,,,,,,,,,
Corpses,Perfect Forest Tiger,81,,2,3,,,,defa,,1,,,,,,,,,,,,,,,,,
Corpses,Imperfect Guardian Turtle,1,,2,3,,,,defa,,3,,,,,,,,,,,,,,,,,
Corpses,Guardian Turtle,24,,2,3,,,,defa,,2,,,,,,,,,,,,,,,,,
Corpses,Perfect Guardian Turtle,46,,2,3,,,,defa,,1,,,,,,,,,,,,,,,,,
Corpses,Imperfect Shadow Construct,68,,2,3,,,,defa,,3,,,,,,,,,,,,,,,,,
Corpses,Shadow Construct,78,,2,3,,,,defa,,2,,,,,,,,,,,,,,,,,
Corpses,Perfect Shadow Construct,81,,2,3,,,,defa,,1,,,,,,,,,,,,,,,,,
Corpses,Imperfect Forest Warrior,1,,2,3,,,,defa,,3,,,,,,,,,,,,,,,,,
Corpses,Forest Warrior,24,,2,3,,,,defa,,2,,,,,,,,,,,,,,,,,
Corpses,Perfect Forest Warrior,46,,2,3,,,,defa,,1,,,,,,,,,,,,,,,,,
Stackable Currency,Valdo's Puzzle Box,83,,1,1,,,,defa,,2,,,,,,,,,Contains a Mysterious Map with a Foil Unique Reward,,,,,,,,
Stackable Currency,Veiled Scarab,1,,1,1,,,,defa,,,,,,,,,,,A collection of unknown Scarabs,,,,,,,,
Map Fragments,Cosmic Fragment,84,,1,1,,,,defa,,1,,,,,,,,,The Shaper's Realm is level 85\nThe Shaper's full power is unleashed in The Shaper's Realm,,,,,,,,
Map Fragments,Decaying Fragment,84,,1,1,,,,defa,,1,,,,,,,,,The Shaper's Realm is level 85\nThe Shaper's and The Elder's full power are unleashed in The Shaper's Realm,,,,,,,,
Map Fragments,Awakening Fragment,84,,1,1,,,,defa,,1,,,,,,,,,The Eye of the Storm is level 85\nSirus' full power is unleashed in The Eye of the Storm,,,,,,,,
Map Fragments,Synthesising Fragment,84,,1,1,,,,defa,,1,,,,,,,,,The Cortex is level 85\nVenarius' full power is unleashed in the Cortex,,,,,,,,
Map Fragments,Reality Fragment,84,,1,1,,,,defa,,1,,,,,,,,,The Absence of Mercy and Empathy is level 85\nThe Maven's full power is unleashed in The Absence of Mercy and Empathy,,,,,,,,
Map Fragments,Devouring Fragment,84,,1,1,,,,defa,,1,,,,,,,,,The Absence of Symmetry and Harmony is level 85\nThe Eater of Worlds' full power is unleashed in The Absence of Symmetry and Harmony,,,,,,,,
Map Fragments,Blazing Fragment,84,,1,1,,,,defa,,1,,,,,,,,,The Absence of Patience and Wisdom is level 85\nThe Searing Exarch's full power is unleashed in The Absence of Patience and Wisdom,,,,,,,,
Map Fragments,Breach Scarab of the Hive,68,,1,1,,,,necro,,4,,,,,,,,,Area contains a Breach Hive,,,,,,,,
Map Fragments,Breach Scarab of Instability,68,,1,1,,,,necro,,3,,,,,,,,,Area contains 2 additional Unstable Breaches,,,,,,,,
Map Fragments,Breach Scarab of the Marshal,73,,1,1,,,,necro,,2,,,,,,,,,Unstable Breaches in Area contain a Boss\nBreach Hives in Area lead to a Hive Fortress,,,,,,,,
Map Fragments,Breach Scarab of the Incensed Swarm,78,,1,1,,,,necro,,2,,,,,,,,,"Ailith's skills in Area instead enrage the Hive, increasing the Difficulty\nand Reward of subsequent waves",,,,,,,,
Map Fragments,Cartography Scarab of Escalation,68,,1,1,,,,necro,,4,,,,,,,,,10% increased Maps found in Area for each Map Modifier affecting Area,,,,,,,,
Map Fragments,Cartography Scarab of Risk,78,,1,1,,,,necro,,3,,,,,,,,,Area has 2 additional random Modifiers,,,,,,,,
Map Fragments,Cartography Scarab of Corruption,73,,1,1,,,,necro,,2,,,,,,,,,Non-Unique Maps found in Area are Corrupted with 8 Modifiers,,,,,,,,
Map Fragments,Cartography Scarab of the Multitude,73,,1,1,,,,necro,,2,,,,,,,,,Area contains 8 to 12 additional packs of\nDifficult and Rewarding Monsters which drop 300% increased Maps,,,,,,,,
Map Fragments,Titanic Scarab,68,,1,1,,,,necro,,4,,,,,,,,,"Unique Monsters have 1% increased Toughness, Damage, Rarity and Quantity of items dropped per 1% increased Pack Size of Area",,,,,,,,
Map Fragments,Titanic Scarab of Treasures,73,,1,1,,,,necro,,3,,,,,,,,,Unique Monsters in Area have an additional Reward\nUnique Monsters in Area have 30% increased Toughness,,,,,,,,
Map Fragments,Titanic Scarab of Legend,78,,1,1,,,,necro,,2,,,,,,,,,Unique Monsters in Area have 4 additional Monster Modifiers,,,,,,,,
Map Fragments,Bestiary Scarab,68,,1,1,,,,necro,,4,,,,,,,,,Area contains Einhar,,,,,,,,
Map Fragments,Bestiary Scarab of the Herd,73,,1,1,,,,necro,,3,,,,,,,,,Area contains 5 additional Red Beasts if it contains Einhar,,,,,,,,
Map Fragments,Bestiary Scarab of Duplicating,73,,1,1,,,,necro,,3,,,,,,,,,Create a copy of Beasts captured in Area,,,,,,,,
Map Fragments,Influencing Scarab of the Shaper,68,,1,1,,,,necro,,3,,,,,,,,,Adds Shaper Influence outcome to Area,,,,,,,,
Map Fragments,Influencing Scarab of the Elder,68,,1,1,,,,necro,,3,,,,,,,,,Adds Elder Influence outcome to Area,,,,,,,,
Map Fragments,Influencing Scarab of Hordes,73,,1,1,,,,necro,,3,,,,,,,,,Influenced Monster Packs in Area have 40% increased Pack Size,,,,,,,,
Map Fragments,Influencing Scarab of Interference,73,,1,1,,,,necro,,3,,,,,,,,,"A Map Boss is accompanied by a random Shaper Guardian, Elder Guardian, Conqueror or Synthesis Boss\nCan only be used with Tier 14+ Maps",,,,,,,,
Map Fragments,Sulphite Scarab,68,,1,1,,,,necro,,4,,,,,,,,,Area contains Niko,,,,,,,,
Map Fragments,Sulphite Scarab of Fumes,73,,1,1,,,,necro,,2,,,,,,,,,Sulphite found in Map Area releases Enraging Fumes\nMonsters affected by Enraging Fumes have 50% increased Item Quantity\nSulphite in your maps is guarded by Monsters from the Azurite Mine,,,,,,,,
Map Fragments,Divination Scarab of The Cloister,68,,1,1,,,,necro,,4,,,,,,,,,Area contains 8 to 12 additional packs of Doedre's Devoted\nDoedre's Devoted have 1% additional chance to drop a Stacked Deck,,,,,,,,
Map Fragments,Divination Scarab of Plenty,73,,1,1,,,,necro,,3,,,,,,,,,Area contains 6 to 10 additional Packs of Divination Touched Magic Monsters that\nhave 1000% increased chance to drop Divination Cards,,,,,,,,
Map Fragments,Divination Scarab of Pilfering,78,,1,1,,,,necro,,2,,,,,,,,,Divination Cards which drop in Area are stolen by a Final Map Boss\nThat Final Map Boss becomes more Difficult and deals\nincreased Damage the more Divination Cards they have stolen\nThat Final Map Boss duplicates all stolen Divination Cards when defeated,,,,,,,,
Map Fragments,Torment Scarab,68,,1,1,,,,necro,,4,,,,,,,,,Area is haunted by 4 additional Tormented Spirits\nTormented Spirits in Area have a 10% chance to\nbe set free when Possessed Monsters are slain\nand dig up a Possessed Monster,,,,,,,,
Map Fragments,Torment Scarab of Peculiarity,73,,1,1,,,,necro,,3,,,,,,,,,Tormented Spirits in Area are replaced with unusual variants,,,,,,,,
Map Fragments,Ambush Scarab,68,,1,1,,,,necro,,4,,,,,,,,,Area contains 4 additional Strongboxes,,,,,,,,
Map Fragments,Ambush Scarab of Hidden Compartments,73,,1,1,,,,necro,,3,,,,,,,,,15% Chance for Strongboxes in Area to be openable again,,,,,,,,
Map Fragments,Ambush Scarab of Potency,73,,1,1,,,,necro,,3,,,,,,,,,75% Increased effect of Explicit Modifiers on Strongboxes in Area,,,,,,,,
Map Fragments,Ambush Scarab of Containment,78,,1,1,,,,necro,,2,,,,,,,,,Area contains many additional Strongboxes\nArea's inhabitants are lying in ambush,,,,,,,,
Map Fragments,Ambush Scarab of Discernment,73,,1,1,,,,necro,,2,,,,,,,,,Strongboxes in Area are more likely to be rarer varieties,,,,,,,,
Map Fragments,Expedition Scarab,68,,1,1,,,,necro,,4,,,,,,,,,Area contains an Expedition Encounter,,,,,,,,
Map Fragments,Expedition Scarab of Runefinding,73,,1,1,,,,necro,,3,,,,,,,,,Expedition Encounters in Area have 100% increased\nnumber of Runic Monster Markers,,,,,,,,
Map Fragments,Expedition Scarab of Verisium Powder,73,,1,1,,,,necro,,3,,,,,,,,,Expedition Encounters in Area have 50% increased number of Explosives\n80% increased Explosive Radius,,,,,,,,
Map Fragments,Expedition Scarab of Archaeology,78,,1,1,,,,necro,,2,,,,,,,,,Remnants in Expedition Encounters in Area have 2 additional Suffixes and Prefixes,,,,,,,,
Map Fragments,Legion Scarab,68,,1,1,,,,necro,,4,,,,,,,,,Area contains an additional Legion Encounter,,,,,,,,
Map Fragments,Legion Scarab of Officers,73,,1,1,,,,necro,,3,,,,,,,,,Legion Factions in Area have 5 additional Sergeants,,,,,,,,
Map Fragments,Legion Scarab of Treasures,73,,1,1,,,,necro,,3,,,,,,,,,Legion Chests in Area have a 20% chance to spread their Rewards\nto Legion Monsters they release from stasis when they are broken out\nLegion Monsters that have gained Rewards have increased Difficulty,,,,,,,,
Map Fragments,Legion Scarab of Eternal Conflict,78,,1,1,,,,necro,,2,,,,,,,,,Legion Monsters in Area can be broken out of Stasis multiple times\nLegion Monsters in Area gain increased Difficulty and Reward for each time they are broken out,,,,,,,,
Map Fragments,Abyss Scarab,68,,1,1,,,,necro,,4,,,,,,,,,Area contains an additional [ContainsAbyss|Abyss],,,,,,,,
Map Fragments,Abyss Scarab of Multitudes,73,,1,1,,,,necro,,3,,,,,,,,,[ContainsAbyss|Abyss] Chasms in Area spawn 100% increased Monsters per fed [AbyssFedSoul|Soul],,,,,,,,
Map Fragments,Abyss Scarab of Crystals,73,,1,1,,,,necro,,3,,,,,,,,,Non-final [ContainsAbyss|Abyss] Pits in Area create an [AbyssalCrystal|Abyssal Crystal] on closing,,,,,,,,
Map Fragments,Anarchy Scarab,68,,1,1,,,,necro,,4,,,,,,,,,Area contains 5 additional Rogue Exiles,,,,,,,,
Map Fragments,Anarchy Scarab of Gigantification,78,,1,1,,,,necro,,3,,,,,,,,,Wild Rogue Exiles in Area have a 30% chance to be replaced with a Rogue Giant,,,,,,,,
Map Fragments,Anarchy Scarab of Partnership,73,,1,1,,,,necro,,2,,,,,,,,,Wild Rogue Exiles in Area have a 50% chance to appear in pairs,,,,,,,,
Map Fragments,Essence Scarab,68,,1,1,,,,necro,,4,,,,,,,,,Area contains 3 additional Imprisoned Monsters,,,,,,,,
Map Fragments,Essence Scarab of Ascent,73,,1,1,,,,necro,,3,,,,,,,,,Essences found in Area are a tier higher,,,,,,,,
Map Fragments,Essence Scarab of Stability,73,,1,1,,,,necro,,3,,,,,,,,,Corrupting an Essence in Area can only result in\nupgrading or transforming Essences,,,,,,,,
Map Fragments,Essence Scarab of Calcification,78,,1,1,,,,necro,,2,,,,,,,,,Rare monsters that are natural inhabitants of the Area are imprisoned by Essences,,,,,,,,
Map Fragments,Domination Scarab,68,,1,1,,,,necro,,4,,,,,,,,,Area contains 3 additional Shrines,,,,,,,,
Map Fragments,Domination Scarab of Apparitions,78,,1,1,,,,necro,,3,,,,,,,,,Area contains 2 additional Apparition Shrines,,,,,,,,
Map Fragments,Domination Scarab of Evolution,73,,1,1,,,,necro,,3,,,,,,,,,Area contains an additional Evolving Shrine,,,,,,,,
Map Fragments,Domination Scarab of Terrors,78,,1,1,,,,necro,,2,,,,,,,,,Shrines in Area are guarded by an Atlas Boss\nModifiers to the Final Map Boss also apply to these Atlas Bosses,,,,,,,,
Map Fragments,Ritual Scarab of Selectiveness,68,,1,1,,,,necro,,3,,,,,,,,,Rerolling Favours at Ritual Altars in Area has no cost the first 2 times\nRitual Altars in Area allow rerolling Favours 2 additional times,,,,,,,,
Map Fragments,Ritual Scarab of Wisps,73,,1,1,,,,necro,,3,,,,,,,,,Ritual Altars in Area spawn a Wildwood Wisp\nWildwood Wisps grant 100% increased Tribute Gained to nearby Players,,,,,,,,
Map Fragments,Ritual Scarab of Abundance,73,,1,1,,,,necro,,2,,,,,,,,,Rituals in Area offer 100% increased Favours,,,,,,,,
Map Fragments,Harvest Scarab,68,,1,1,,,,necro,,4,,,,,,,,,Area contains the Sacred Grove,,,,,,,,
Map Fragments,Harvest Scarab of Doubling,73,,1,1,,,,necro,,3,,,,,,,,,Lifeforce dropped by Harvest Monsters in Area is duplicated\nHarvest Monsters in Area have 100% more Life,,,,,,,,
Map Fragments,Harvest Scarab of Cornucopia,78,,1,1,,,,necro,,2,,,,,,,,,"If Area contains the Sacred Grove, it will contain up to 1 additional Tier 4 seed of each type, if possible",,,,,,,,
Map Fragments,Incursion Scarab,68,,1,1,,,,necro,,4,,,,,,,,,Area contains Alva,,,,,,,,
Map Fragments,Incursion Scarab of Invasion,73,,1,1,,,,necro,,3,,,,,,,,,Area contains 12 to 16 additional packs of Incursion Monsters,,,,,,,,
Map Fragments,Incursion Scarab of Champions,73,,1,1,,,,necro,,2,,,,,,,,,Incursions in Area have a 35% chance for all Monsters to be at least Magic\nIncursions in Area have 15% increased Pack Size,,,,,,,,
Map Fragments,Incursion Scarab of Timelines,78,,1,1,,,,necro,,2,,,,,,,,,"Final Architect slain in Area will drop an Itemised Temple\nItemised Temples dropped in Area are generated based on current Temple layout, but with randomised room tiers",,,,,,,,
Map Fragments,Betrayal Scarab,68,,1,1,,,,necro,,4,,,,,,,,,Area contains Jun,,,,,,,,
Map Fragments,Betrayal Scarab of the Allflame,73,,1,1,,,,necro,,3,,,,,,,,,75% Increased number of Monster Packs Substituted by Allflame Embers in Area,,,,,,,,
Map Fragments,Betrayal Scarab of Reinforcements,73,,1,1,,,,necro,,2,,,,,,,,,Immortal Syndicate Members in Area have 50% increased chance to be accompanied by reinforcements,,,,,,,,
Map Fragments,Beyond Scarab,68,,1,1,,,,necro,,4,,,,,,,,,Slaying enemies close together in Area can attract monsters from Beyond this realm,,,,,,,,
Map Fragments,Beyond Scarab of Haemophilia,73,,1,1,,,,necro,,3,,,,,,,,,Beyond Portals in Area have 50% increased Merging Radius\nCharacters that Kill Beyond Rare Monsters in Area have a 30% chance to gain their Modifiers for 20 seconds,,,,,,,,
Map Fragments,Beyond Scarab of Resurgence,78,,1,1,,,,necro,,2,,,,,,,,,Beyond Bosses Spawned in Area are accompanied by Beyond Bosses of other Factions\nBeyond Bosses in Area drop 20% increased Tainted Currency\nBeyond Portals in Area have 30% increased chance to spawn a Unique Boss,,,,,,,,
Map Fragments,Beyond Scarab of the Invasion,78,,1,1,,,,necro,,2,,,,,,,,,Rare and Unique Monsters slain in Area create 8 to 12 additional Beyond Portals,,,,,,,,
Map Fragments,Ultimatum Scarab,68,,1,1,,,,necro,,4,,,,,,,,,Area contains an Ultimatum Encounter,,,,,,,,
Map Fragments,Ultimatum Scarab of Bribing,73,,1,1,,,,necro,,3,,,,,,,,,Ultimatum Monsters grant 150% increased Experience\nUltimatum Encounters grant rewards as though you completed 2 additional Rounds,,,,,,,,
Map Fragments,Ultimatum Scarab of Dueling,78,,1,1,,,,necro,,3,,,,,,,,,Ultimatum Encounters in Area will always lead to a Unique Boss if possible,,,,,,,,
Map Fragments,Ultimatum Scarab of Catalysing,78,,1,1,,,,necro,,2,,,,,,,,,Ultimatum Encounters in Area will only offer Catalysts\nas Rewards to the Map Owner,,,,,,,,
Map Fragments,Ultimatum Scarab of Inscription,73,,1,1,,,,necro,,2,,,,,,,,,Ultimatum Encounter rewards in Area offering Catalysts\nwill offer Inscribed Ultimatums to the Map Owner instead,,,,,,,,
Map Fragments,Delirium Scarab,68,,1,1,,,,necro,,4,,,,,,,,,Area contains a Mirror of Delirium,,,,,,,,
Map Fragments,Delirium Scarab of Mania,73,,1,1,,,,necro,,3,,,,,,,,,Delirium Reward Meters fill 100% faster in Area\nDelirium in Area increases 50% faster with distance from the mirror,,,,,,,,
Map Fragments,Delirium Scarab of Paranoia,73,,1,1,,,,necro,,3,,,,,,,,,Delirium Encounters in Area generate 2 additional Reward types,,,,,,,,
Map Fragments,Delirium Scarab of Neuroses,73,,1,1,,,,necro,,2,,,,,,,,,Delirium Encounters in Area contain all Unique Delirium Bosses\nDelirium Reward Types in Area gain +1 to count on defeating a Unique Delirium Boss\nCan only be used with Tier 11+ Maps,,,,,,,,
Map Fragments,Delirium Scarab of Delusions,73,,1,1,,,,necro,,2,,,,,,,,,Maps found in Area have layers of Delirium,,,,,,,,
Map Fragments,Blight Scarab,68,,1,1,,,,necro,,4,,,,,,,,,Area contains a Blight Encounter,,,,,,,,
Map Fragments,Blight Scarab of the Blightheart,73,,1,1,,,,necro,,2,,,,,,,,,Blight Encounters in Area have one Blighted Chest\nBlight Encounters in Area spawn additional waves of Enemies\nBlighted Chests in Area grow larger and more\nrewarding the more Blighted Enemies are slain,,,,,,,,
Map Fragments,Blight Scarab of Blooming,78,,1,1,,,,necro,,2,,,,,,,,,Blight Encounters in Area have up to 3 additional Unique Bosses\nUnique enemies in Blight Encounters have 100% increased life\nTier 14+ Blighted Maps found in Area drop as Blight-Ravaged Maps instead,,,,,,,,
Map Fragments,Scarab of Monstrous Lineage,68,,1,1,,,,necro,,2,,,,,,,,,40% increased Magic Pack Size,,,,,,,,
Map Fragments,Scarab of Adversaries,68,,1,1,,,,necro,,2,,,,,,,,,Area contains 4 additional Packs with Mirrored Rare Monsters,,,,,,,,
Map Fragments,Scarab of Divinity,73,,1,1,,,,necro,,2,,,,,,,,,Up to 3 additional Rare Monsters in Area will be Pantheon-Touched\nApparitions spawned by Pantheon-Touched Monsters deal 100% increased damage,,,,,,,,
Map Fragments,Scarab of Stability,78,,1,1,,,,necro,,2,,,,,,,,,Portals to Area have a 50% chance to not be consumed on use,,,,,,,,
Map Fragments,Horned Scarab of Bloodlines,81,,1,1,,,,necro,,1,,,,,,,,,Area has 150% increased Magic Monsters\nMagic Monsters in area have an additional Modifier,,,,,,,,
Map Fragments,Horned Scarab of Nemeses,81,,1,1,,,,necro,,1,,,,,,,,,Rare Monsters in Area have 2 additional Modifiers,,,,,,,,
Map Fragments,Horned Scarab of Preservation,81,,1,1,,,,necro,,1,,,,,,,,,Other Scarabs are not consumed on use,,,,,,,,
Map Fragments,Horned Scarab of Awakening,81,,1,1,,,,necro,,1,,,,,,,,,Tier 16+ Areas contain the Bosses from a random Maven Invitation,,,,,,,,
Map Fragments,Horned Scarab of Tradition,83,,1,1,,,,necro,,1,,,,,,,,,All Rare and Unique Monsters in Area have dropped items\ntransformed by a Reward Modifier,,,,,,,,
Map Fragments,Horned Scarab of Glittering,81,,1,1,,,,necro,,1,,,,,,,,,"Players in Area gain increased Item Rarity for each Monster\nslain, up to 400%, decaying over time",,,,,,,,
Map Fragments,Horned Scarab of Pandemonium,81,,1,1,,,,necro,,1,,,,,,,,,Monster packs in Area have a 15% chance to be replaced by a random Atlas Boss\nModifiers to the Final Map Boss also apply to these Atlas Bosses,,,,,,,,
Map Fragments,Abyss Scarab of the Consort,78,,1,1,,,,necro,,3,,,,,,,,,An [ContainsAbyss|Abyss] Pit in Area will spawn an [AbyssalConsort|Abyssal Consort],,,,,,,,
Map Fragments,Blight Scarab of Invigoration,78,,1,1,,,,necro,,3,,,,,,,,,Each Empowering Tower in Areas grants Blighted Monsters in\nrange increased Difficulty and Reward,,,,,,,,
Map Fragments,Breach Scarab of Resonant Cascade,78,,1,1,,,,necro,,3,,,,,,,,,Unstable Breaches in Areas are 10% faster for each Unstable Breach already opened\nMonsters from Unstable Breaches in Areas have increased Difficulty and Reward for\neach Unstable Breach already opened,,,,,,,,
Map Fragments,Essence Scarab of Adaptation,78,,1,1,,,,necro,,3,,,,,,,,,Imprisoned Monsters released in Areas grant a random Essence Modifier to another Imprisoned Monster in the Area\nImprisoned Monsters in Areas have increased Difficulty and Reward for\neach Essence Modifier,,,,,,,,
Map Fragments,Torment Scarab of Possession,73,,1,1,,,,necro,,3,,,,,,,,,Rare Monsters in Area have a quarter chance to be Possessed by up to 3 Tormented Spirits,,,,,,,,
Map Fragments,Scarab of Radiant Storms,78,,1,1,,,,necro,,3,,,,,,,,,Area contains a Resplendent Tempest,,,,,,,,
Map Fragments,Scarab of Wisps,73,,1,1,,,,necro,,3,,,,,,,,,Monsters in Area have a chance to be Empowered by 2000 Wildwood Wisps,,,,,,,,
Map Fragments,Scarab of the Sinistral,78,,1,1,,,,necro,,3,,,,,,,,,100% increased effect of Area Prefix Modifiers\nArea Suffix Modifiers have no effect,,,,,,,,
Gold,Gold,1,,1,1,,,,kalgu,,5,,,,,,,,,Can be spent at Vendors,,,,,,,,
Idols,Minor Idol,68,NMRU,1,1,,,,phrecia,,,,,,,,,,,2% increased Maps found in your Maps,,,,,,,,
Idols,Kamasan Idol,68,NMR,2,1,,,,phrecia,,,,,,,,,,,4% increased Maps found in your Maps,,,,,,,,
Idols,Totemic Idol,75,NMR,3,1,,,,phrecia,,,,,,,,,,,6% increased Maps found in your Maps,,,,,,,,
Idols,Noble Idol,68,NMR,1,2,,,,phrecia,,,,,,,,,,,4% increased Maps found in your Maps,,,,,,,,
Idols,Burial Idol,75,NMR,1,3,,,,phrecia,,,,,,,,,,,6% increased Maps found in your Maps,,,,,,,,
Idols,Conqueror Idol,81,NMR,2,2,,,,phrecia,,,,,,,,,,,8% increased Maps found in your Maps,,,,,,,,
Stackable Currency,Veiled Chaos Orb,61,,1,1,,,,defa,,3,,,,,,,,,Reforges a rare item with new random modifiers including a random Veiled modifier,,,,,,,,
Stackable Currency,Veiled Exalted Orb,61,,1,1,,,,defa,,3,,,,,,,,,Removes a random modifier and adds a random Veiled modifier to a rare item,,,,,,,,
Stackable Currency,Shaper's Exalted Orb,1,,1,1,,,,defa,,3,,,,,,,,,Adds Shaper influence and a new Shaper modifier to a rare item,,,,,,,,
Stackable Currency,Elder's Exalted Orb,1,,1,1,,,,defa,,3,,,,,,,,,Adds Elder influence and a new Elder modifier to a rare item,,,,,,,,
Stackable Currency,Orb of Remembrance,1,,1,1,,,,defa,,3,,,,,,,,,Randomises the number of Memory Strands on a normal equipment item,,,,,,,,
Stackable Currency,Orb of Unravelling,1,,1,1,,,,defa,,3,,,,,,,,,Consumes all Memory Strands on an item to attempt to upgrade the tier\nof explicit modifiers based on the number of Memory Strands consumed,,,,,,,,
Stackable Currency,Orb of Intention,1,,1,1,,,,defa,,3,,,,,,,,,"Modifies a Memory Influenced Map, causing items found to\nhave more Memory Strands, but fewer items drop",,,,,,,,
Stackable Currency,Runegraft of the Angler,1,,1,1,,,,secret,,3,,,,,,,,,,,,,,,,,
Stackable Currency,Runegraft of the Bound,1,,1,1,,,,secret,,3,,,,,,,,,,,,,,,,,
Stackable Currency,Runegraft of the Combatant,1,,1,1,,,,secret,,3,,,,,,,,,,,,,,,,,
Stackable Currency,Runegraft of the Fortress,1,,1,1,,,,secret,,3,,,,,,,,,,,,,,,,,
Stackable Currency,Runegraft of the Jeweller,1,,1,1,,,,secret,,3,,,,,,,,,,,,,,,,,
Stackable Currency,Runegraft of the Novamark,1,,1,1,,,,secret,,3,,,,,,,,,,,,,,,,,
Stackable Currency,Runegraft of the River,1,,1,1,,,,secret,,3,,,,,,,,,,,,,,,,,
Stackable Currency,Runegraft of the Sinistral,1,,1,1,,,,secret,,3,,,,,,,,,,,,,,,,,
Stackable Currency,Runegraft of the Soulwick,1,,1,1,,,,secret,,3,,,,,,,,,,,,,,,,,
Stackable Currency,Runegraft of the Warp,1,,1,1,,,,secret,,3,,,,,,,,,,,,,,,,,
Stackable Currency,Runegraft of the Witchmark,1,,1,1,,,,secret,,3,,,,,,,,,,,,,,,,,
Stackable Currency,Runegraft of Bellows,1,,1,1,,,,secret,,3,,,,,,,,,,,,,,,,,
Stackable Currency,Runegraft of Blasphemy,1,,1,1,,,,secret,,3,,,,,,,,,,,,,,,,,
Stackable Currency,Runegraft of Gemcraft,1,,1,1,,,,secret,,3,,,,,,,,,,,,,,,,,
Stackable Currency,Runegraft of Loyalty,1,,1,1,,,,secret,,3,,,,,,,,,,,,,,,,,
Stackable Currency,Runegraft of Quaffing,1,,1,1,,,,secret,,3,,,,,,,,,,,,,,,,,
Stackable Currency,Runegraft of Refraction,1,,1,1,,,,secret,,3,,,,,,,,,,,,,,,,,
Stackable Currency,Runegraft of Restitching,1,,1,1,,,,secret,,3,,,,,,,,,,,,,,,,,
Stackable Currency,Runegraft of Stability,1,,1,1,,,,secret,,3,,,,,,,,,,,,,,,,,
Stackable Currency,Runegraft of Time,1,,1,1,,,,secret,,3,,,,,,,,,,,,,,,,,
Stackable Currency,Runegraft of Treachery,1,,1,1,,,,secret,,3,,,,,,,,,,,,,,,,,
Map Fragments,Kalguuran Scarab,68,,1,1,,,,secret,,3,,,,,,,,,Area contains 2 additional Ore Deposits,,,,,,,,
Map Fragments,Kalguuran Scarab of Guarded Riches,73,,1,1,,,,secret,,3,,,,,,,,,Monsters guarding Ore Deposits in Area are at least Magic,,,,,,,,
Map Fragments,Kalguuran Scarab of Refinement,78,,1,1,,,,secret,,3,,,,,,,,,Ore Deposits in Area grant Smelted Bars instead of Marking Ore,,,,,,,,
Map Fragments,Echo of Trauma,1,,1,1,,,,secret,,3,,,,,,,,,,,,,,,,,
Map Fragments,Echo of Reverence,1,,1,1,,,,secret,,3,,,,,,,,,,,,,,,,,
Map Fragments,Echo of Loneliness,1,,1,1,,,,secret,,3,,,,,,,,,,,,,,,,,
Map Fragments,Syndicate Medallion,80,,1,1,,,,secret,,3,,,,,,,,,,,,,,,,,
Map Fragments,Allflame Ember of Kulemak,1,,1,1,,,,secret,,3,,,,,,,,,Substitutes Monster Packs in Area\nPack Leaders are random Syndicate Members which\ncan have random Syndicate Gear equipped\nPack Monsters revive after Final Map Boss has been slain,,,,,,,,
Map Fragments,Allflame Ember of Resplendence,1,,1,1,,,,secret,,3,,,,,,,,,"Substitutes Monster Packs in Area\nPack Monsters do not drop items\nPack Monsters grant increased Item Rarity when slain, up to\n400%, decaying over time",,,,,,,,
Map Fragments,Allflame Ember of Propagation,1,,1,1,,,,secret,,3,,,,,,,,,Substitutes Monster Packs in Area\nPack Monsters that die when Rare spread\nModifiers to other Rare Monsters in Area,,,,,,,,
Map Fragments,Allflame Ember of Flesh,1,,1,1,,,,secret,,3,,,,,,,,,Substitutes Monster Packs in Area\nPack has single Monster\nMonster has greatly increased Life,,,,,,,,
Map Fragments,Allflame Ember of the Wildwood,1,,1,1,,,,secret,,3,,,,,,,,,Substitutes Monster Packs in Area\nPack Leader Empowers Map Bosses\nwith Wildwood Wisps when slain,,,,,,,,
Map Fragments,Allflame Ember of the Ethereal,1,,1,1,,,,secret,,3,,,,,,,,,"Substitutes Monster Packs in Area\nPack Monsters cannot drop\nEquipment, Flasks or Tinctures",,,,,,,,
Map Fragments,Allflame Ember of the Gilded,1,,1,1,,,,secret,,3,,,,,,,,,Substitutes Monster Packs in Area\nPack Monster Equipment Drops are converted to Gold,,,,,,,,
Map Fragments,Allflame Ember of Toads,1,,1,1,,,,secret,,3,,,,,,,,,Substitutes Monster Packs in Area\nPack Monsters are Harmless Toads,,,,,,,,
Map Fragments,Allflame Ember of K'Tash,68,,1,1,,,,secret,,3,,,,,,,,,,,,,,,,,
Skill Gems,Dark Bargain of Trarthus,68,,1,1,,,,secret,,3,,,,,,,,,,,,,,,,,
Skill Gems,Heavy Strike of Trarthus,68,,1,1,,,,secret,,3,,,,,,,,,,,,,,,,,
Skill Gems,Spectral Shield Throw of Trarthus,68,,1,1,,,,secret,,3,,,,,,,,,,,,,,,,,
Skill Gems,Spectral Throw of Trarthus,68,,1,1,,,,secret,,3,,,,,,,,,,,,,,,,,
Skill Gems,Storm Call of Trarthus,68,,1,1,,,,secret,,3,,,,,,,,,,,,,,,,,
Skill Gems,Blast Rain of Trarthus,68,,1,1,,,,secret,,3,,,,,,,,,,,,,,,,,
Skill Gems,Siege Ballista of Trarthus,68,,1,1,,,,secret,,3,,,,,,,,,,,,,,,,,
Skill Gems,Sunder of Trarthus,68,,1,1,,,,secret,,3,,,,,,,,,,,,,,,,,
Skill Gems,Wave of Conviction of Trarthus,68,,1,1,,,,secret,,3,,,,,,,,,,,,,,,,,
Skill Gems,Chain Hook of Trarthus,68,,1,1,,,,secret,,3,,,,,,,,,,,,,,,,,
Skill Gems,Spectral Helix of Trarthus,68,,1,1,,,,secret,,3,,,,,,,,,,,,,,,,,
Skill Gems,Bladefall of Trarthus,68,,1,1,,,,secret,,3,,,,,,,,,,,,,,,,,
Stackable Currency,Foulborn Orb of Augmentation,68,,1,1,,,,keepers,,3,,,,,,,,,Augments a magic item with a new random modifier with\nhigher level modifiers being more likely,,,,,,,,
Stackable Currency,Foulborn Regal Orb,68,,1,1,,,,keepers,,3,,,,,,,,,Upgrades a magic item to a rare item with higher level\nmodifiers being more likely,,,,,,,,
Stackable Currency,Foulborn Exalted Orb,80,,1,1,,,,keepers,,3,,,,,,,,,Augments a rare item with a new random modifier with\nhigher level modifiers being more likely,,,,,,,,
Map Fragments,Hivebrain Gland,1,,1,1,,,,keepers,,3,,,,,,,,,,,,,,,,,
Map Fragments,Traumatic Fragment,84,,1,1,,,,keepers,,3,,,,,,,,,The Moment of Trauma is level 85\nThe Incarnation of Fear's full power is unleashed in The Moment of Trauma,,,,,,,,
Map Fragments,Reverent Fragment,84,,1,1,,,,keepers,,3,,,,,,,,,The Moment of Reverence is level 85\nThe Incarnation of Dread's full power is unleashed in The Moment of Reverence,,,,,,,,
Map Fragments,Lonely Fragment,84,,1,1,,,,keepers,,3,,,,,,,,,The Moment of Loneliness is level 85\nThe Incarnation of Neglect's full power is unleashed in The Moment of Loneliness,,,,,,,,
Vault Keys,Lonely Reliquary Key,68,,1,1,,,,keepers,,3,,,,,,,,,,,,,,,,,
Vault Keys,Reverent Reliquary Key,68,,1,1,,,,keepers,,3,,,,,,,,,,,,,,,,,
Vault Keys,Traumatic Reliquary Key,68,,1,1,,,,keepers,,3,,,,,,,,,,,,,,,,,
Wombgifts,Provisioning Wombgift,1,,1,1,,,,keepers,,3,,,,,,,,,Can grow into an Armour or Jewellery item on the Genesis Tree,,,,,,,,
Wombgifts,Lavish Wombgift,13,,1,1,,,,keepers,,3,,,,,,,,,Can grow into a Currency item on the Genesis Tree,,,,,,,,
Wombgifts,Ancient Wombgift,21,,1,1,,,,keepers,,3,,,,,,,,,Can grow into a Unique item on the Genesis Tree,,,,,,,,
Wombgifts,Mysterious Wombgift,68,,1,1,,,,keepers,,3,,,,,,,,,Can grow into an item on the Genesis Tree,,,,,,,,
Rings,Cryonic Ring,40,NMR,1,1,,,,keepers,,3,,,,,,,,,Cannot roll Modifiers of Non-Cold Damage Types\n+2% to maximum Cold Resistance,,,,,,,,
Rings,Enthalpic Ring,40,NMR,1,1,,,,keepers,,3,,,,,,,,,Cannot roll Modifiers of Non-Fire Damage Types\n+2% to maximum Fire Resistance,,,,,,,,
Rings,Synaptic Ring,40,NMR,1,1,,,,keepers,,3,,,,,,,,,Cannot roll Modifiers of Non-Lightning Damage Types\n+2% to maximum Lightning Resistance,,,,,,,,
Rings,Organic Ring,40,NMR,1,1,,,,keepers,,3,,,,,,,,,Cannot roll Modifiers of Non-Physical Damage Types\n3% additional Physical Damage Reduction,,,,,,,,
Rings,Fugitive Ring,40,NMR,1,1,,,,keepers,,3,,,,,,,,,Cannot roll Modifiers of Non-Chaos Damage Types\n+2% to maximum Chaos Resistance,,,,,,,,
Rings,Formless Ring,40,NMR,1,1,,,,keepers,,3,,,,,,,,,5-7% increased Global Defences,,,,,,,,
Stackable Currency,Refracting Fog,68,,1,1,,,,mirage,,3,,,,,,,,,Replaces the Small Passive Skill Enchantment of a Cluster Jewel,,,,,,,,
Stackable Currency,Essence of Desolation,68,,1,1,,,,mirage,,3,,,,,,,,,"Upgrades a normal item to rare or reforges a rare item, guaranteeing one property",,,,,,,,
Stackable Currency,Flesh of Xesht,1,,1,1,,,,mirage,,3,,,,,,,,,Transforms a Breach Unique item to its alternate form,,,,,,,,
Stackable Currency,Sinistral Catalyst,1,,1,1,,,,mirage,,3,,,,,,,,,"Adds quality that enhances Prefix modifiers on a ring, amulet or belt\nReplaces other quality types",,,,,,,,
Stackable Currency,Dextral Catalyst,1,,1,1,,,,mirage,,3,,,,,,,,,"Adds quality that enhances Suffix modifiers on a ring, amulet or belt\nReplaces other quality types",,,,,,,,
Stackable Currency,Volatile Vaal Orb,68,,1,1,,,,mirage,,3,,,,,,,,,"Unpredictably either randomises the values of random modifiers on a\nunique equipment and corrupts it, or destroys it",,,,,,,,
Stackable Currency,Memory of Trauma,1,,1,1,,,,mirage,,3,,,,,,,,,Adds a Memory Thread to the Atlas leading to the Incarnation of Fear,,,,,,,,
Stackable Currency,Memory of Reverence,1,,1,1,,,,mirage,,3,,,,,,,,,Adds a Memory Thread to the Atlas leading to the Incarnation of Dread,,,,,,,,
Stackable Currency,Memory of Loneliness,1,,1,1,,,,mirage,,3,,,,,,,,,Adds a Memory Thread to the Atlas leading to the Incarnation of Neglect,,,,,,,,
Stackable Currency,Crystallised Rancour,1,,1,1,,,,mirage,,3,,,,,,,,,,,,,,,,,
Stackable Currency,Runegraft of Consecration,1,,1,1,,,,mirage,,3,,,,,,,,,,,,,,,,,
Stackable Currency,Runegraft of Fury,1,,1,1,,,,mirage,,3,,,,,,,,,,,,,,,,,
Stackable Currency,Runegraft of Rallying,1,,1,1,,,,mirage,,3,,,,,,,,,,,,,,,,,
Stackable Currency,Runegraft of Rotblood,1,,1,1,,,,mirage,,3,,,,,,,,,,,,,,,,,
Stackable Currency,Runegraft of the Imbued,1,,1,1,,,,mirage,,3,,,,,,,,,,,,,,,,,
Stackable Currency,Runegraft of the Agile,1,,1,1,,,,mirage,,3,,,,,,,,,,,,,,,,,
Stackable Currency,Runegraft of Suffering,1,,1,1,,,,mirage,,3,,,,,,,,,,,,,,,,,
Stackable Currency,Runegraft of the Spellbound,1,,1,1,,,,mirage,,3,,,,,,,,,,,,,,,,,
Stackable Currency,Runegraft of Resurgence,1,,1,1,,,,mirage,,3,,,,,,,,,,,,,,,,,
Stackable Currency,Runegraft of Connection,1,,1,1,,,,mirage,,3,,,,,,,,,,,,,,,,,
Stackable Currency,Coin of Restoration,68,,1,1,,,,mirage,,3,,,,,,,,,Restores an Afarud Unique item to its past Maraketh form,,,,,,,,
Stackable Currency,Coin of Desecration,68,,1,1,,,,mirage,,3,,,,,,,,,"Twists a Maraketh Unique item into its Afarud form,\nCorrupting it and adding an Implicit Modifier",,,,,,,,
Stackable Currency,Coin of Knowledge,68,,1,1,,,,mirage,,3,,,,,,,,,"Corrupts a level 20 Skill Gem, Imbuing it with a random Intelligence Support effect",,,,,,,,
Stackable Currency,Coin of Power,68,,1,1,,,,mirage,,3,,,,,,,,,"Corrupts a level 20 Skill Gem, Imbuing it with a random Strength Support effect",,,,,,,,
Stackable Currency,Coin of Skill,68,,1,1,,,,mirage,,3,,,,,,,,,"Corrupts a level 20 Skill Gem, Imbuing it with a random Dexterity Support effect",,,,,,,,
Stackable Currency,Templar Astrolabe,1,,1,1,,,,mirage,,3,,,,,,,,,Adds a Shaped Region to a quadrant of the Atlas,,,,,,,,
Stackable Currency,Fruiting Astrolabe,1,,1,1,,,,mirage,,3,,,,,,,,,Adds a Shaped Region containing the Sacred Grove to a quadrant of the Atlas,,,,,,,,
Stackable Currency,Lightless Astrolabe,1,,1,1,,,,mirage,,3,,,,,,,,,Adds a Shaped Region containing [ContainsAbyss|Abysses] to a quadrant of the Atlas,,,,,,,,
Stackable Currency,Grasping Astrolabe,1,,1,1,,,,mirage,,3,,,,,,,,,Adds a Shaped Region containing Breaches to a quadrant of the Atlas,,,,,,,,
Stackable Currency,Nameless Astrolabe,1,,1,1,,,,mirage,,3,,,,,,,,,Adds a Shaped Region containing Ritual Altars to a quadrant of the Atlas,,,,,,,,
Stackable Currency,Fungal Astrolabe,1,,1,1,,,,mirage,,3,,,,,,,,,Adds a Shaped Region containing Blight encounters to a quadrant of the Atlas,,,,,,,,
Stackable Currency,Chaotic Astrolabe,1,,1,1,,,,mirage,,3,,,,,,,,,Adds a Shaped Region containing Ultimatum encounters to a quadrant of the Atlas,,,,,,,,
Stackable Currency,Deceptive Astrolabe,1,,1,1,,,,mirage,,3,,,,,,,,,Adds a Shaped Region containing Mirrors of Delirium to a quadrant of the Atlas,,,,,,,,
Stackable Currency,Timeless Astrolabe,1,,1,1,,,,mirage,,3,,,,,,,,,Adds a Shaped Region containing Legion encounters to a quadrant of the Atlas,,,,,,,,
Stackable Currency,Runic Astrolabe,1,,1,1,,,,mirage,,3,,,,,,,,,Adds a Shaped Region containing Expedition encounters to a quadrant of the Atlas,,,,,,,,
Skill Gems,Holy Hammers,28,,1,1,,,,mirage,,3,,,,,,,,,,,,,,,,,
Skill Gems,Shield of Light,16,,1,1,,,,mirage,,3,,,,,,,,,,,,,,,,,
Skill Gems,Holy Strike,5,,1,1,,,,mirage,,3,,,,,,,,,,,,,,,,,
Skill Gems,Divine Blast,28,,1,1,,,,mirage,,3,,,,,,,,,,,,,,,,,
Skill Gems,Charged Dash of Projection,68,,1,1,,,,mirage,,3,,,,,,,,,,,,,,,,,
Skill Gems,Shock Nova of Procession,68,,1,1,,,,mirage,,3,,,,,,,,,,,,,,,,,
Skill Gems,Shockwave Totem of Authority,68,,1,1,,,,mirage,,3,,,,,,,,,,,,,,,,,
Skill Gems,Creeping Frost of Floes,68,,1,1,,,,mirage,,3,,,,,,,,,,,,,,,,,
Skill Gems,Storm Burst of Repulsion,68,,1,1,,,,mirage,,3,,,,,,,,,,,,,,,,,
Skill Gems,Static Strike of Gathering Lightning,68,,1,1,,,,mirage,,3,,,,,,,,,,,,,,,,,
Skill Gems,Orb of Storms of Squalls,68,,1,1,,,,mirage,,3,,,,,,,,,,,,,,,,,
Skill Gems,Siphoning Trap of Pain,68,,1,1,,,,mirage,,3,,,,,,,,,,,,,,,,,
Skill Gems,Flamethrower Trap of Stability,68,,1,1,,,,mirage,,3,,,,,,,,,,,,,,,,,
Skill Gems,Kinetic Fusillade of Detonation,68,,1,1,,,,mirage,,3,,,,,,,,,,,,,,,,,
Support Gems,Greater Spell Cascade Support,72,,1,1,,,,mirage,,3,,,,,,,,,,,,,,,,,
Support Gems,Eclipse Support,72,,1,1,,,,mirage,,3,,,,,,,,,,,,,,,,,
Support Gems,Invert the Rules Support,72,,1,1,,,,mirage,,3,,,,,,,,,,,,,,,,,
Support Gems,Cast on Ward Break Support,72,,1,1,,,,mirage,,3,,,,,,,,,,,,,,,,,
Support Gems,Vaal Sacrifice Support,72,,1,1,,,,mirage,,3,,,,,,,,,,,,,,,,,
Support Gems,Greater Spell Echo Support,72,,1,1,,,,mirage,,3,,,,,,,,,,,,,,,,,
Support Gems,Vaal Temptation Support,72,,1,1,,,,mirage,,3,,,,,,,,,,,,,,,,,
Support Gems,Machinations Support,72,,1,1,,,,mirage,,3,,,,,,,,,,,,,,,,,
Support Gems,Pyre Support,72,,1,1,,,,mirage,,3,,,,,,,,,,,,,,,,,
Support Gems,Bonespire Support,72,,1,1,,,,mirage,,3,,,,,,,,,,,,,,,,,
Support Gems,Foulgrasp Support,72,,1,1,,,,mirage,,3,,,,,,,,,,,,,,,,,
Support Gems,Hiveborn Support,72,,1,1,,,,mirage,,3,,,,,,,,,,,,,,,,,
Support Gems,Scornful Herald Support,72,,1,1,,,,mirage,,3,,,,,,,,,,,,,,,,,
Support Gems,Cull the Weak Support,72,,1,1,,,,mirage,,3,,,,,,,,,,,,,,,,,
Support Gems,Greater Ancestral Call Support,72,,1,1,,,,mirage,,3,,,,,,,,,,,,,,,,,
Support Gems,Fissure Support,72,,1,1,,,,mirage,,3,,,,,,,,,,,,,,,,,
Support Gems,Hextoad Support,72,,1,1,,,,mirage,,3,,,,,,,,,,,,,,,,,
Support Gems,Hexpass Support,72,,1,1,,,,mirage,,3,,,,,,,,,,,,,,,,,
Support Gems,Greater Fork Support,72,,1,1,,,,mirage,,3,,,,,,,,,,,,,,,,,
Support Gems,Greater Chain Support,72,,1,1,,,,mirage,,3,,,,,,,,,,,,,,,,,
Support Gems,Lethal Dose Support,72,,1,1,,,,mirage,,3,,,,,,,,,,,,,,,,,
Support Gems,Companionship Support,72,,1,1,,,,mirage,,3,,,,,,,,,,,,,,,,,
Support Gems,Divine Sentinel Support,72,,1,1,,,,mirage,,3,,,,,,,,,,,,,,,,,
Support Gems,Annihilation Support,72,,1,1,,,,mirage,,3,,,,,,,,,,,,,,,,,
Support Gems,Invention Support,72,,1,1,,,,mirage,,3,,,,,,,,,,,,,,,,,
Support Gems,Greater Kinetic Instability Support,72,,1,1,,,,mirage,,3,,,,,,,,,,,,,,,,,
Support Gems,Cooldown Recovery Support,72,,1,1,,,,mirage,,3,,,,,,,,,,,,,,,,,
Support Gems,Voidstorm Support,72,,1,1,,,,mirage,,3,,,,,,,,,,,,,,,,,
Support Gems,Void Shockwave Support,72,,1,1,,,,mirage,,3,,,,,,,,,,,,,,,,,
Support Gems,Eldritch Blasphemy Support,72,,1,1,,,,mirage,,3,,,,,,,,,,,,,,,,,
Support Gems,Gluttony Support,72,,1,1,,,,mirage,,3,,,,,,,,,,,,,,,,,
Support Gems,Overheat Support,72,,1,1,,,,mirage,,3,,,,,,,,,,,,,,,,,
Support Gems,Greater Multistrike Support,72,,1,1,,,,mirage,,3,,,,,,,,,,,,,,,,,
Support Gems,Congregation Support,72,,1,1,,,,mirage,,3,,,,,,,,,,,,,,,,,
Support Gems,Frostmage Support,72,,1,1,,,,mirage,,3,,,,,,,,,,,,,,,,,
Support Gems,Greater Devour Support,72,,1,1,,,,mirage,,3,,,,,,,,,,,,,,,,,
Support Gems,Greater Unleash Support,72,,1,1,,,,mirage,,3,,,,,,,,,,,,,,,,,
Support Gems,Pacifism Support,72,,1,1,,,,mirage,,3,,,,,,,,,,,,,,,,,
Support Gems,Bloodsoaked Banner Support,72,,1,1,,,,mirage,,3,,,,,,,,,,,,,,,,,
Support Gems,Communion Support,72,,1,1,,,,mirage,,3,,,,,,,,,,,,,,,,,
Support Gems,Unholy Trinity Support,72,,1,1,,,,mirage,,3,,,,,,,,,,,,,,,,,
Support Gems,Overloaded Intensity Support,72,,1,1,,,,mirage,,3,,,,,,,,,,,,,,,,,
Support Gems,Transfusion Support,72,,1,1,,,,mirage,,3,,,,,,,,,,,,,,,,,
Support Gems,Excommunicate Support,31,,1,1,,,,mirage,,3,,,,,,,,,,,,,,,,,
Support Gems,Exemplar Support,18,,1,1,,,,mirage,,3,,,,,,,,,,,,,,,,,
Support Gems,Blessed Call Support,31,,1,1,,,,mirage,,3,,,,,,,,,,,,,,,,,
Support Gems,Hallow Support,5,,1,1,,,,mirage,,3,,,,,,,,,,,,,,,,,
Map Fragments,Anarchy Scarab of the Exceptional,78,,1,1,,,,mirage,,3,,,,,,,,,Area contains an additional Exceptional Rogue Exile,,,,,,,,
Map Fragments,Ritual Scarab of Corpses,73,,1,1,,,,mirage,,3,,,,,,,,,Rituals in Area contain an additional Rare Itemised Corpse Monster,,,,,,,,
Map Fragments,Kalguuran Scarab of Enriching,73,,1,1,,,,mirage,,3,,,,,,,,,Monsters guarding Ore Deposits have increased Difficulty and\nReward and Ore Deposits contain 15% increased Ore\nfor each Ore Deposit completed in Area,,,,,,,,
Map Fragments,The Black Barya,1,,1,1,,,,mirage,,3,,,,,,,,,,,,,,,,,
Map Fragments,Scarab of the Dextral,73,,1,1,,,,mirage,,3,,,,,,,,,100% increased effect of Area Suffix Modifiers\nArea Prefix Modifiers have no effect,,,,,,,,
Map Fragments,Betrayal Scarab of Unbreaking,73,,1,1,,,,mirage,,3,,,,,,,,,Interrogated Immortal Syndicate targets in Area have a 50% chance to\nnot lose Rank upon completing Interrogation,,,,,,,,
Map Fragments,Abyss Scarab of Descending,78,,1,1,,,,mirage,,3,,,,,,,,,Area contains an [AbyssalDepths|Abyssal Depths],,,,,,,,
Map Fragments,Expedition Scarab of Infusion,73,,1,1,,,,mirage,,3,,,,,,,,,Logbooks found in Area always have 4 Implicits\nExpedition Monsters gain increased Difficulty and Reward for each Remnant detonated,,,,,,,,
Belts,Cord Belt,1,NMR,1,2,,,,mirage,,3,,,,,,,,,Can be Anointed,,,,,,,,
Corpses,Imperfect Astral Lich,48,,2,3,,,,mirage,,3,,,,,,,,,,,,,,,,,
Corpses,Astral Lich,68,,2,3,,,,mirage,,3,,,,,,,,,,,,,,,,,
Corpses,Perfect Astral Lich,78,,2,3,,,,mirage,,3,,,,,,,,,,,,,,,,,
Corpses,Imperfect Conjuror of Rot,48,,2,3,,,,mirage,,3,,,,,,,,,,,,,,,,,
Corpses,Conjuror of Rot,68,,2,3,,,,mirage,,3,,,,,,,,,,,,,,,,,
Corpses,Perfect Conjuror of Rot,78,,2,3,,,,mirage,,3,,,,,,,,,,,,,,,,,
Corpses,Imperfect Adherent of Zarokh,48,,2,3,,,,mirage,,3,,,,,,,,,,,,,,,,,
Corpses,Adherent of Zarokh,68,,2,3,,,,mirage,,3,,,,,,,,,,,,,,,,,
Corpses,Perfect Adherent of Zarokh,78,,2,3,,,,mirage,,3,,,,,,,,,,,,,,,,,
Maps,Map (Tier 1),58,NMRU,1,1,,,,defa,1,3,,,,,,,,,,,,,,,,,
Maps,Map (Tier 2),69,NMRU,1,1,,,,defa,2,3,,,,,,,,,,,,,,,,,
Maps,Map (Tier 3),70,NMRU,1,1,,,,defa,3,3,,,,,,,,,,,,,,,,,
Maps,Map (Tier 4),71,NMRU,1,1,,,,defa,4,3,,,,,,,,,,,,,,,,,
Maps,Map (Tier 5),72,NMRU,1,1,,,,defa,5,3,,,,,,,,,,,,,,,,,
Maps,Map (Tier 6),73,NMRU,1,1,,,,defa,6,3,,,,,,,,,,,,,,,,,
Maps,Map (Tier 7),74,NMRU,1,1,,,,defa,7,3,,,,,,,,,,,,,,,,,
Maps,Map (Tier 8),75,NMRU,1,1,,,,defa,8,3,,,,,,,,,,,,,,,,,
Maps,Map (Tier 9),76,NMRU,1,1,,,,defa,9,3,,,,,,,,,,,,,,,,,
Maps,Map (Tier 10),77,NMRU,1,1,,,,defa,10,3,,,,,,,,,,,,,,,,,
Maps,Map (Tier 11),78,NMRU,1,1,,,,defa,11,3,,,,,,,,,,,,,,,,,
Maps,Map (Tier 12),79,NMRU,1,1,,,,defa,12,3,,,,,,,,,,,,,,,,,
Maps,Map (Tier 13),80,NMRU,1,1,,,,defa,13,3,,,,,,,,,,,,,,,,,
Maps,Map (Tier 14),81,NMRU,1,1,,,,defa,14,3,,,,,,,,,,,,,,,,,
Maps,Map (Tier 15),82,NMRU,1,1,,,,defa,15,3,,,,,,,,,,,,,,,,,
Maps,Map (Tier 16),83,NMRU,1,1,,,,defa,16,3,,,,,,,,,,,,,,,,,
Maps,Valdo Map,84,NMR,1,1,,,,defa,16,3,,,,,,,,,,,,,,,,,
Maps,Shaper Guardian Map,83,NMR,1,1,,,,defa,16,3,,,,,,,,,Area is influenced by The Shaper,,,,,,,,
Maps,Nightmare Map,83,NMR,1,1,,,,defa,16,3,,,,,,,,,,,,,,,,,
Maps,Vaal Temple Map,83,NMR,1,1,,,,defa,16,3,,,,,,,,,,,,,,,,,
Pieces,Vaal Aspect,1,U,1,1,,,,defa,,3,,,,,,,,,,,,,,,,,
Stackable Currency,Forbidden Tattoo of the Ranger,1,,1,1,,,,rotaE,,,,,,,,,,,,,,,,,,,
Stackable Currency,Forbidden Tattoo of the Duelist,1,,1,1,,,,rotaE,,,,,,,,,,,,,,,,,,,
Stackable Currency,Forbidden Tattoo of the Marauder,1,,1,1,,,,rotaE,,,,,,,,,,,,,,,,,,,
Stackable Currency,Forbidden Tattoo of the Templar,1,,1,1,,,,rotaE,,,,,,,,,,,,,,,,,,,
Stackable Currency,Forbidden Tattoo of the Witch,1,,1,1,,,,rotaE,,,,,,,,,,,,,,,,,,,
Stackable Currency,Forbidden Tattoo of the Shadow,1,,1,1,,,,rotaE,,,,,,,,,,,,,,,,,,,
Stackable Currency,Forbidden Tattoo of the Scion,1,,1,1,,,,rotaE,,,,,,,,,,,,,,,,,,,
Stackable Currency,Silver Coin,1,,1,1,,,,rotaE,,,,,,,,,,,,,,,,,,,
Stackable Currency,Loyalty Tattoo of Kaom,1,,1,1,,,,rotaE,,,,,,,,,,,,,,,,,,,
Stackable Currency,Tattoo of the Ngamahu Makanga,1,,1,1,,,,rotaE,,,,,,,,,,,,,,,,,,,
Stackable Currency,Loyalty Tattoo of Utula,1,,1,1,,,,rotaE,,,,,,,,,,,,,,,,,,,
Stackable Currency,Tattoo of the Kitava Makanga,1,,1,1,,,,rotaE,,,,,,,,,,,,,,,,,,,
Stackable Currency,Loyalty Tattoo of Akoya,1,,1,1,,,,rotaE,,,,,,,,,,,,,,,,,,,
Stackable Currency,Tattoo of the Tukohama Makanga,1,,1,1,,,,rotaE,,,,,,,,,,,,,,,,,,,
Stackable Currency,Loyalty Tattoo of Kahuturoa,1,,1,1,,,,rotaE,,,,,,,,,,,,,,,,,,,
Stackable Currency,Tattoo of the Rongokurai Makanga,1,,1,1,,,,rotaE,,,,,,,,,,,,,,,,,,,
Stackable Currency,Loyalty Tattoo of Rakiata,1,,1,1,,,,rotaE,,,,,,,,,,,,,,,,,,,
Stackable Currency,Tattoo of the Tasalio Makanga,1,,1,1,,,,rotaE,,,,,,,,,,,,,,,,,,,
Stackable Currency,Loyalty Tattoo of Ikiaho,1,,1,1,,,,rotaE,,,,,,,,,,,,,,,,,,,
Stackable Currency,Tattoo of the Arohongui Makanga,1,,1,1,,,,rotaE,,,,,,,,,,,,,,,,,,,
Stackable Currency,Loyalty Tattoo of Ahuana,1,,1,1,,,,rotaE,,,,,,,,,,,,,,,,,,,
Stackable Currency,Tattoo of the Ramako Makanga,1,,1,1,,,,rotaE,,,,,,,,,,,,,,,,,,,
Stackable Currency,Loyalty Tattoo of Tawhanuku,1,,1,1,,,,rotaE,,,,,,,,,,,,,,,,,,,
Stackable Currency,Tattoo of the Hinekora Makanga,1,,1,1,,,,rotaE,,,,,,,,,,,,,,,,,,,
Stackable Currency,Loyalty Tattoo of Maata,1,,1,1,,,,rotaE,,,,,,,,,,,,,,,,,,,
Stackable Currency,Tattoo of the Tawhoa Makanga,1,,1,1,,,,rotaE,,,,,,,,,,,,,,,,,,,
Stackable Currency,Loyalty Tattoo of Kiloava,1,,1,1,,,,rotaE,,,,,,,,,,,,,,,,,,,
Stackable Currency,Tattoo of the Valako Makanga,1,,1,1,,,,rotaE,,,,,,,,,,,,,,,,,,,
Stackable Currency,Honoured Tattoo of the Dove,1,,1,1,,,,rotaE,,,,,,,,,,,,,,,,,,,
Stackable Currency,Honoured Tattoo of the Sky,1,,1,1,,,,rotaE,,,,,,,,,,,,,,,,,,,
Stackable Currency,Honoured Tattoo of the Tuatara,1,,1,1,,,,rotaE,,,,,,,,,,,,,,,,,,,
Stackable Currency,Honoured Tattoo of the Pillager,1,,1,1,,,,rotaE,,,,,,,,,,,,,,,,,,,
Stackable Currency,Honoured Tattoo of the Turtle,1,,1,1,,,,rotaE,,,,,,,,,,,,,,,,,,,
Stackable Currency,Honoured Tattoo of the Oak,1,,1,1,,,,rotaE,,,,,,,,,,,,,,,,,,,
Stackable Currency,Honoured Tattoo of the Hatungo,1,,1,1,,,,rotaE,,,,,,,,,,,,,,,,,,,
Stackable Currency,Honoured Tattoo of the Flock,1,,1,1,,,,rotaE,,,,,,,,,,,,,,,,,,,
Stackable Currency,Honoured Tattoo of the Warlord,1,,1,1,,,,rotaE,,,,,,,,,,,,,,,,,,,
Stackable Currency,Honoured Tattoo of the Mountain,1,,1,1,,,,rotaE,,,,,,,,,,,,,,,,,,,
Stackable Currency,Honoured Tattoo of the Pa,1,,1,1,,,,rotaE,,,,,,,,,,,,,,,,,,,
Stackable Currency,Honoured Tattoo of the Hunter,1,,1,1,,,,rotaE,,,,,,,,,,,,,,,,,,,
Stackable Currency,Honoured Tattoo of the Barbarian,1,,1,1,,,,rotaE,,,,,,,,,,,,,,,,,,,
Stackable Currency,Honoured Tattoo of the Berserker,1,,1,1,,,,rotaE,,,,,,,,,,,,,,,,,,,
Stackable Currency,Honoured Tattoo of the Wise,1,,1,1,,,,rotaE,,,,,,,,,,,,,,,,,,,
Stackable Currency,Honoured Tattoo of the Storm,1,,1,1,,,,rotaE,,,,,,,,,,,,,,,,,,,
Stackable Currency,Honoured Tattoo of the Flood,1,,1,1,,,,rotaE,,,,,,,,,,,,,,,,,,,
Stackable Currency,Ancestral Tattoo of Bloodlines,1,,1,1,,,,rotaE,,,,,,,,,,,,,,,,,,,
Stackable Currency,Honoured Tattoo of the Makanga,1,,1,1,,,,rotaE,,,,,,,,,,,,,,,,,,,
Stackable Currency,Journey Tattoo of Makanui,1,,1,1,,,,rotaE,,,,,,,,,,,,,,,,,,,
Stackable Currency,Scrying Orb,78,,1,1,,,,CotA,,,,,,,,,,,[Scrying|Scries] a Map on your Atlas,,,,,,,,
Stackable Currency,Karui Enshrouding Crystal,1,,1,1,,,,CotA,,,,,,,,,,,[Enshroud|Enshrouds] Unique Gloves,,,,,,,,
Stackable Currency,Imperial Enshrouding Crystal,1,,1,1,,,,CotA,,,,,,,,,,,[Enshroud|Enshrouds] Unique Boots,,,,,,,,
Stackable Currency,Vaal Enshrouding Crystal,1,,1,1,,,,CotA,,,,,,,,,,,[Enshroud|Enshrouds] Unique Helmets,,,,,,,,
Stackable Currency,Templar Enshrouding Crystal,1,,1,1,,,,CotA,,,,,,,,,,,[Enshroud|Enshrouds] Unique Shields,,,,,,,,
Stackable Currency,Maraketh Enshrouding Crystal,1,,1,1,,,,CotA,,,,,,,,,,,[Enshroud|Enshrouds] Unique Body Armours,,,,,,,,
Stackable Currency,Merrick's Ducat,1,,1,1,,,,CotA,,,,,,,,,,,"Augment a Rare Abyssal Jewel with a random additional Modifier and corrupt it, even if it is already at maximum Modifier count.",,,,,,,,
Stackable Currency,Cyaxan's Ducat,1,,1,1,,,,CotA,,,,,,,,,,,"Reforges a Rare item with random modifiers, including an Infamous modifier",,,,,,,,
Stackable Currency,Dead Man's Sulphur,1,,1,1,,,,CotA,,,,,,,,,,,,,,,,,,,
Stackable Currency,Message in a Bottle,1,,2,2,,,,CotA,,,,,,,,,,,,,,,,,,,
Stackable Currency,The Changeling's Ducat,1,,1,1,,,,CotA,,,,,,,,,,,Transforms into a random Ducat,,,,,,,,
Stackable Currency,The Genteel's Ducat,1,,1,1,,,,CotA,,,,,,,,,,,Changes a modifier that grants a single Attribute to grant a different Attribute,,,,,,,,
Stackable Currency,Kishara's Ducat,1,,1,1,,,,CotA,,,,,,,,,,,"Splits an item into many ghostly forms, each retaining a single random modifier",,,,,,,,
Stackable Currency,Telesia's Ducat,1,,1,1,,,,CotA,,,,,,,,,,,"Rerolls the room type of a Chart, potentially changing the connections it will have when Charted.",,,,,,,,
Stackable Currency,Rotmother's Ducat,1,,1,1,,,,CotA,,,,,,,,,,,Augments a rare belt with a Trap or Mine modifier,,,,,,,,
Stackable Currency,Brinehook's Ducat,1,,1,1,,,,CotA,,,,,,,,,,,Crafts a random Pantheon Aspect Skill onto an item,,,,,,,,
Stackable Currency,Katakohi's Ducat,1,,1,1,,,,CotA,,,,,,,,,,,"Etches over between 1 to 3 sockets on a pair of Gloves, granting random enchantments but rendering the sockets unusable",,,,,,,,
Stackable Currency,Tzamoto's Ducat,1,,1,1,,,,CotA,,,,,,,,,,,Randomly either removes all [Intangibility] from an item or destroys it.,,,,,,,,
Skill Gems,Mana-Infused Staff,16,,1,1,,,,CotA,,,,,,,,,,,,,,,,,,,
Skill Gems,Pact of Beidat,24,,1,1,,,,CotA,,,,,,,,,,,,,,,,,,,
Skill Gems,Pact of Ghorr,24,,1,1,,,,CotA,,,,,,,,,,,,,,,,,,,
Skill Gems,Pact of K'Tash,24,,1,1,,,,CotA,,,,,,,,,,,,,,,,,,,
Skill Gems,Pact of Lycia,24,,1,1,,,,CotA,,,,,,,,,,,,,,,,,,,
Skill Gems,Holy Sweep of Hammerfalls,1,,1,1,,,,CotA,,,,,,,,,,,,,,,,,,,
Skill Gems,Reap of Butchery,1,,1,1,,,,CotA,,,,,,,,,,,,,,,,,,,
Skill Gems,Divine Blast of Radiance,1,,1,1,,,,CotA,,,,,,,,,,,,,,,,,,,
Skill Gems,Holy Hammers of Spirals,1,,1,1,,,,CotA,,,,,,,,,,,,,,,,,,,
Support Gems,Coursing Current Support,72,,1,1,,,,CotA,,,,,,,,,,,,,,,,,,,
Support Gems,Crystalfall Support,72,,1,1,,,,CotA,,,,,,,,,,,,,,,,,,,
Map Fragments,Trarthan Scarab,68,,1,1,,,,CotA,,,,,,,,,,,Area is inhabited by a Mercenary,,,,,,,,
Map Fragments,Trarthan Scarab of Infamy,73,,1,1,,,,CotA,,,,,,,,,,,Mercenaries found in Area are Infamous\nMercenaries found in Area are accompanied by two Wild Mercenaries,,,,,,,,
Map Fragments,Trarthan Scarab of Renown,78,,1,1,,,,CotA,,,,,,,,,,,All Equipment Items on Mercenaries found in Area are Unique,,,,,,,,
Map Fragments,Trarthan Scarab of Surprising Alliances,73,,1,1,,,,CotA,,,,,,,,,,,Wild Rogue Exiles in Area have 50% chance to be accompanied by a Wild Mercenary\nWild Mercenaries have increased Difficulty for each Wild Mercenary in Area,,,,,,,,
Map Fragments,Mercenary Warrant,1,,1,1,,,,CotA,,,,,,,,,,,,,,,,,,,
Map Fragments,Zorath's Eye of Malevolence,1,,1,1,,,,CotA,,,,,,,,,,,,,,,,,,,
Map Fragments,Zorath's Eye of Authority,1,,1,1,,,,CotA,,,,,,,,,,,,,,,,,,,
Map Fragments,Zorath's Eye of the Inevitable,1,,1,1,,,,CotA,,,,,,,,,,,,,,,,,,,
Map Fragments,Zorath's Eye of the Endless,1,,1,1,,,,CotA,,,,,,,,,,,,,,,,,,,
Amulets,Pearlescent Amulet,10,NMR,1,1,,,,CotA,,,,,,,,,,,+8-10% to all Elemental Resistances,,,,,,,,
Amulets,Chieftain Talisman,1,NMR,1,1,,,,CotA,,,,,,,,,,,16% increased Area of Effect,,,,,,,,
Amulets,Gargantuan Talisman,1,NMR,1,1,,,,CotA,,,,,,,,,,,15% increased maximum Life,,,,,,,,
Amulets,Goliath Talisman,1,NMR,1,1,,,,CotA,,,,,,,,,,,Projectiles Pierce 3 additional Targets,,,,,,,,
Amulets,Rhoa Talisman,1,NMR,1,1,,,,CotA,,,,,,,,,,,Gain 15% of Maximum Life as Extra Armour,,,,,,,,
Amulets,Blood Viper Talisman,1,NMR,1,1,,,,CotA,,,,,,,,,,,20% increased Cooldown Recovery Rate,,,,,,,,
Amulets,Chimeral Talisman,1,NMR,1,1,,,,CotA,,,,,,,,,,,30% increased Projectile Speed,,,,,,,,
Amulets,Squid Talisman,1,NMR,1,1,,,,CotA,,,,,,,,,,,30% increased maximum Mana,,,,,,,,
Amulets,Sand Spitter Talisman,1,NMR,1,1,,,,CotA,,,,,,,,,,,12% increased Movement Speed,,,,,,,,
Amulets,Shield Crab Talisman,1,NMR,1,1,,,,CotA,,,,,,,,,,,30% increased Global Defences,,,,,,,,
Amulets,Goatman Talisman,1,NMR,1,1,,,,CotA,,,,,,,,,,,Hits ignore Enemy Physical Damage Reduction,,,,,,,,
Amulets,Devourer Talisman,1,NMR,1,1,,,,CotA,,,,,,,,,,,Damage Penetrates 15% Fire Resistance,,,,,,,,
Amulets,Plagued Arachnid Talisman,1,NMR,1,1,,,,CotA,,,,,,,,,,,35% increased Effect of Withered,,,,,,,,
Amulets,Watcher Talisman,1,NMR,1,1,,,,CotA,,,,,,,,,,,Damage Penetrates 15% Lightning Resistance,,,,,,,,
Amulets,Savage Crab Talisman,1,NMR,1,1,,,,CotA,,,,,,,,,,,Damage Penetrates 15% Cold Resistance,,,,,,,,
Amulets,Flame Hellion Talisman,28,NMR,1,1,,,,CotA,,,,,,,,,,,+4% to maximum Fire Resistance,,,,,,,,
Amulets,Frost Hellion Talisman,28,NMR,1,1,,,,CotA,,,,,,,,,,,+4% to maximum Cold Resistance,,,,,,,,
Amulets,Lynx Talisman,28,NMR,1,1,,,,CotA,,,,,,,,,,,+4% to maximum Lightning Resistance,,,,,,,,
Amulets,Ape Talisman,28,NMR,1,1,,,,CotA,,,,,,,,,,,"+1 to Minimum Endurance, Frenzy and Power Charges",,,,,,,,
Amulets,Wolf Alpha Talisman,28,NMR,1,1,,,,CotA,,,,,,,,,,,+40% to Global Critical Strike Multiplier,,,,,,,,
Amulets,Magma Hound Talisman,28,NMR,1,1,,,,CotA,,,,,,,,,,,Unaffected by Ignite,,,,,,,,
Amulets,Pitbull Talisman,28,NMR,1,1,,,,CotA,,,,,,,,,,,Warcries Exert 1 additional Attack,,,,,,,,
Amulets,Ursa Talisman,28,NMR,1,1,,,,CotA,,,,,,,,,,,30% increased Effect of your Marks,,,,,,,,
Amulets,Taurus Talisman,28,NMR,1,1,,,,CotA,,,,,,,,,,,+1 to Maximum Endurance Charges,,,,,,,,
Amulets,Retch Talisman,28,NMR,1,1,,,,CotA,,,,,,,,,,,+1 to Maximum Power Charges,,,,,,,,
Amulets,Cobra Talisman,28,NMR,1,1,,,,CotA,,,,,,,,,,,+1 to Maximum Frenzy Charges,,,,,,,,
Amulets,Carrion Queen Talisman,28,NMR,1,1,,,,CotA,,,,,,,,,,,+1 to maximum number of Spectres,,,,,,,,
Amulets,Scrabbler Talisman,28,NMR,1,1,,,,CotA,,,,,,,,,,,+2 to Level of all Herald Skill Gems,,,,,,,,
Amulets,Black Widow Talisman,28,NMR,1,1,,,,CotA,,,,,,,,,,,Utility Flasks gain 2 Charges every 3 seconds,,,,,,,,
Amulets,Scorpion Talisman,28,NMR,1,1,,,,CotA,,,,,,,,,,,+20% to Damage over Time Multiplier,,,,,,,,
Amulets,Tiger Talisman,36,NMR,1,1,,,,CotA,,,,,,,,,,,8% increased Action Speed,,,,,,,,
Amulets,Vulture Talisman,36,NMR,1,1,,,,CotA,,,,,,,,,,,Skills fire an additional Projectile,,,,,,,,
Amulets,Rhex Talisman,36,NMR,1,1,,,,CotA,,,,,,,,,,,100% of Cold and Lightning Damage from Hits taken as Fire Damage,,,,,,,,
Amulets,Hybrid Arachnid Talisman,36,NMR,1,1,,,,CotA,,,,,,,,,,,Minions have +30% to Damage over Time Multiplier,,,,,,,,
Amulets,Octopus Talisman,36,NMR,1,1,,,,CotA,,,,,,,,,,,20% chance to Freeze Enemies for 1 second when they Hit you,,,,,,,,
Amulets,Spider Crab Talisman,36,NMR,1,1,,,,CotA,,,,,,,,,,,+15% to Quality of all Skill Gems,,,,,,,,
Amulets,Great Maw Talisman,36,NMR,1,1,,,,CotA,,,,,,,,,,,15% increased Attributes,,,,,,,,
Amulets,Croaker Talisman,36,NMR,1,1,,,,CotA,,,,,,,,,,,+1 to Level of all Skill Gems,,,,,,,,
Amulets,Craicic Talisman,45,NMR,1,1,,,,CotA,,,,,,,,,,,100% increased Aspect of the Crab Buff Effect,,,,,,,,
Amulets,Fenumal Talisman,45,NMR,1,1,,,,CotA,,,,,,,,,,,100% increased Aspect of the Spider Debuff Effect,,,,,,,,
Amulets,Saqawine Talisman,45,NMR,1,1,,,,CotA,,,,,,,,,,,100% increased Aspect of the Avian Buff Effect,,,,,,,,
Amulets,Farric Talisman,45,NMR,1,1,,,,CotA,,,,,,,,,,,100% increased Aspect of the Cat Buff Effect,,,,,,,,
Amulets,Black Maw Talisman,1,NMR,1,1,,,,CotA,,,,,,,,,,,Has 1 Socket,,,,,,,,
Amulets,Greatwolf Talisman,1,U,1,1,,,,CotA,,,,,,,,,,,,,,,,,,,
One Hand Swords,Ghostflame Blade,68,U,3,2,3,0,,CotA,,,113,113,,21,82,1.55,79.83,0.065,,,,,,,,,
Enshrouded Items,Enshrouded Gloves,1,NMR,2,2,,,,CotA,,,,,,,,,,,,,,,,,,,
Enshrouded Items,Enshrouded Boots,1,NMR,2,2,,,,CotA,,,,,,,,,,,,,,,,,,,
Enshrouded Items,Enshrouded Helmet,1,NMR,2,2,,,,CotA,,,,,,,,,,,,,,,,,,,
Enshrouded Items,Enshrouded Shield,1,NMR,2,2,,,,CotA,,,,,,,,,,,,,,,,,,,
Enshrouded Items,Enshrouded Body Armour,1,NMR,3,2,,,,CotA,,,,,,,,,,,,,,,,,,,
Chart,Sandy Seabed Chart,1,NMR,1,1,,,,CotA,,,,,,,,,,,Voyage Modifier will be revealed once Charted,,,,,,,,
Chart,Coral Forest Chart,1,NMR,1,1,,,,CotA,,,,,,,,,,,Voyage Modifier will be revealed once Charted,,,,,,,,
Chart,Coral Reef Chart,1,NMR,1,1,,,,CotA,,,,,,,,,,,Voyage Modifier will be revealed once Charted,,,,,,,,
Divination Cards,Pearls Before Swine,81,,1,1,,,,CotA,,,,,,,,,,,<uniqueitem>{Progenesis},3,,,,,,,
Divination Cards,Energy Sword,32,,1,1,,,,CotA,,,,,,,,,,,<uniqueitem>{Ephemeral Edge},3,,,,,,,
Divination Cards,Divine Shard,68,,1,1,,,,CotA,,,,,,,,,,,<whiteitem>{Divine Vessel},2,,,,,,,
Divination Cards,The Side Quest,68,,1,1,,,,CotA,,,,,,,,,,,<whiteitem>{Incarnation Echo},5,,,,,,,
