Class,BaseType,DropLevel,Rarity,Height,Width,Sockets,Quality,Corrupted,SubGroup A,SubGroup B,SubGroup Tier,Game:Strength,Game:Dexterity,Game:Intelligence,Game:Damage From,Game:Damage To,Game:APS,Game:DPS,Game:Crit,Game:Implicit 1,Game:Implicit 2,Game:Armour,Game:Armour Max,Game:Evasion,Game:Evasion Max,Game:Energy Shield,Game:Energy Shield Max,Game:Block
Stackable Currency,Gold,1,,1,1,,,,defa,,8,,,,,,,,,Can be spent at Vendors.,,,,,,,,
Stackable Currency,Albino Rhoa Feather,1,,1,1,,,,defa,,1,,,,,,,,,A discarded Avian feather with an unknown purpose,,,,,,,,
Stackable Currency,Arcanist's Etcher,5,,1,1,,,,defa,,4,,,,,,,,,"Improves the quality of a wand, staff or sceptre",,,,,,,,
Stackable Currency,Armourer's Scrap,5,,1,1,,,,defa,,5,,,,,,,,,Improves the quality of an armour,,,,,,,,
Stackable Currency,Artificer's Orb,5,,1,1,,,,defa,,6,,,,,,,,,"Adds an [Augment] Socket to a Martial Weapon, wand, staff or Armour",,,,,,,,
Stackable Currency,Blacksmith's Whetstone,5,,1,1,,,,defa,,5,,,,,,,,,Improves the quality of a martial weapon,,,,,,,,
Stackable Currency,Chaos Orb,12,,1,1,,,,defa,,7,,,,,,,,,Removes a random modifier and augments a Rare item with a new random modifier,,,,,,,,
Stackable Currency,Divine Orb,35,,1,1,,,,defa,,3,,,,,,,,,Randomises the numeric values of modifiers on an item,,,,,,,,
Stackable Currency,Exalted Orb,5,,1,1,,,,defa,,6,,,,,,,,,Augments a Rare item with a new random modifier,,,,,,,,
Stackable Currency,Gemcutter's Prism,12,,1,1,,,,defa,,6,,,,,,,,,Improves the quality of a Skill Gem,,,,,,,,
Stackable Currency,Glassblower's Bauble,12,,1,1,,,,defa,,6,,,,,,,,,Improves the quality of a flask,,,,,,,,
Stackable Currency,Lesser Jeweller's Orb,25,,1,1,,,,defa,,5,,,,,,,,,Sets a Skill Gem to have 3 Support Gem Sockets,,,,,,,,
Stackable Currency,Greater Jeweller's Orb,45,,1,1,,,,defa,,3,,,,,,,,,Sets a Skill Gem to have 4 Support Gem Sockets,,,,,,,,
Stackable Currency,Perfect Jeweller's Orb,65,,1,1,,,,defa,,2,,,,,,,,,Sets a Skill Gem to have 5 Support Gem Sockets,,,,,,,,
Stackable Currency,Mirror of Kalandra,35,,1,1,,,,defa,,1,,,,,,,,,Creates a [Mirrored] copy of an item,,,,,,,,
Stackable Currency,Fracturing Orb,1,,1,1,,,,defa,,3,,,,,,,,,"Fracture a random modifier on a rare item with at least 4 modifiers, locking it in place.",,,,,,,,
Stackable Currency,Orb of Alchemy,5,,1,1,,,,defa,,7,,,,,,,,,Upgrades a Normal or Magic item to a Rare item with 4 random modifiers,,,,,,,,
Stackable Currency,Orb of Annulment,35,,1,1,,,,defa,,7,,,,,,,,,Removes a random modifier from an item,,,,,,,,
Stackable Currency,Orb of Augmentation,1,,1,1,,,,defa,,7,,,,,,,,,Augments a Magic item with a new random modifier,,,,,,,,
Stackable Currency,Orb of Chance,12,,1,1,,,,defa,,7,,,,,,,,,Unpredictably either upgrades a Normal item to Unique rarity or destroys it,,,,,,,,
Stackable Currency,Orb of Transmutation,1,,1,1,,,,defa,,7,,,,,,,,,Upgrades a Normal item to a Magic item with 1 modifier,,,,,,,,
Stackable Currency,Regal Orb,5,,1,1,,,,defa,,7,,,,,,,,,"Upgrades a Magic item to a Rare item, adding 1 modifier",,,,,,,,
Stackable Currency,Scroll of Wisdom,1,,1,1,,,,defa,,7,,,,,,,,,Identifies an item,,,,,,,,
Stackable Currency,Vaal Orb,35,,1,1,,,,defa,,7,,,,,,,,,Modifies an item unpredictably and Corrupts it,,,,,,,,
Stackable Currency,Artificer's Shard,5,,1,1,,,,defa,,7,,,,,,,,,A stack of 10 shards becomes an Artificer's Orb.,,,,,,,,
Stackable Currency,Chance Shard,1,,1,1,,,,defa,,7,,,,,,,,,A stack of 10 shards becomes an Orb of Chance.,,,,,,,,
Stackable Currency,Regal Shard,5,,1,1,,,,defa,,7,,,,,,,,,A stack of 10 shards becomes a Regal Orb.,,,,,,,,
Stackable Currency,Transmutation Shard,1,,1,1,,,,defa,,7,,,,,,,,,A stack of 10 shards becomes an Orb of Transmutation,,,,,,,,
Stackable Currency,Orb of Alteration,2,,1,1,,,,disa,,7,,,,,,,,,Reforges a magic item with new random modifiers,,,,,,,,
Stackable Currency,Alchemy Shard,1,,1,1,,,,nonDrop,,7,,,,,,,,,A stack of 10 shards becomes an Orb of Alchemy,,,,,,,,
Stackable Currency,Greater Chaos Orb,72,,1,1,,,,defa,,7,,,,,,,,,Removes a random modifier and augments a Rare item with a new random modifier,,,,,,,,
Stackable Currency,Perfect Chaos Orb,79,,1,1,,,,defa,,7,,,,,,,,,Removes a random modifier and augments a Rare item with a new random modifier,,,,,,,,
Stackable Currency,Hinekora's Lock,46,,1,1,,,,defa,,7,,,,,,,,,Allows an item to foresee the result of the next Currency item used on it\nModifying the item in any way removes the ability to foresee,,,,,,,,
Stackable Currency,Greater Orb of Transmutation,46,,1,1,,,,defa,,7,,,,,,,,,Upgrades a Normal item to a Magic item with 1 modifier,,,,,,,,
Stackable Currency,Perfect Orb of Transmutation,72,,1,1,,,,defa,,7,,,,,,,,,Upgrades a Normal item to a Magic item with 1 modifier,,,,,,,,
Stackable Currency,Greater Exalted Orb,72,,1,1,,,,defa,,7,,,,,,,,,Augments a Rare item with a new random modifier,,,,,,,,
Stackable Currency,Perfect Exalted Orb,79,,1,1,,,,defa,,7,,,,,,,,,Augments a Rare item with a new random modifier,,,,,,,,
Stackable Currency,Greater Regal Orb,72,,1,1,,,,defa,,7,,,,,,,,,"Upgrades a Magic item to a Rare item, adding 1 modifier",,,,,,,,
Stackable Currency,Perfect Regal Orb,79,,1,1,,,,defa,,7,,,,,,,,,"Upgrades a Magic item to a Rare item, adding 1 modifier",,,,,,,,
Stackable Currency,Greater Orb of Augmentation,46,,1,1,,,,defa,,7,,,,,,,,,Augments a Magic item with a new random modifier,,,,,,,,
Stackable Currency,Perfect Orb of Augmentation,72,,1,1,,,,defa,,7,,,,,,,,,Augments a Magic item with a new random modifier,,,,,,,,
Stackable Currency,Lesser Essence of the Body,25,,1,1,,,,Essence,,7,,,,,,,,,"Upgrades a Magic item to a Rare item, adding a guaranteed modifier",,,,,,,,
Stackable Currency,Lesser Essence of the Mind,25,,1,1,,,,Essence,,7,,,,,,,,,"Upgrades a Magic item to a Rare item, adding a guaranteed modifier",,,,,,,,
Stackable Currency,Lesser Essence of Enhancement,20,,1,1,,,,Essence,,7,,,,,,,,,"Upgrades a Magic item to a Rare item, adding a guaranteed modifier",,,,,,,,
Stackable Currency,Lesser Essence of Abrasion,25,,1,1,,,,Essence,,7,,,,,,,,,"Upgrades a Magic item to a Rare item, adding a guaranteed modifier",,,,,,,,
Stackable Currency,Lesser Essence of Flames,25,,1,1,,,,Essence,,7,,,,,,,,,"Upgrades a Magic item to a Rare item, adding a guaranteed modifier",,,,,,,,
Stackable Currency,Lesser Essence of Ice,25,,1,1,,,,Essence,,7,,,,,,,,,"Upgrades a Magic item to a Rare item, adding a guaranteed modifier",,,,,,,,
Stackable Currency,Lesser Essence of Electricity,25,,1,1,,,,Essence,,7,,,,,,,,,"Upgrades a Magic item to a Rare item, adding a guaranteed modifier",,,,,,,,
Stackable Currency,Lesser Essence of Ruin,25,,1,1,,,,Essence,,7,,,,,,,,,"Upgrades a Magic item to a Rare item, adding a guaranteed modifier",,,,,,,,
Stackable Currency,Lesser Essence of Battle,20,,1,1,,,,Essence,,7,,,,,,,,,"Upgrades a Magic item to a Rare item, adding a guaranteed modifier",,,,,,,,
Stackable Currency,Lesser Essence of Sorcery,20,,1,1,,,,Essence,,7,,,,,,,,,"Upgrades a Magic item to a Rare item, adding a guaranteed modifier",,,,,,,,
Stackable Currency,Lesser Essence of Haste,25,,1,1,,,,Essence,,7,,,,,,,,,"Upgrades a Magic item to a Rare item, adding a guaranteed modifier",,,,,,,,
Stackable Currency,Lesser Essence of the Infinite,20,,1,1,,,,Essence,,7,,,,,,,,,"Upgrades a Magic item to a Rare item, adding a guaranteed modifier",,,,,,,,
Stackable Currency,Perfect Essence of the Body,72,,1,1,,,,Essence,,7,,,,,,,,,Removes a random modifier and augments a Rare item with a new guaranteed modifier,,,,,,,,
Stackable Currency,Perfect Essence of the Mind,72,,1,1,,,,Essence,,7,,,,,,,,,Removes a random modifier and augments a Rare item with a new guaranteed modifier,,,,,,,,
Stackable Currency,Perfect Essence of Enhancement,72,,1,1,,,,Essence,,7,,,,,,,,,Removes a random modifier and augments a Rare item with a new guaranteed modifier,,,,,,,,
Stackable Currency,Perfect Essence of Abrasion,72,,1,1,,,,Essence,,7,,,,,,,,,Removes a random modifier and augments a Rare item with a new guaranteed modifier,,,,,,,,
Stackable Currency,Perfect Essence of Flames,72,,1,1,,,,Essence,,7,,,,,,,,,Removes a random modifier and augments a Rare item with a new guaranteed modifier,,,,,,,,
Stackable Currency,Perfect Essence of Ice,72,,1,1,,,,Essence,,7,,,,,,,,,Removes a random modifier and augments a Rare item with a new guaranteed modifier,,,,,,,,
Stackable Currency,Perfect Essence of Electricity,72,,1,1,,,,Essence,,7,,,,,,,,,Removes a random modifier and augments a Rare item with a new guaranteed modifier,,,,,,,,
Stackable Currency,Perfect Essence of Ruin,72,,1,1,,,,Essence,,7,,,,,,,,,Removes a random modifier and augments a Rare item with a new guaranteed modifier,,,,,,,,
Stackable Currency,Perfect Essence of Battle,72,,1,1,,,,Essence,,7,,,,,,,,,Removes a random modifier and augments a Rare item with a new guaranteed modifier,,,,,,,,
Stackable Currency,Perfect Essence of Sorcery,72,,1,1,,,,Essence,,7,,,,,,,,,Removes a random modifier and augments a Rare item with a new guaranteed modifier,,,,,,,,
Stackable Currency,Perfect Essence of Haste,72,,1,1,,,,Essence,,7,,,,,,,,,Removes a random modifier and augments a Rare item with a new guaranteed modifier,,,,,,,,
Stackable Currency,Perfect Essence of the Infinite,72,,1,1,,,,Essence,,7,,,,,,,,,Removes a random modifier and augments a Rare item with a new guaranteed modifier,,,,,,,,
Stackable Currency,Lesser Essence of Seeking,20,,1,1,,,,Essence,,7,,,,,,,,,"Upgrades a Magic item to a Rare item, adding a guaranteed modifier",,,,,,,,
Stackable Currency,Essence of Seeking,40,,1,1,,,,Essence,,7,,,,,,,,,"Upgrades a Magic item to a Rare item, adding a guaranteed modifier",,,,,,,,
Stackable Currency,Greater Essence of Seeking,60,,1,1,,,,Essence,,7,,,,,,,,,"Upgrades a Magic item to a Rare item, adding a guaranteed modifier",,,,,,,,
Stackable Currency,Perfect Essence of Seeking,72,,1,1,,,,Essence,,7,,,,,,,,,Removes a random modifier and augments a Rare item with a new guaranteed modifier,,,,,,,,
Stackable Currency,Essence of the Abyss,1,,1,1,,,,Essence,,7,,,,,,,,,Removes a random modifier and augments a Rare item with a new guaranteed modifier,,,,,,,,
Stackable Currency,Lesser Essence of Insulation,1,,1,1,,,,Essence,,7,,,,,,,,,"Upgrades a Magic item to a Rare item, adding a guaranteed modifier",,,,,,,,
Stackable Currency,Essence of Insulation,1,,1,1,,,,Essence,,7,,,,,,,,,"Upgrades a Magic item to a Rare item, adding a guaranteed modifier",,,,,,,,
Stackable Currency,Greater Essence of Insulation,1,,1,1,,,,Essence,,7,,,,,,,,,"Upgrades a Magic item to a Rare item, adding a guaranteed modifier",,,,,,,,
Stackable Currency,Perfect Essence of Insulation,1,,1,1,,,,Essence,,7,,,,,,,,,Removes a random modifier and augments a Rare item with a new guaranteed modifier,,,,,,,,
Stackable Currency,Lesser Essence of Thawing,1,,1,1,,,,Essence,,7,,,,,,,,,"Upgrades a Magic item to a Rare item, adding a guaranteed modifier",,,,,,,,
Stackable Currency,Essence of Thawing,1,,1,1,,,,Essence,,7,,,,,,,,,"Upgrades a Magic item to a Rare item, adding a guaranteed modifier",,,,,,,,
Stackable Currency,Greater Essence of Thawing,1,,1,1,,,,Essence,,7,,,,,,,,,"Upgrades a Magic item to a Rare item, adding a guaranteed modifier",,,,,,,,
Stackable Currency,Perfect Essence of Thawing,1,,1,1,,,,Essence,,7,,,,,,,,,Removes a random modifier and augments a Rare item with a new guaranteed modifier,,,,,,,,
Stackable Currency,Lesser Essence of Grounding,1,,1,1,,,,Essence,,7,,,,,,,,,"Upgrades a Magic item to a Rare item, adding a guaranteed modifier",,,,,,,,
Stackable Currency,Essence of Grounding,1,,1,1,,,,Essence,,7,,,,,,,,,"Upgrades a Magic item to a Rare item, adding a guaranteed modifier",,,,,,,,
Stackable Currency,Greater Essence of Grounding,1,,1,1,,,,Essence,,7,,,,,,,,,"Upgrades a Magic item to a Rare item, adding a guaranteed modifier",,,,,,,,
Stackable Currency,Perfect Essence of Grounding,1,,1,1,,,,Essence,,7,,,,,,,,,Removes a random modifier and augments a Rare item with a new guaranteed modifier,,,,,,,,
Stackable Currency,Lesser Essence of Alacrity,1,,1,1,,,,Essence,,7,,,,,,,,,"Upgrades a Magic item to a Rare item, adding a guaranteed modifier",,,,,,,,
Stackable Currency,Essence of Alacrity,1,,1,1,,,,Essence,,7,,,,,,,,,"Upgrades a Magic item to a Rare item, adding a guaranteed modifier",,,,,,,,
Stackable Currency,Greater Essence of Alacrity,1,,1,1,,,,Essence,,7,,,,,,,,,"Upgrades a Magic item to a Rare item, adding a guaranteed modifier",,,,,,,,
Stackable Currency,Perfect Essence of Alacrity,1,,1,1,,,,Essence,,7,,,,,,,,,Removes a random modifier and augments a Rare item with a new guaranteed modifier,,,,,,,,
Stackable Currency,Lesser Essence of Opulence,1,,1,1,,,,Essence,,7,,,,,,,,,"Upgrades a Magic item to a Rare item, adding a guaranteed modifier",,,,,,,,
Stackable Currency,Essence of Opulence,1,,1,1,,,,Essence,,7,,,,,,,,,"Upgrades a Magic item to a Rare item, adding a guaranteed modifier",,,,,,,,
Stackable Currency,Greater Essence of Opulence,1,,1,1,,,,Essence,,7,,,,,,,,,"Upgrades a Magic item to a Rare item, adding a guaranteed modifier",,,,,,,,
Stackable Currency,Perfect Essence of Opulence,1,,1,1,,,,Essence,,7,,,,,,,,,Removes a random modifier and augments a Rare item with a new guaranteed modifier,,,,,,,,
Stackable Currency,Lesser Essence of Command,1,,1,1,,,,Essence,,7,,,,,,,,,"Upgrades a Magic item to a Rare item, adding a guaranteed modifier",,,,,,,,
Stackable Currency,Essence of Command,1,,1,1,,,,Essence,,7,,,,,,,,,"Upgrades a Magic item to a Rare item, adding a guaranteed modifier",,,,,,,,
Stackable Currency,Greater Essence of Command,1,,1,1,,,,Essence,,7,,,,,,,,,"Upgrades a Magic item to a Rare item, adding a guaranteed modifier",,,,,,,,
Stackable Currency,Perfect Essence of Command,1,,1,1,,,,Essence,,7,,,,,,,,,Removes a random modifier and augments a Rare item with a new guaranteed modifier,,,,,,,,
Stackable Currency,Petition Splinter,1,,1,1,,,,disa,,7,,,,,,,,,This item is no longer usable.,,,,,,,,
Stackable Currency,Runic Splinter,1,,1,1,,,,nonDrop,,7,,,,,,,,,This item is no longer usable.,,,,,,,,
Stackable Currency,Gnawed Jawbone,25,,1,1,,,,Essence,,7,,,,,,,,,Desecrates a Rare Weapon or [Quiver],,,,,,,,
Stackable Currency,Preserved Jawbone,61,,1,1,,,,Essence,,7,,,,,,,,,Desecrates a Rare Weapon or [Quiver],,,,,,,,
Stackable Currency,Ancient Jawbone,75,,1,1,,,,Essence,,7,,,,,,,,,Desecrates a Rare Weapon or [Quiver],,,,,,,,
Stackable Currency,Gnawed Rib,25,,1,1,,,,Essence,,7,,,,,,,,,Desecrates a Rare Armour,,,,,,,,
Stackable Currency,Preserved Rib,61,,1,1,,,,Essence,,7,,,,,,,,,Desecrates a Rare Armour,,,,,,,,
Stackable Currency,Ancient Rib,75,,1,1,,,,Essence,,7,,,,,,,,,Desecrates a Rare Armour,,,,,,,,
Stackable Currency,Gnawed Collarbone,25,,1,1,,,,Essence,,7,,,,,,,,,"Desecrates a Rare Amulet, Ring or Belt",,,,,,,,
Stackable Currency,Preserved Collarbone,61,,1,1,,,,Essence,,7,,,,,,,,,"Desecrates a Rare Amulet, Ring or Belt",,,,,,,,
Stackable Currency,Ancient Collarbone,75,,1,1,,,,Essence,,7,,,,,,,,,"Desecrates a Rare Amulet, Ring or Belt",,,,,,,,
Stackable Currency,Preserved Cranium,65,,1,1,,,,Essence,,7,,,,,,,,,Desecrates a Rare [Jewel],,,,,,,,
Stackable Currency,Essence of Battle,40,,1,1,,,,Essence,,7,,,,,,,,,"Upgrades a Magic item to a Rare item, adding a guaranteed modifier",,,,,,,,
Stackable Currency,Essence of Electricity,40,,1,1,,,,Essence,,7,,,,,,,,,"Upgrades a Magic item to a Rare item, adding a guaranteed modifier",,,,,,,,
Stackable Currency,Essence of Enhancement,40,,1,1,,,,Essence,,7,,,,,,,,,"Upgrades a Magic item to a Rare item, adding a guaranteed modifier",,,,,,,,
Stackable Currency,Essence of Flames,40,,1,1,,,,Essence,,7,,,,,,,,,"Upgrades a Magic item to a Rare item, adding a guaranteed modifier",,,,,,,,
Stackable Currency,Essence of Haste,40,,1,1,,,,Essence,,7,,,,,,,,,"Upgrades a Magic item to a Rare item, adding a guaranteed modifier",,,,,,,,
Stackable Currency,Essence of Ice,40,,1,1,,,,Essence,,7,,,,,,,,,"Upgrades a Magic item to a Rare item, adding a guaranteed modifier",,,,,,,,
Stackable Currency,Essence of Ruin,40,,1,1,,,,Essence,,7,,,,,,,,,"Upgrades a Magic item to a Rare item, adding a guaranteed modifier",,,,,,,,
Stackable Currency,Essence of Sorcery,40,,1,1,,,,Essence,,7,,,,,,,,,"Upgrades a Magic item to a Rare item, adding a guaranteed modifier",,,,,,,,
Stackable Currency,Essence of the Body,40,,1,1,,,,Essence,,7,,,,,,,,,"Upgrades a Magic item to a Rare item, adding a guaranteed modifier",,,,,,,,
Stackable Currency,Essence of the Infinite,40,,1,1,,,,Essence,,7,,,,,,,,,"Upgrades a Magic item to a Rare item, adding a guaranteed modifier",,,,,,,,
Stackable Currency,Essence of the Mind,40,,1,1,,,,Essence,,7,,,,,,,,,"Upgrades a Magic item to a Rare item, adding a guaranteed modifier",,,,,,,,
Stackable Currency,Essence of Abrasion,40,,1,1,,,,Essence,,7,,,,,,,,,"Upgrades a Magic item to a Rare item, adding a guaranteed modifier",,,,,,,,
Stackable Currency,Greater Essence of Battle,60,,1,1,,,,Essence,,3,,,,,,,,,"Upgrades a Magic item to a Rare item, adding a guaranteed modifier",,,,,,,,
Stackable Currency,Greater Essence of Electricity,60,,1,1,,,,Essence,,3,,,,,,,,,"Upgrades a Magic item to a Rare item, adding a guaranteed modifier",,,,,,,,
Stackable Currency,Greater Essence of Enhancement,60,,1,1,,,,Essence,,3,,,,,,,,,"Upgrades a Magic item to a Rare item, adding a guaranteed modifier",,,,,,,,
Stackable Currency,Greater Essence of Flames,60,,1,1,,,,Essence,,3,,,,,,,,,"Upgrades a Magic item to a Rare item, adding a guaranteed modifier",,,,,,,,
Stackable Currency,Greater Essence of Haste,60,,1,1,,,,Essence,,3,,,,,,,,,"Upgrades a Magic item to a Rare item, adding a guaranteed modifier",,,,,,,,
Stackable Currency,Greater Essence of Ice,60,,1,1,,,,Essence,,3,,,,,,,,,"Upgrades a Magic item to a Rare item, adding a guaranteed modifier",,,,,,,,
Stackable Currency,Greater Essence of Ruin,60,,1,1,,,,Essence,,3,,,,,,,,,"Upgrades a Magic item to a Rare item, adding a guaranteed modifier",,,,,,,,
Stackable Currency,Greater Essence of Sorcery,60,,1,1,,,,Essence,,3,,,,,,,,,"Upgrades a Magic item to a Rare item, adding a guaranteed modifier",,,,,,,,
Stackable Currency,Greater Essence of the Body,60,,1,1,,,,Essence,,3,,,,,,,,,"Upgrades a Magic item to a Rare item, adding a guaranteed modifier",,,,,,,,
Stackable Currency,Greater Essence of the Infinite,60,,1,1,,,,Essence,,3,,,,,,,,,"Upgrades a Magic item to a Rare item, adding a guaranteed modifier",,,,,,,,
Stackable Currency,Greater Essence of the Mind,60,,1,1,,,,Essence,,3,,,,,,,,,"Upgrades a Magic item to a Rare item, adding a guaranteed modifier",,,,,,,,
Stackable Currency,Greater Essence of Abrasion,60,,1,1,,,,Essence,,3,,,,,,,,,"Upgrades a Magic item to a Rare item, adding a guaranteed modifier",,,,,,,,
Stackable Currency,Essence of Hysteria,1,,1,1,,,,Essence,,3,,,,,,,,,Removes a random modifier and augments a Rare item with a new guaranteed modifier,,,,,,,,
Stackable Currency,Essence of Horror,1,,1,1,,,,Essence,,3,,,,,,,,,Removes a random modifier and augments a Rare item with a new guaranteed modifier,,,,,,,,
Stackable Currency,Essence of Insanity,1,,1,1,,,,Essence,,3,,,,,,,,,Removes a random modifier and augments a Rare item with a new guaranteed modifier,,,,,,,,
Stackable Currency,Essence of Delirium,1,,1,1,,,,Essence,,3,,,,,,,,,Removes a random modifier and augments a Rare item with a new guaranteed modifier,,,,,,,,
Stackable Currency,Adaptive Catalyst,30,,1,1,,,,Catalyst,,7,,,,,,,,,Adds quality that enhances Attribute modifiers on a ring or amulet\nReplaces other quality types,,,,,,,,
Stackable Currency,Carapace Catalyst,30,,1,1,,,,Catalyst,,6,,,,,,,,,"Adds quality that enhances [Armour], [Evasion] and Energy Shield modifiers on a ring or amulet\nReplaces other quality types",,,,,,,,
Stackable Currency,Chayula's Catalyst,30,,1,1,,,,Catalyst,,5,,,,,,,,,Adds quality that enhances [Chaos] modifiers on a ring or amulet\nReplaces other quality types,,,,,,,,
Stackable Currency,Esh's Catalyst,30,,1,1,,,,Catalyst,,7,,,,,,,,,Adds quality that enhances [Lightning] modifiers on a ring or amulet\nReplaces other quality types,,,,,,,,
Stackable Currency,Flesh Catalyst,30,,1,1,,,,Catalyst,,7,,,,,,,,,Adds quality that enhances Life modifiers on a ring or amulet\nReplaces other quality types,,,,,,,,
Stackable Currency,Neural Catalyst,30,,1,1,,,,Catalyst,,7,,,,,,,,,Adds quality that enhances Mana modifiers on a ring or amulet\nReplaces other quality types,,,,,,,,
Stackable Currency,Reaver Catalyst,30,,1,1,,,,Catalyst,,7,,,,,,,,,Adds quality that enhances [Attack] modifiers on a ring or amulet\nReplaces other quality types,,,,,,,,
Stackable Currency,Sibilant Catalyst,30,,1,1,,,,Catalyst,,7,,,,,,,,,Adds quality that enhances Caster modifiers on a ring or amulet\nReplaces other quality types,,,,,,,,
Stackable Currency,Skittering Catalyst,30,,1,1,,,,Catalyst,,7,,,,,,,,,Adds quality that enhances Speed modifiers on a ring or amulet\nReplaces other quality types,,,,,,,,
Stackable Currency,Tul's Catalyst,30,,1,1,,,,Catalyst,,5,,,,,,,,,Adds quality that enhances [Cold] modifiers on a ring or amulet\nReplaces other quality types,,,,,,,,
Stackable Currency,Uul-Netol's Catalyst,30,,1,1,,,,Catalyst,,5,,,,,,,,,Adds quality that enhances [Physical] modifiers on a ring or amulet\nReplaces other quality types,,,,,,,,
Stackable Currency,Xoph's Catalyst,30,,1,1,,,,Catalyst,,5,,,,,,,,,Adds quality that enhances [Fire] modifiers on a ring or amulet\nReplaces other quality types,,,,,,,,
Stackable Currency,Necrotic Catalyst,30,,1,1,,,,Catalyst,,5,,,,,,,,,Adds quality that enhances [Minion] modifiers on a ring or amulet\nReplaces other quality types,,,,,,,,
Stackable Currency,Refined Necrotic Catalyst,50,,1,1,,,,Catalyst,,5,,,,,,,,,Adds quality that enhances [Minion] modifiers on a jewel\nReplaces other quality types,,,,,,,,
Omen,Omen of Amelioration,1,,1,1,,,,Omen,,7,,,,,,,,,,,,,,,,,
Omen,Omen of Corruption,1,,1,1,,,,Omen,,7,,,,,,,,,,,,,,,,,
Omen,Omen of Dextral Annulment,80,,1,1,,,,Omen,,7,,,,,,,,,,,,,,,,,
Omen,Omen of Dextral Erasure,80,,1,1,,,,Omen,,7,,,,,,,,,,,,,,,,,
Omen,Omen of Dextral Exaltation,1,,1,1,,,,Omen,,7,,,,,,,,,,,,,,,,,
Omen,Omen of Greater Exaltation,1,,1,1,,,,Omen,,4,,,,,,,,,,,,,,,,,
Omen,Omen of Refreshment,1,,1,1,,,,Omen,,4,,,,,,,,,,,,,,,,,
Omen,Omen of Resurgence,1,,1,1,,,,Omen,,4,,,,,,,,,,,,,,,,,
Omen,Omen of Sinistral Annulment,80,,1,1,,,,Omen,,4,,,,,,,,,,,,,,,,,
Omen,Omen of Sinistral Erasure,80,,1,1,,,,Omen,,4,,,,,,,,,,,,,,,,,
Omen,Omen of Sinistral Exaltation,1,,1,1,,,,Omen,,4,,,,,,,,,,,,,,,,,
Omen,Omen of Whittling,75,,1,1,,,,Omen,,3,,,,,,,,,,,,,,,,,
Omen,Omen of Answered Prayers,1,,1,1,,,,Omen,,3,,,,,,,,,,,,,,,,,
Omen,Omen of Secret Compartments,1,,1,1,,,,Omen,,3,,,,,,,,,,,,,,,,,
Omen,Omen of the Hunt,1,,1,1,,,,Omen,,3,,,,,,,,,,,,,,,,,
Omen,Omen of Reinforcements,1,,1,1,,,,Omen,,3,,,,,,,,,,,,,,,,,
Omen,Omen of Gambling,1,,1,1,,,,Omen,,3,,,,,,,,,,,,,,,,,
Omen,Omen of Bartering,1,,1,1,,,,Omen,,3,,,,,,,,,,,,,,,,,
Omen,Omen of the Blessed,80,,1,1,,,,Omen,,3,,,,,,,,,,,,,,,,,
Omen,Omen of Chaotic Rarity,1,,1,1,,,,Omen,,3,,,,,,,,,,,,,,,,,
Omen,Omen of Chaotic Monsters,1,,1,1,,,,Omen,,3,,,,,,,,,,,,,,,,,
Omen,Omen of Chaotic Quantity,1,,1,1,,,,Omen,,3,,,,,,,,,,,,,,,,,
Omen,Omen of Chance,75,,1,1,,,,Omen,,3,,,,,,,,,,,,,,,,,
Omen,Omen of the Ancients,1,,1,1,,,,Omen,,3,,,,,,,,,,,,,,,,,
Omen,Omen of Sanctification,80,,1,1,,,,Omen,,3,,,,,,,,,,,,,,,,,
Omen,Omen of Dextral Crystallisation,75,,1,1,,,,Omen,,3,,,,,,,,,,,,,,,,,
Omen,Omen of Sinistral Crystallisation,75,,1,1,,,,Omen,,3,,,,,,,,,,,,,,,,,
Omen,Omen of Catalysing Exaltation,75,,1,1,,,,Omen,,3,,,,,,,,,,,,,,,,,
Omen,Omen of Abyssal Echoes,1,,1,1,,,,Omen,,3,,,,,,,,,,,,,,,,,
Omen,Omen of Putrefaction,1,,1,1,,,,Omen,,3,,,,,,,,,,,,,,,,,
Omen,Omen of Light,1,,1,1,,,,Omen,,3,,,,,,,,,,,,,,,,,
Omen,Omen of Sinistral Necromancy,1,,1,1,,,,Omen,,3,,,,,,,,,,,,,,,,,
Omen,Omen of Dextral Necromancy,1,,1,1,,,,Omen,,3,,,,,,,,,,,,,,,,,
Omen,Omen of the Sovereign,1,,1,1,,,,Omen,,3,,,,,,,,,,,,,,,,,
Omen,Omen of the Liege,1,,1,1,,,,Omen,,3,,,,,,,,,,,,,,,,,
Omen,Omen of the Blackblooded,1,,1,1,,,,Omen,,3,,,,,,,,,,,,,,,,,
Stackable Currency,Liquid Despair,1,,1,1,,,,Emotion,,5,,,,,,,,,Removes a random modifer and Augments a Rare Basic Jewel with a\nnew guaranteed [Crafted] modifier\nCan be used at The Withered Willow to Instil Amulets with a Notable Passive Skill.,,,,,,,,
Stackable Currency,Liquid Disgust,1,,1,1,,,,Emotion,,5,,,,,,,,,Removes a random modifer and Augments a Rare Basic Jewel with a\nnew guaranteed [Crafted] modifier\nCan be used at The Withered Willow to Instil Amulets with a Notable Passive Skill.,,,,,,,,
Stackable Currency,Liquid Envy,1,,1,1,,,,Emotion,,5,,,,,,,,,Removes a random modifer and Augments a Rare Basic Jewel with a\nnew guaranteed [Crafted] modifier\nCan be used at The Withered Willow to Instil Amulets with a Notable Passive Skill.,,,,,,,,
Stackable Currency,Concentrated Liquid Fear,69,,1,1,,,,Emotion,,4,,,,,,,,,Removes a random modifer and Augments a Rare Basic Jewel with a\nnew guaranteed [Crafted] modifier\nCan be used at The Withered Willow to Instil Amulets with a Notable Passive Skill.,,,,,,,,
Stackable Currency,Diluted Liquid Greed,1,,1,1,,,,Emotion,,4,,,,,,,,,Removes a random modifer and Augments a Rare Basic Jewel with a\nnew guaranteed [Crafted] modifier\nCan be used at The Withered Willow to Instil Amulets with a Notable Passive Skill.,,,,,,,,
Stackable Currency,Diluted Liquid Guilt,1,,1,1,,,,Emotion,,4,,,,,,,,,Removes a random modifer and Augments a Rare Basic Jewel with a\nnew guaranteed [Crafted] modifier\nCan be used at The Withered Willow to Instil Amulets with a Notable Passive Skill.,,,,,,,,
Stackable Currency,Diluted Liquid Ire,1,,1,1,,,,Emotion,,4,,,,,,,,,Removes a random modifer and Augments a Rare Basic Jewel with a\nnew guaranteed [Crafted] modifier\nCan be used at The Withered Willow to Instil Amulets with a Notable Passive Skill.,,,,,,,,
Stackable Currency,Liquid Paranoia,1,,1,1,,,,Emotion,,3,,,,,,,,,Removes a random modifer and Augments a Rare Basic Jewel with a\nnew guaranteed [Crafted] modifier\nCan be used at The Withered Willow to Instil Amulets with a Notable Passive Skill.,,,,,,,,
Stackable Currency,Concentrated Liquid Isolation,77,,1,1,,,,Emotion,,3,,,,,,,,,Removes a random modifer and Augments a Rare Basic Jewel with a\nnew guaranteed [Crafted] modifier\nCan be used at The Withered Willow to Instil Amulets with a Notable Passive Skill.,,,,,,,,
Stackable Currency,Concentrated Liquid Suffering,73,,1,1,,,,Emotion,,3,,,,,,,,,Removes a random modifer and Augments a Rare Basic Jewel with a\nnew guaranteed [Crafted] modifier\nCan be used at The Withered Willow to Instil Amulets with a Notable Passive Skill.,,,,,,,,
Augment,Body Rune,37,,1,1,,,,Socket,,7,,,,,,,,,Armour: +45 to maximum Life\nArmour (Bonded): +20 to maximum Life\nArmour (Bonded): +20 to maximum Mana\nMartial Weapon: Leeches 4% of Physical Damage as Life\nMartial Weapon (Bonded): 5% increased maximum Life\nWand or Staff: +40 to maximum Energy Shield\nWand or Staff (Bonded): 5% increased maximum Life,,,,,,,,
Augment,Desert Rune,31,,1,1,,,,Socket,,7,,,,,,,,,Armour: +14% to Fire Resistance\nArmour (Bonded): +20 to maximum Life\nArmour (Bonded): +20 to maximum Mana\nMartial Weapon: Adds 7 to 11 Fire Damage\nMartial Weapon (Bonded): 30% increased Ignite Magnitude\nWand or Staff: [Gain] 8% of Damage as Extra [Fire] Damage\nWand or Staff (Bonded): 30% increased Ignite Magnitude,,,,,,,,
Augment,Glacial Rune,31,,1,1,,,,Socket,,7,,,,,,,,,Armour: +14% to Cold Resistance\nArmour (Bonded): +20 to maximum Life\nArmour (Bonded): +20 to maximum Mana\nMartial Weapon: Adds 6 to 10 Cold Damage\nMartial Weapon (Bonded): 30% increased Freeze Buildup\nWand or Staff: [Gain] 8% of Damage as Extra [Cold] Damage\nWand or Staff (Bonded): 30% increased Freeze Buildup,,,,,,,,
Augment,Inspiration Rune,45,,1,1,,,,Socket,,7,,,,,,,,,Armour: 15% increased Mana Regeneration Rate\nArmour (Bonded): +20 to maximum Life\nArmour (Bonded): +20 to maximum Mana\nMartial Weapon: Gain 20 Mana per enemy killed\nMartial Weapon (Bonded): 12% of Skill Mana Costs Converted to Life Costs\nWand or Staff: 25% increased Mana Regeneration Rate\nWand or Staff (Bonded): 16% increased Mana Cost [Efficiency],,,,,,,,
Augment,Iron Rune,31,,1,1,,,,Socket,,7,,,,,,,,,"Armour: 16% increased Armour, Evasion and Energy Shield\nArmour (Bonded): +20 to maximum Life\nArmour (Bonded): +20 to maximum Mana\nMartial Weapon: 16% increased [Physical] Damage\nMartial Weapon (Bonded): 20% increased effect of Fully Broken Armour\nWand or Staff: 25% increased [Spell] Damage\nWand or Staff (Bonded): Break [Armour] on Critical Hit with Spells equal to 12% of Physical Damage dealt",,,,,,,,
Augment,Mind Rune,37,,1,1,,,,Socket,,7,,,,,,,,,Armour: +30 to maximum Mana\nArmour (Bonded): +20 to maximum Life\nArmour (Bonded): +20 to maximum Mana\nMartial Weapon: Leeches 3% of Physical Damage as Mana\nMartial Weapon (Bonded): 5% increased maximum Mana\nWand or Staff: +60 to maximum Mana\nWand or Staff (Bonded): 5% increased maximum Mana,,,,,,,,
Augment,Rebirth Rune,45,,1,1,,,,Socket,,7,,,,,,,,,Armour: Regenerate 0.4% of maximum Life per second\nArmour (Bonded): +20 to maximum Life\nArmour (Bonded): +20 to maximum Mana\nMartial Weapon: Gain 25 Life per enemy killed\nMartial Weapon (Bonded): Regenerate 0.4% of maximum Life per second\nWand or Staff: 8% increased Energy Shield Recharge Rate\nWand or Staff (Bonded): 8% of Damage taken Recouped as Life,,,,,,,,
Augment,Stone Rune,41,,1,1,,,,Socket,,7,,,,,,,,,Armour: +75 to Stun Threshold\nArmour (Bonded): +20 to maximum Life\nArmour (Bonded): +20 to maximum Mana\nMartial Weapon: Causes 30% increased Stun Buildup\nMartial Weapon (Bonded): 40% increased Damage against [Immobilised] Enemies\nWand or Staff: Gain additional Stun Threshold equal to 12% of maximum Energy Shield\nWand or Staff (Bonded): 30% increased Immobilisation buildup,,,,,,,,
Augment,Storm Rune,31,,1,1,,,,Socket,,7,,,,,,,,,Armour: +14% to Lightning Resistance\nArmour (Bonded): +20 to maximum Life\nArmour (Bonded): +20 to maximum Mana\nMartial Weapon: Adds 1 to 20 Lightning Damage\nMartial Weapon (Bonded): 30% increased Magnitude of Shock you inflict\nWand or Staff: [Gain] 8% of Damage as Extra [Lightning] Damage\nWand or Staff (Bonded): 30% increased Magnitude of Shock you inflict,,,,,,,,
Augment,Vision Rune,41,,1,1,,,,Socket,,7,,,,,,,,,Armour: 12% increased Life and Mana Recovery from Flasks\nArmour (Bonded): +20 to maximum Life\nArmour (Bonded): +20 to maximum Mana\nMartial Weapon: +90 to Accuracy Rating\nMartial Weapon (Bonded): Attacks have +1% to Critical Hit Chance\nWand or Staff: 20% increased Critical Hit Chance for Spells\nWand or Staff (Bonded): 25% increased Critical Damage Bonus,,,,,,,,
Augment,Lesser Desert Rune,5,,1,1,,,,Socket,,7,,,,,,,,,Armour: +10% to Fire Resistance\nArmour (Bonded): +20 to maximum Life\nArmour (Bonded): +20 to maximum Mana\nMartial Weapon: Adds 4 to 6 Fire Damage\nMartial Weapon (Bonded): 30% increased Ignite Magnitude\nWand or Staff: [Gain] 6% of Damage as Extra [Fire] Damage\nWand or Staff (Bonded): 30% increased Ignite Magnitude,,,,,,,,
Augment,Lesser Glacial Rune,5,,1,1,,,,Socket,,7,,,,,,,,,Armour: +10% to Cold Resistance\nArmour (Bonded): +20 to maximum Life\nArmour (Bonded): +20 to maximum Mana\nMartial Weapon: Adds 3 to 5 Cold Damage\nMartial Weapon (Bonded): 30% increased Freeze Buildup\nWand or Staff: [Gain] 6% of Damage as Extra [Cold] Damage\nWand or Staff (Bonded): 30% increased Freeze Buildup,,,,,,,,
Augment,Lesser Storm Rune,5,,1,1,,,,Socket,,7,,,,,,,,,Armour: +10% to Lightning Resistance\nArmour (Bonded): +20 to maximum Life\nArmour (Bonded): +20 to maximum Mana\nMartial Weapon: Adds 1 to 10 Lightning Damage\nMartial Weapon (Bonded): 30% increased Magnitude of Shock you inflict\nWand or Staff: [Gain] 6% of Damage as Extra [Lightning] Damage\nWand or Staff (Bonded): 30% increased Magnitude of Shock you inflict,,,,,,,,
Augment,Lesser Iron Rune,5,,1,1,,,,Socket,,7,,,,,,,,,"Armour: 14% increased Armour, Evasion and Energy Shield\nArmour (Bonded): +20 to maximum Life\nArmour (Bonded): +20 to maximum Mana\nMartial Weapon: 14% increased [Physical] Damage\nMartial Weapon (Bonded): 20% increased effect of Fully Broken Armour\nWand or Staff: 20% increased [Spell] Damage\nWand or Staff (Bonded): Break [Armour] on Critical Hit with Spells equal to 12% of Physical Damage dealt",,,,,,,,
Augment,Lesser Body Rune,11,,1,1,,,,Socket,,7,,,,,,,,,Armour: +30 to maximum Life\nArmour (Bonded): +20 to maximum Life\nArmour (Bonded): +20 to maximum Mana\nMartial Weapon: Leeches 3% of Physical Damage as Life\nMartial Weapon (Bonded): 5% increased maximum Life\nWand or Staff: +30 to maximum Energy Shield\nWand or Staff (Bonded): 5% increased maximum Life,,,,,,,,
Augment,Lesser Mind Rune,11,,1,1,,,,Socket,,7,,,,,,,,,Armour: +20 to maximum Mana\nArmour (Bonded): +20 to maximum Life\nArmour (Bonded): +20 to maximum Mana\nMartial Weapon: Leeches 2% of Physical Damage as Mana\nMartial Weapon (Bonded): 5% increased maximum Mana\nWand or Staff: +45 to maximum Mana\nWand or Staff (Bonded): 5% increased maximum Mana,,,,,,,,
Augment,Lesser Rebirth Rune,21,,1,1,,,,Socket,,7,,,,,,,,,Armour: Regenerate 0.35% of maximum Life per second\nArmour (Bonded): +20 to maximum Life\nArmour (Bonded): +20 to maximum Mana\nMartial Weapon: Gain 15 Life per enemy killed\nMartial Weapon (Bonded): Regenerate 0.4% of maximum Life per second\nWand or Staff: 6% increased Energy Shield Recharge Rate\nWand or Staff (Bonded): 8% of Damage taken Recouped as Life,,,,,,,,
Augment,Lesser Inspiration Rune,21,,1,1,,,,Socket,,7,,,,,,,,,Armour: 12% increased Mana Regeneration Rate\nArmour (Bonded): +20 to maximum Life\nArmour (Bonded): +20 to maximum Mana\nMartial Weapon: Gain 10 Mana per enemy killed\nMartial Weapon (Bonded): 12% of Skill Mana Costs Converted to Life Costs\nWand or Staff: 20% increased Mana Regeneration Rate\nWand or Staff (Bonded): 16% increased Mana Cost [Efficiency],,,,,,,,
Augment,Lesser Stone Rune,16,,1,1,,,,Socket,,7,,,,,,,,,Armour: +50 to Stun Threshold\nArmour (Bonded): +20 to maximum Life\nArmour (Bonded): +20 to maximum Mana\nMartial Weapon: Causes 20% increased Stun Buildup\nMartial Weapon (Bonded): 40% increased Damage against [Immobilised] Enemies\nWand or Staff: Gain additional Stun Threshold equal to 10% of maximum Energy Shield\nWand or Staff (Bonded): 30% increased Immobilisation buildup,,,,,,,,
Augment,Lesser Vision Rune,16,,1,1,,,,Socket,,7,,,,,,,,,Armour: 8% increased Life and Mana Recovery from Flasks\nArmour (Bonded): +20 to maximum Life\nArmour (Bonded): +20 to maximum Mana\nMartial Weapon: +60 to Accuracy Rating\nMartial Weapon (Bonded): Attacks have +1% to Critical Hit Chance\nWand or Staff: 16% increased Critical Hit Chance for Spells\nWand or Staff (Bonded): 25% increased Critical Damage Bonus,,,,,,,,
Augment,Greater Desert Rune,52,,1,1,,,,Socket,,7,,,,,,,,,Armour: +18% to Fire Resistance\nArmour (Bonded): +20 to maximum Life\nArmour (Bonded): +20 to maximum Mana\nMartial Weapon: Adds 13 to 16 Fire Damage\nMartial Weapon (Bonded): 30% increased Ignite Magnitude\nWand or Staff: [Gain] 10% of Damage as Extra [Fire] Damage\nWand or Staff (Bonded): 30% increased Ignite Magnitude,,,,,,,,
Augment,Greater Glacial Rune,52,,1,1,,,,Socket,,7,,,,,,,,,Armour: +18% to Cold Resistance\nArmour (Bonded): +20 to maximum Life\nArmour (Bonded): +20 to maximum Mana\nMartial Weapon: Adds 9 to 15 Cold Damage\nMartial Weapon (Bonded): 30% increased Freeze Buildup\nWand or Staff: [Gain] 10% of Damage as Extra [Cold] Damage\nWand or Staff (Bonded): 30% increased Freeze Buildup,,,,,,,,
Augment,Greater Storm Rune,52,,1,1,,,,Socket,,7,,,,,,,,,Armour: +18% to Lightning Resistance\nArmour (Bonded): +20 to maximum Life\nArmour (Bonded): +20 to maximum Mana\nMartial Weapon: Adds 1 to 30 Lightning Damage\nMartial Weapon (Bonded): 30% increased Magnitude of Shock you inflict\nWand or Staff: [Gain] 10% of Damage as Extra [Lightning] Damage\nWand or Staff (Bonded): 30% increased Magnitude of Shock you inflict,,,,,,,,
Augment,Greater Iron Rune,52,,1,1,,,,Socket,,7,,,,,,,,,"Armour: 18% increased Armour, Evasion and Energy Shield\nArmour (Bonded): +20 to maximum Life\nArmour (Bonded): +20 to maximum Mana\nMartial Weapon: 18% increased [Physical] Damage\nMartial Weapon (Bonded): 20% increased effect of Fully Broken Armour\nWand or Staff: 30% increased [Spell] Damage\nWand or Staff (Bonded): Break [Armour] on Critical Hit with Spells equal to 12% of Physical Damage dealt",,,,,,,,
Augment,Greater Body Rune,57,,1,1,,,,Socket,,7,,,,,,,,,Armour: +60 to maximum Life\nArmour (Bonded): +20 to maximum Life\nArmour (Bonded): +20 to maximum Mana\nMartial Weapon: Leeches 5% of Physical Damage as Life\nMartial Weapon (Bonded): 5% increased maximum Life\nWand or Staff: +50 to maximum Energy Shield\nWand or Staff (Bonded): 5% increased maximum Life,,,,,,,,
Augment,Greater Mind Rune,57,,1,1,,,,Socket,,7,,,,,,,,,Armour: +40 to maximum Mana\nArmour (Bonded): +20 to maximum Life\nArmour (Bonded): +20 to maximum Mana\nMartial Weapon: Leeches 4% of Physical Damage as Mana\nMartial Weapon (Bonded): 5% increased maximum Mana\nWand or Staff: +75 to maximum Mana\nWand or Staff (Bonded): 5% increased maximum Mana,,,,,,,,
Augment,Greater Rebirth Rune,62,,1,1,,,,Socket,,7,,,,,,,,,Armour: Regenerate 0.45% of maximum Life per second\nArmour (Bonded): +20 to maximum Life\nArmour (Bonded): +20 to maximum Mana\nMartial Weapon: Gain 35 Life per enemy killed\nMartial Weapon (Bonded): Regenerate 0.4% of maximum Life per second\nWand or Staff: 10% increased Energy Shield Recharge Rate\nWand or Staff (Bonded): 8% of Damage taken Recouped as Life,,,,,,,,
Augment,Greater Inspiration Rune,62,,1,1,,,,Socket,,7,,,,,,,,,Armour: 18% increased Mana Regeneration Rate\nArmour (Bonded): +20 to maximum Life\nArmour (Bonded): +20 to maximum Mana\nMartial Weapon: Gain 30 Mana per enemy killed\nMartial Weapon (Bonded): 12% of Skill Mana Costs Converted to Life Costs\nWand or Staff: 30% increased Mana Regeneration Rate\nWand or Staff (Bonded): 16% increased Mana Cost [Efficiency],,,,,,,,
Augment,Greater Stone Rune,59,,1,1,,,,Socket,,7,,,,,,,,,Armour: +100 to Stun Threshold\nArmour (Bonded): +20 to maximum Life\nArmour (Bonded): +20 to maximum Mana\nMartial Weapon: Causes 40% increased Stun Buildup\nMartial Weapon (Bonded): 40% increased Damage against [Immobilised] Enemies\nWand or Staff: Gain additional Stun Threshold equal to 14% of maximum Energy Shield\nWand or Staff (Bonded): 30% increased Immobilisation buildup,,,,,,,,
Augment,Greater Vision Rune,59,,1,1,,,,Socket,,7,,,,,,,,,Armour: 16% increased Life and Mana Recovery from Flasks\nArmour (Bonded): +20 to maximum Life\nArmour (Bonded): +20 to maximum Mana\nMartial Weapon: +120 to Accuracy Rating\nMartial Weapon (Bonded): Attacks have +1% to Critical Hit Chance\nWand or Staff: 24% increased Critical Hit Chance for Spells\nWand or Staff (Bonded): 25% increased Critical Damage Bonus,,,,,,,,
Augment,Greater Rune of Leadership,65,,1,1,,,,Socket,,7,,,,,,,,,Armour: Minions take 10% of Physical Damage as Lightning Damage\nArmour (Bonded): Minions have +10% to all Elemental [Resistances]\nMartial Weapon: Minions gain 10% of their [Physical] Damage as Extra [Lightning] Damage\nMartial Weapon (Bonded): Minions deal 20% increased Damage,,,,,,,,
Augment,Greater Rune of Tithing,65,,1,1,,,,Socket,,7,,,,,,,,,Armour: 1 to 100 Lightning Thorns damage\nArmour (Bonded): 15% increased Thorns damage\nMartial Weapon: [Meta] Skills gain 10% increased [Energy]\nMartial Weapon (Bonded): Invocated Spells have 25% chance to consume half as much [Energy],,,,,,,,
Augment,Greater Rune of Alacrity,65,,1,1,,,,Socket,,7,,,,,,,,,Armour: Debuffs on you expire 8% faster\nArmour (Bonded): 15% increased Elemental Ailment Threshold\nMartial Weapon: 8% increased Skill Speed\nMartial Weapon (Bonded): 15% increased [Reservation] [Efficiency] of [Herald] Skills,,,,,,,,
Augment,Greater Rune of Nobility,65,,1,1,,,,Socket,,7,,,,,,,,,Armour: 10% reduced effect of Shock on you\nArmour (Bonded): 10% reduced Shock duration on you\nMartial Weapon: Attacks with this Weapon have 10% chance to inflict [Exposure]\nMartial Weapon (Bonded): 20% increased [Exposure] Effect,,,,,,,,
Augment,Lesser Adept Rune,5,,1,1,,,,Socket,,7,,,,,,,,,All Equipment: +6 to Dexterity\nArmour (Bonded): +20 to maximum Life\nArmour (Bonded): +20 to maximum Mana\nMartial Weapon (Bonded): Adds 6 to 10 Physical Damage to Attacks\nMartial Weapon (Bonded): Adds 1 to 16 [Lightning] damage to Attacks\nWand or Staff (Bonded): +80 to [Evasion] Rating,,,,,,,,
Augment,Lesser Robust Rune,5,,1,1,,,,Socket,,7,,,,,,,,,All Equipment: +6 to Strength\nArmour (Bonded): +20 to maximum Life\nArmour (Bonded): +20 to maximum Mana\nMartial Weapon (Bonded): Adds 6 to 10 Physical Damage to Attacks\nMartial Weapon (Bonded): Adds 6 to 10 [Fire] damage to Attacks\nWand or Staff (Bonded): +100 to [Armour],,,,,,,,
Augment,Lesser Resolve Rune,5,,1,1,,,,Socket,,7,,,,,,,,,All Equipment: +6 to Intelligence\nArmour (Bonded): +20 to maximum Life\nArmour (Bonded): +20 to maximum Mana\nMartial Weapon (Bonded): Adds 6 to 10 Physical Damage to Attacks\nMartial Weapon (Bonded): Adds 5 to 8 [Cold] damage to Attacks\nWand or Staff (Bonded): +50 to maximum Energy Shield,,,,,,,,
Augment,Adept Rune,31,,1,1,,,,Socket,,7,,,,,,,,,All Equipment: +9 to Dexterity\nArmour (Bonded): +20 to maximum Life\nArmour (Bonded): +20 to maximum Mana\nMartial Weapon (Bonded): Adds 6 to 10 Physical Damage to Attacks\nMartial Weapon (Bonded): Adds 1 to 16 [Lightning] damage to Attacks\nWand or Staff (Bonded): +80 to [Evasion] Rating,,,,,,,,
Augment,Robust Rune,31,,1,1,,,,Socket,,7,,,,,,,,,All Equipment: +9 to Strength\nArmour (Bonded): +20 to maximum Life\nArmour (Bonded): +20 to maximum Mana\nMartial Weapon (Bonded): Adds 6 to 10 Physical Damage to Attacks\nMartial Weapon (Bonded): Adds 6 to 10 [Fire] damage to Attacks\nWand or Staff (Bonded): +100 to [Armour],,,,,,,,
Augment,Resolve Rune,31,,1,1,,,,Socket,,7,,,,,,,,,All Equipment: +9 to Intelligence\nArmour (Bonded): +20 to maximum Life\nArmour (Bonded): +20 to maximum Mana\nMartial Weapon (Bonded): Adds 6 to 10 Physical Damage to Attacks\nMartial Weapon (Bonded): Adds 5 to 8 [Cold] damage to Attacks\nWand or Staff (Bonded): +50 to maximum Energy Shield,,,,,,,,
Augment,Greater Adept Rune,52,,1,1,,,,Socket,,7,,,,,,,,,All Equipment: +12 to Dexterity\nArmour (Bonded): +20 to maximum Life\nArmour (Bonded): +20 to maximum Mana\nMartial Weapon (Bonded): Adds 6 to 10 Physical Damage to Attacks\nMartial Weapon (Bonded): Adds 1 to 16 [Lightning] damage to Attacks\nWand or Staff (Bonded): +80 to [Evasion] Rating,,,,,,,,
Augment,Greater Robust Rune,52,,1,1,,,,Socket,,7,,,,,,,,,All Equipment: +12 to Strength\nArmour (Bonded): +20 to maximum Life\nArmour (Bonded): +20 to maximum Mana\nMartial Weapon (Bonded): Adds 6 to 10 Physical Damage to Attacks\nMartial Weapon (Bonded): Adds 6 to 10 [Fire] damage to Attacks\nWand or Staff (Bonded): +100 to [Armour],,,,,,,,
Augment,Greater Resolve Rune,52,,1,1,,,,Socket,,7,,,,,,,,,All Equipment: +12 to Intelligence\nArmour (Bonded): +20 to maximum Life\nArmour (Bonded): +20 to maximum Mana\nMartial Weapon (Bonded): Adds 6 to 10 Physical Damage to Attacks\nMartial Weapon (Bonded): Adds 5 to 8 [Cold] damage to Attacks\nWand or Staff (Bonded): +50 to maximum Energy Shield,,,,,,,,
Augment,Snake Idol,35,,1,1,,,,Socket,,7,,,,,,,,,Gloves: 8% increased [Curse] Magnitudes\nGloves (Bonded): Remnants you create have 15% increased effect\nSceptres: Allies in your Presence have 10% increased Attack Speed\nSceptres (Bonded): 10% increased Skill Speed while Shapeshifted,,,,,,,,
Augment,Primate Idol,35,,1,1,,,,Socket,,7,,,,,,,,,Helmets: Minions have 15% increased maximum Life\nHelmets (Bonded): Remnants can be collected from 30% further away\nSceptres: Allies in your Presence deal 40% increased Damage\nSceptres (Bonded): 40% increased Damage while Shapeshifted,,,,,,,,
Augment,Owl Idol,35,,1,1,,,,Socket,,7,,,,,,,,,Foci: 12% increased Cooldown Recovery Rate\nFoci (Bonded): 20% increased effect of [Archon] Buffs on you\nSceptres: Allies in your Presence have 10% increased Cast Speed\nSceptres (Bonded): 10% increased Skill Speed while Shapeshifted,,,,,,,,
Augment,Cat Idol,35,,1,1,,,,Socket,,7,,,,,,,,,Gloves: 25% increased [Accuracy] Rating\nGloves (Bonded): 30% increased [Charm] Charges gained\nSceptres: Allies in your Presence have 14% increased Critical Hit Chance\nSceptres (Bonded): 25% increased Critical Hit Chance while Shapeshifted,,,,,,,,
Augment,Wolf Idol,35,,1,1,,,,Socket,,7,,,,,,,,,Gloves: 15% increased Magnitude of Bleeding you inflict\nGloves (Bonded): 25% reduced Magnitude of [Bleeding] on You\nSceptres: [Allies] in your [Presence] have 20% increased Critical Damage Bonus\nSceptres (Bonded): 25% increased Critical Hit Chance while Shapeshifted,,,,,,,,
Augment,Stag Idol,35,,1,1,,,,Socket,,7,,,,,,,,,Helmets: Projectiles have 15% chance to [Fork]\nHelmets (Bonded): Projectiles have 25% chance for an additional Projectile when Forking\nSceptres: Allies in your Presence deal 1 to 40 added Attack Lightning Damage\nSceptres (Bonded): 40% increased [Attack] Damage while Shapeshifted,,,,,,,,
Augment,Boar Idol,35,,1,1,,,,Socket,,7,,,,,,,,,Gloves: Gain 1 Rage on [Melee] Hit\nGloves (Bonded): 25% increased Warcry Cooldown Recovery Rate\nSceptres: [Allies] in your [Presence] Regenerate 0.5% of your Maximum Life per second\nSceptres (Bonded): 25% increased Life Regeneration rate while Shapeshifted,,,,,,,,
Augment,Bear Idol,35,,1,1,,,,Socket,,7,,,,,,,,,Helmets: 10% increased Area of Effect\nHelmets (Bonded): 12% increased [Reservation] [Efficiency] of [Companion] Skills\nSceptres: Allies in your Presence deal 12 to 18 added Attack Physical Damage\nSceptres (Bonded): 40% increased [Attack] Damage while Shapeshifted,,,,,,,,
Augment,Ox Idol,35,,1,1,,,,Socket,,7,,,,,,,,,Sceptres: Allies in your Presence have +12% to all Elemental Resistances\nSceptres (Bonded): +20% of Armour also applies to Elemental Damage while Shapeshifted\nShields and Bucklers: 15% increased [Block] chance\nShields and Bucklers (Bonded): 15% chance for Damage of Enemies Hitting you to be [Unlucky],,,,,,,,
Augment,Rabbit Idol,65,,1,1,,,,Socket,,7,,,,,,,,,Body Armours: 12% increased Rarity of Items found\nBody Armours (Bonded): 10% increased Quantity of Gold Dropped by Slain Enemies\nSceptres: 15% increased Spirit\nSceptres (Bonded): Minions have 30% increased Cooldown Recovery Rate for [Command] Skills,,,,,,,,
Augment,Fox Idol,65,,1,1,,,,Socket,,7,,,,,,,,,Body Armours: Idols socketed in this item gain the benefits of their Bonded modifiers\nBody Armours (Bonded): +5% to [Quality] of all Skills\nSceptres: 50% increased Presence Area of Effect\nSceptres (Bonded): Minions have 30% increased Area of Effect,,,,,,,,
Augment,Panther Idol,65,,1,1,,,,Socket,,7,,,,,,,,,Body Armours: +10% of [Armour] also applies to Chaos Damage\nBody Armours (Bonded): +8% to Chaos Resistance\nSceptres: Minions have +20% to [Chaos] Resistance\nSceptres (Bonded): Minions have 20% additional [Physical] Damage Reduction,,,,,,,,
Augment,Hawk Idol,65,,1,1,,,,Socket,,7,,,,,,,,,Body Armours: 10% increased Deflection Rating\nBody Armours (Bonded): +12% to Cold Resistance\nSceptres: Companions have 12% increased [Attack] Speed\nSceptres (Bonded): 8% increased [Attack] Speed while your [Companion] is in your [Presence],,,,,,,,
Augment,Stoat Idol,65,,1,1,,,,Socket,,7,,,,,,,,,Body Armours: 5% of Damage taken bypasses Energy Shield\nBody Armours (Bonded): +12% to Lightning Resistance\nSceptres: Companions have 25% increased maximum Life\nSceptres (Bonded): 25% increased Damage while your [Companion] is in your [Presence],,,,,,,,
Augment,Soul Core of Atmohua,35,,1,1,,,,Socket,,4,,,,,,,,,Armour: Convert 20% of Requirements to Strength\nMartial Weapon: Convert 20% of Requirements to Strength,,,,,,,,
Augment,Soul Core of Azcapa,35,,1,1,,,,Socket,,4,,,,,,,,,Gloves: 10% increased Quantity of Gold Dropped by Slain Enemies\nMartial Weapon: +15 to Spirit,,,,,,,,
Augment,Soul Core of Cholotl,35,,1,1,,,,Socket,,4,,,,,,,,,Armour: Convert 20% of Requirements to Dexterity\nMartial Weapon: Convert 20% of Requirements to Dexterity,,,,,,,,
Augment,Soul Core of Citaqualotl,35,,1,1,,,,Socket,,4,,,,,,,,,Armour: +5% to all Elemental [Resistances]\nMartial Weapon: 30% increased Elemental Damage with Attacks,,,,,,,,
Augment,Soul Core of Jiquani,35,,1,1,,,,Socket,,4,,,,,,,,,Body Armours: 3% increased maximum Life\nMartial Weapon: Recover 2% of maximum Life on Kill,,,,,,,,
Augment,Soul Core of Opiloti,35,,1,1,,,,Socket,,4,,,,,,,,,Helmets: 20% increased [Charm] Charges gained\nMartial Weapon: 15% chance to cause Bleeding on Hit,,,,,,,,
Augment,Soul Core of Puhuarte,35,,1,1,,,,Socket,,4,,,,,,,,,Gloves: +1% to Maximum Fire Resistance\nMartial Weapon: 30% increased [Flammability] Magnitude,,,,,,,,
Augment,Soul Core of Quipolatl,35,,1,1,,,,Socket,,4,,,,,,,,,Boots: 15% reduced Slowing Potency of Debuffs on You\nMartial Weapon: 5% increased [Attack] Speed,,,,,,,,
Augment,Soul Core of Tacati,35,,1,1,,,,Socket,,4,,,,,,,,,Armour: +11% to Chaos Resistance\nMartial Weapon: 15% chance to [Poison] on Hit with this weapon,,,,,,,,
Augment,Soul Core of Ticaba,35,,1,1,,,,Socket,,4,,,,,,,,,Body Armours: Hits against you have 20% reduced Critical Damage Bonus\nMartial Weapon: +5% to Critical Damage Bonus\nShields and Bucklers: Hits against you have 20% reduced Critical Damage Bonus,,,,,,,,
Augment,Soul Core of Topotante,35,,1,1,,,,Socket,,4,,,,,,,,,Boots: 25% increased Elemental Ailment Threshold\nMartial Weapon: Attacks with this Weapon Penetrate 15% Elemental Resistances,,,,,,,,
Augment,Soul Core of Tzamoto,35,,1,1,,,,Socket,,4,,,,,,,,,Helmets: +1% to Maximum Cold Resistance\nMartial Weapon: 30% increased Freeze Buildup,,,,,,,,
Augment,Soul Core of Xopec,35,,1,1,,,,Socket,,4,,,,,,,,,Boots: +1% to Maximum Lightning Resistance\nMartial Weapon: 30% increased chance to [Shock],,,,,,,,
Augment,Soul Core of Zalatl,35,,1,1,,,,Socket,,4,,,,,,,,,Helmets: 3% increased maximum Mana\nMartial Weapon: Recover 2% of maximum Mana on Kill,,,,,,,,
Augment,Soul Core of Zantipi,35,,1,1,,,,Socket,,4,,,,,,,,,Armour: Convert 20% of Requirements to Intelligence\nMartial Weapon: Convert 20% of Requirements to Intelligence,,,,,,,,
Augment,Craiceann's Rune of Warding,65,,1,1,,,,Socket,,7,,,,,,,,,Body Armours: 50% reduced effect of Curses on you\nBody Armours (Bonded): 8% increased [Curse] Magnitudes,,,,,,,,
Augment,Craiceann's Rune of Recovery,65,,1,1,,,,Socket,,7,,,,,,,,,Body Armours: 30% increased Energy Shield Recharge Rate\nBody Armours (Bonded): Gain additional Stun Threshold equal to 50% of maximum Energy Shield\nBody Armours (Bonded): Gain additional Ailment Threshold equal to 50% of maximum Energy Shield,,,,,,,,
Augment,Countess Seske's Rune of Archery,65,,1,1,,,,Socket,,7,,,,,,,,,Bows: Bow Attacks fire an additional Arrow\nBows (Bonded): 20% increased [Projectile] Speed,,,,,,,,
Augment,Courtesan Mannan's Rune of Cruelty,65,,1,1,,,,Socket,,7,,,,,,,,,Gloves: 20% increased Magnitude of Damaging Ailments you inflict\nGloves (Bonded): 15% increased Duration of Damaging Ailments on Enemies,,,,,,,,
Augment,Farrul's Rune of Grace,65,,1,1,,,,Socket,,7,,,,,,,,,Boots: 8% increased Deflection Rating while moving\nBoots (Bonded): Prevent +3% of Damage from Deflected Hits,,,,,,,,
Augment,Farrul's Rune of the Hunt,65,,1,1,,,,Socket,,7,,,,,,,,,Martial Weapon: 50% increased [Attack] Damage against Rare or Unique Enemies\nMartial Weapon (Bonded): +1 to Level of all [Attack] Skills,,,,,,,,
Augment,Farrul's Rune of the Chase,65,,1,1,,,,Socket,,7,,,,,,,,,Boots: 5% increased Movement Speed\nBoots (Bonded): 10% increased Cooldown Recovery Rate,,,,,,,,
Augment,Fenumus' Rune of Agony,65,,1,1,,,,Socket,,7,,,,,,,,,Martial Weapon: [Gain] 13% of Damage as Extra [Chaos] Damage\nMartial Weapon (Bonded): [Gain] 8% of Damage as Extra [Physical] Damage\nWand or Staff: [Gain] 13% of Damage as Extra [Chaos] Damage\nWand or Staff (Bonded): [Gain] 8% of Damage as Extra [Physical] Damage,,,,,,,,
Augment,Fenumus' Rune of Spinning,65,,1,1,,,,Socket,,7,,,,,,,,,Gloves: 8% increased Cast Speed\nGloves (Bonded): 20% increased Mana Cost [Efficiency] while on Low Mana,,,,,,,,
Augment,Fenumus' Rune of Draining,65,,1,1,,,,Socket,,7,,,,,,,,,Gloves: 20% increased Withered Magnitude\nGloves (Bonded): +7% to Chaos Resistance,,,,,,,,
Augment,Hedgewitch Assandra's Rune of Wisdom,65,,1,1,,,,Socket,,7,,,,,,,,,Wand or Staff: +1 to Level of all Spell Skills\nWand or Staff (Bonded): [Archon] recovery period expires 30% faster,,,,,,,,
Augment,Lady Hestra's Rune of Winter,65,,1,1,,,,Socket,,7,,,,,,,,,Martial Weapon: Adds 19 to 28 Cold Damage against Chilled Enemies\nMartial Weapon (Bonded): +2% to Maximum Cold Resistance,,,,,,,,
Augment,Saqawal's Rune of Memory,65,,1,1,,,,Socket,,7,,,,,,,,,Helmets: 2% increased Experience gain\nHelmets (Bonded): +10% to all Elemental [Resistances],,,,,,,,
Augment,Saqawal's Rune of the Sky,65,,1,1,,,,Socket,,7,,,,,,,,,Martial Weapon: [Gain] 5% of Damage as Extra Damage of all Elements\nMartial Weapon (Bonded): 8% chance to gain an additional random Charge when you gain a Charge\nWand or Staff: [Gain] 5% of Damage as Extra Damage of all Elements\nWand or Staff (Bonded): 12% chance when collecting an Elemental Infusion to gain an\nadditional Elemental Infusion of the same type,,,,,,,,
Augment,Saqawal's Rune of Erosion,65,,1,1,,,,Socket,,7,,,,,,,,,Helmets: 25% increased [Exposure] Effect\nHelmets (Bonded): 15% increased Magnitude of Non-Damaging Ailments you inflict,,,,,,,,
Augment,Thane Grannell's Rune of Mastery,65,,1,1,,,,Socket,,7,,,,,,,,,Gloves: 30% increased Magnitude of Non-Damaging Ailments you inflict\nGloves (Bonded): 15% increased Duration of Elemental [Ailments] on Enemies,,,,,,,,
Augment,Thane Girt's Rune of Wildness,65,,1,1,,,,Socket,,7,,,,,,,,,Wand or Staff: 25% chance for [Spell] Skills to fire 2 additional Projectiles\nWand or Staff (Bonded): Every [Rage] also grants 1% increased [Spell] Damage,,,,,,,,
Augment,Thane Leld's Rune of Spring,65,,1,1,,,,Socket,,7,,,,,,,,,Martial Weapon: Adds 1 to 60 Lightning Damage against Shocked Enemies\nMartial Weapon (Bonded): +2% to Maximum Lightning Resistance,,,,,,,,
Augment,Thane Myrk's Rune of Summer,65,,1,1,,,,Socket,,7,,,,,,,,,Martial Weapon: Adds 23 to 34 Fire Damage to Attacks against Ignited Enemies\nMartial Weapon (Bonded): +2% to Maximum Fire Resistance,,,,,,,,
Augment,The Greatwolf's Rune of Claws,65,,1,1,,,,Socket,,7,,,,,,,,,Gloves: Adds 5 to 12 Physical Damage to Attacks\nGloves (Bonded): Fissure Skills have +2 to [Limit],,,,,,,,
Augment,The Greatwolf's Rune of Willpower,65,,1,1,,,,Socket,,7,,,,,,,,,Body Armours: 15% of Damage is taken from Mana before Life\nBody Armours (Bonded): 8% of Maximum Life Converted to Energy Shield,,,,,,,,
Augment,Idol of Eeshta,65,,1,1,,,,Socket,,7,,,,,,,,,Helmets: 15% increased Cost [Efficiency]\nHelmets (Bonded): [Meta] Skills have 15% increased [Reservation] [Efficiency]\nSceptres: 15% increased Mana Recovery rate while your [Companion] is in your [Presence]\nSceptres (Bonded): 8% increased Life Recovery Rate while your [Companion] is in your [Presence],,,,,,,,
Augment,Idol of Egrin,65,,1,1,,,,Socket,,7,,,,,,,,,Helmets: Enemies you [Curse] take 6% increased Damage\nHelmets (Bonded): 20% increased Area of Effect of Curses\nSceptres: 20% increased [Curse] Duration\nSceptres (Bonded): [Curse] zones erupt after 20% reduced delay,,,,,,,,
Augment,Idol of Grold,65,,1,1,,,,Socket,,7,,,,,,,,,Boots: 50% increased total Power counted by Warcries\nBoots (Bonded): 30% increased [Glory] generation\nSceptres: 15% increased Damage per each different [Companion] in your [Presence]\nSceptres (Bonded): 15% increased [Reservation] [Efficiency] of [Companion] Skills,,,,,,,,
Augment,Idol of Maxarius,65,,1,1,,,,Socket,,7,,,,,,,,,Body Armours: +1 [Charm] Slot\nBody Armours (Bonded): [Storm] Skills have +1 to [Limit]\nSceptres: Flasks gain 0.2 charges per Second\nSceptres (Bonded): 20% increased Life and Mana Recovery from Flasks,,,,,,,,
Augment,Idol of Ralakesh,65,,1,1,,,,Socket,,7,,,,,,,,,"Helmets: 8% increased [Reservation] [Efficiency] of [Minion] Skills\nHelmets (Bonded): Minions Revive 8% faster\nSceptres: 40% increased [Armour], [Evasion] and Energy Shield while your [Companion] is in your [Presence]\nSceptres (Bonded): Companions have 25% increased maximum Life",,,,,,,,
Augment,Idol of Sirrius,65,,1,1,,,,Socket,,7,,,,,,,,,Gloves: 8% increased [Attack] Speed\nGloves (Bonded): 20% reduced Slowing Potency of Debuffs on You\nSceptres: Allies in your Presence have 8% increased Movement Speed\nSceptres (Bonded): 4% increased Movement Speed,,,,,,,,
Augment,Idol of Thruldana,65,,1,1,,,,Socket,,7,,,,,,,,,Martial Weapon: Targets can be affected by +1 of your Poisons at the same time\nMartial Weapon: 25% reduced [Poison] Duration\nMartial Weapon (Bonded): [Gain] 13% of Physical Damage as extra Chaos Damage\nSceptres: Allies in your Presence deal 13 to 27 added Attack [Chaos] Damage\nSceptres (Bonded): 15% increased Withered Magnitude,,,,,,,,
Augment,Atmohua's Soul Core of Retreat,65,,1,1,,,,Socket,,7,,,,,,,,,Body Armours: Gain additional Stun Threshold equal to 15% of maximum Energy Shield\nBody Armours: Gain additional Ailment Threshold equal to 15% of maximum Energy Shield\nFoci: Gain additional Stun Threshold equal to 15% of maximum Energy Shield\nFoci: Gain additional Ailment Threshold equal to 15% of maximum Energy Shield,,,,,,,,
Augment,Citaqualotl's Soul Core of Foulness,65,,1,1,,,,Socket,,7,,,,,,,,,Martial Weapon: Adds 19 to 29 [Chaos] damage,,,,,,,,
Augment,Cholotl's Soul Core of War,65,,1,1,,,,Socket,,7,,,,,,,,,Bows: 20% increased [Projectile] Speed,,,,,,,,
Augment,Estazunti's Soul Core of Convalescence,65,,1,1,,,,Socket,,7,,,,,,,,,Boots: 12% increased speed of [Recoup] Effects\nHelmets: 8% of Damage taken Recouped as Life,,,,,,,,
Augment,Guatelitzi's Soul Core of Endurance,65,,1,1,,,,Socket,,7,,,,,,,,,Martial Weapon: 50% chance when you gain an Endurance Charge to gain an additional Endurance Charge\nWand or Staff: 50% chance when you gain an Endurance Charge to gain an additional Endurance Charge,,,,,,,,
Augment,Hayoxi's Soul Core of Heatproofing,65,,1,1,,,,Socket,,7,,,,,,,,,Helmets: +40% of [Armour] also applies to Cold Damage,,,,,,,,
Augment,Opiloti's Soul Core of Assault,65,,1,1,,,,Socket,,7,,,,,,,,,Martial Weapon: 50% chance when you gain a Frenzy Charge to gain an additional Frenzy Charge\nWand or Staff: 50% chance when you gain a Frenzy Charge to gain an additional Frenzy Charge,,,,,,,,
Augment,Quipolatl's Soul Core of Flow,65,,1,1,,,,Socket,,7,,,,,,,,,Helmets: 8% increased Skill Effect Duration\nHelmets: 8% increased Cooldown Recovery Rate,,,,,,,,
Augment,Tacati's Soul Core of Affliction,65,,1,1,,,,Socket,,7,,,,,,,,,Helmets: Enemies you [Curse] have -5% to Chaos Resistance,,,,,,,,
Augment,Topotante's Soul Core of Dampening,65,,1,1,,,,Socket,,7,,,,,,,,,Gloves: +40% of [Armour] also applies to Fire Damage,,,,,,,,
Augment,Tzamoto's Soul Core of Ferocity,65,,1,1,,,,Socket,,7,,,,,,,,,Helmets: +4 to Maximum [Rage],,,,,,,,
Augment,Uromoti's Soul Core of Attenuation,65,,1,1,,,,Socket,,7,,,,,,,,,Boots: 15% increased [Curse] Duration\nBoots: 15% increased [Poison] Duration,,,,,,,,
Augment,Xipocado's Soul Core of Dominion,65,,1,1,,,,Socket,,7,,,,,,,,,Sceptres: Minions deal 40% increased Damage with [Command] Skills\nWand or Staff: Minions deal 40% increased Damage with [Command] Skills,,,,,,,,
Augment,Xopec's Soul Core of Power,65,,1,1,,,,Socket,,7,,,,,,,,,Martial Weapon: 50% chance when you gain a Power Charge to gain an additional Power Charge\nWand or Staff: 50% chance when you gain a Power Charge to gain an additional Power Charge,,,,,,,,
Augment,Zalatl's Soul Core of Insulation,65,,1,1,,,,Socket,,7,,,,,,,,,Boots: +40% of [Armour] also applies to Lightning Damage,,,,,,,,
Augment,Amanamu's Gaze,65,,1,1,,,,Socket,,7,,,,,,,,,"Body Armours: +2 to [Armour] per 1 [Spirit]\nBoots: 1% increased Movement Speed per 15 [Spirit], up to a maximum of 40%\nOther Modifiers to Movement Speed except for Sprinting do not apply\nHelmets: Remove a Damaging Ailment when you use a [Command] Skill",,,,,,,,
Augment,Tecrod's Gaze,65,,1,1,,,,Socket,,7,,,,,,,,,Body Armours: Regenerate 1.5% of maximum Life per second\nBoots: 10% increased Movement Speed when on Low Life\nGloves: 25% increased Life Cost [Efficiency],,,,,,,,
Augment,Kurgal's Gaze,65,,1,1,,,,Socket,,7,,,,,,,,,Boots: 15% increased Mana Cost [Efficiency] if you haven't Dodge Rolled [Recently]\nGloves: 40% increased effect of Arcane Surge on you\nHelmets: Increases and Reductions to Life Regeneration Rate also apply to Mana Regeneration Rate,,,,,,,,
Augment,Ulaman's Gaze,65,,1,1,,,,Socket,,7,,,,,,,,,Body Armours: Prevent +3% of Damage from Deflected Hits\nGloves: Critical Hit chance is [Lucky] against Parried enemies\nHelmets: +1 to [Accuracy] Rating per 1 Item Evasion Rating on Equipped Helmet,,,,,,,,
Stackable Currency,Uncut Skill Gem (Level 1),1,,1,1,,,,Gem,1,7,,,,,,,,,Creates a Skill Gem up to level 1,,,,,,,,
Stackable Currency,Uncut Skill Gem (Level 2),4,,1,1,,,,Gem,2,7,,,,,,,,,Creates a Skill Gem or Level an existing gem to level 2,,,,,,,,
Stackable Currency,Uncut Skill Gem (Level 3),7,,1,1,,,,Gem,3,7,,,,,,,,,Creates a Skill Gem or Level an existing gem to level 3,,,,,,,,
Stackable Currency,Uncut Skill Gem (Level 4),11,,1,1,,,,Gem,4,7,,,,,,,,,Creates a Skill Gem or Level an existing gem to level 4,,,,,,,,
Stackable Currency,Uncut Skill Gem (Level 5),15,,1,1,,,,Gem,5,6,,,,,,,,,Creates a Skill Gem or Level an existing gem to level 5,,,,,,,,
Stackable Currency,Uncut Skill Gem (Level 6),19,,1,1,,,,Gem,6,6,,,,,,,,,Creates a Skill Gem or Level an existing gem to level 6,,,,,,,,
Stackable Currency,Uncut Skill Gem (Level 7),23,,1,1,,,,Gem,7,6,,,,,,,,,Creates a Skill Gem or Level an existing gem to level 7,,,,,,,,
Stackable Currency,Uncut Skill Gem (Level 8),27,,1,1,,,,Gem,8,6,,,,,,,,,Creates a Skill Gem or Level an existing gem to level 8,,,,,,,,
Stackable Currency,Uncut Skill Gem (Level 9),32,,1,1,,,,Gem,9,6,,,,,,,,,Creates a Skill Gem or Level an existing gem to level 9,,,,,,,,
Stackable Currency,Uncut Skill Gem (Level 10),37,,1,1,,,,Gem,10,6,,,,,,,,,Creates a Skill Gem or Level an existing gem to level 10,,,,,,,,
Stackable Currency,Uncut Skill Gem (Level 11),42,,1,1,,,,Gem,11,6,,,,,,,,,Creates a Skill Gem or Level an existing gem to level 11,,,,,,,,
Stackable Currency,Uncut Skill Gem (Level 12),47,,1,1,,,,Gem,12,6,,,,,,,,,Creates a Skill Gem or Level an existing gem to level 12,,,,,,,,
Stackable Currency,Uncut Skill Gem (Level 13),53,,1,1,,,,Gem,13,6,,,,,,,,,Creates a Skill Gem or Level an existing gem to level 13,,,,,,,,
Stackable Currency,Uncut Skill Gem (Level 14),59,,1,1,,,,Gem,14,6,,,,,,,,,Creates a Skill Gem or Level an existing gem to level 14,,,,,,,,
Stackable Currency,Uncut Skill Gem (Level 15),62,,1,1,,,,Gem,15,3,,,,,,,,,Creates a Skill Gem or Level an existing gem to level 15,,,,,,,,
Stackable Currency,Uncut Skill Gem (Level 16),62,,1,1,,,,Gem,16,3,,,,,,,,,Creates a Skill Gem or Level an existing gem to level 16,,,,,,,,
Stackable Currency,Uncut Skill Gem (Level 17),62,,1,1,,,,Gem,17,3,,,,,,,,,Creates a Skill Gem or Level an existing gem to level 17,,,,,,,,
Stackable Currency,Uncut Skill Gem (Level 18),62,,1,1,,,,Gem,18,2,,,,,,,,,Creates a Skill Gem or Level an existing gem to level 18,,,,,,,,
Stackable Currency,Uncut Skill Gem (Level 19),62,,1,1,,,,Gem,19,2,,,,,,,,,Creates a Skill Gem or Level an existing gem to level 19,,,,,,,,
Stackable Currency,Uncut Skill Gem (Level 20),62,,1,1,,,,Gem,20,1,,,,,,,,,Creates a Skill Gem or Level an existing gem to level 20,,,,,,,,
Stackable Currency,Uncut Spirit Gem (Level 1),1,,1,1,,,,Gem,1,7,,,,,,,,,,,,,,,,,
Stackable Currency,Uncut Spirit Gem (Level 2),4,,1,1,,,,Gem,2,7,,,,,,,,,,,,,,,,,
Stackable Currency,Uncut Spirit Gem (Level 3),8,,1,1,,,,Gem,3,7,,,,,,,,,,,,,,,,,
Stackable Currency,Uncut Spirit Gem (Level 4),11,,1,1,,,,Gem,4,7,,,,,,,,,Creates a Persistent Skill Gem at Level 4,,,,,,,,
Stackable Currency,Uncut Spirit Gem (Level 5),15,,1,1,,,,Gem,5,6,,,,,,,,,Creates a Persistent Skill Gem or Level an existing gem to Level 5,,,,,,,,
Stackable Currency,Uncut Spirit Gem (Level 6),19,,1,1,,,,Gem,6,6,,,,,,,,,Creates a Persistent Skill Gem or Level an existing gem to Level 6,,,,,,,,
Stackable Currency,Uncut Spirit Gem (Level 7),23,,1,1,,,,Gem,7,6,,,,,,,,,Creates a Persistent Skill Gem or Level an existing gem to Level 7,,,,,,,,
Stackable Currency,Uncut Spirit Gem (Level 8),27,,1,1,,,,Gem,8,6,,,,,,,,,Creates a Persistent Skill Gem or Level an existing gem to Level 8,,,,,,,,
Stackable Currency,Uncut Spirit Gem (Level 9),32,,1,1,,,,Gem,9,6,,,,,,,,,Creates a Persistent Skill Gem or Level an existing gem to Level 9,,,,,,,,
Stackable Currency,Uncut Spirit Gem (Level 10),37,,1,1,,,,Gem,10,6,,,,,,,,,Creates a Persistent Skill Gem or Level an existing gem to Level 10,,,,,,,,
Stackable Currency,Uncut Spirit Gem (Level 11),42,,1,1,,,,Gem,11,6,,,,,,,,,Creates a Persistent Skill Gem or Level an existing gem to Level 11,,,,,,,,
Stackable Currency,Uncut Spirit Gem (Level 12),47,,1,1,,,,Gem,12,6,,,,,,,,,Creates a Persistent Skill Gem or Level an existing gem to Level 12,,,,,,,,
Stackable Currency,Uncut Spirit Gem (Level 13),53,,1,1,,,,Gem,13,6,,,,,,,,,Creates a Persistent Skill Gem or Level an existing gem to Level 13,,,,,,,,
Stackable Currency,Uncut Spirit Gem (Level 14),59,,1,1,,,,Gem,14,6,,,,,,,,,Creates a Persistent Skill Gem or Level an existing gem to Level 14,,,,,,,,
Stackable Currency,Uncut Spirit Gem (Level 15),62,,1,1,,,,Gem,15,3,,,,,,,,,Creates a Persistent Skill Gem or Level an existing gem to Level 15,,,,,,,,
Stackable Currency,Uncut Spirit Gem (Level 16),62,,1,1,,,,Gem,16,3,,,,,,,,,Creates a Persistent Skill Gem or Level an existing gem to Level 16,,,,,,,,
Stackable Currency,Uncut Spirit Gem (Level 17),62,,1,1,,,,Gem,17,3,,,,,,,,,Creates a Persistent Skill Gem or Level an existing gem to Level 17,,,,,,,,
Stackable Currency,Uncut Spirit Gem (Level 18),62,,1,1,,,,Gem,18,2,,,,,,,,,Creates a Persistent Skill Gem or Level an existing gem to Level 18,,,,,,,,
Stackable Currency,Uncut Spirit Gem (Level 19),62,,1,1,,,,Gem,19,2,,,,,,,,,Creates a Persistent Skill Gem or Level an existing gem to Level 19,,,,,,,,
Stackable Currency,Uncut Spirit Gem (Level 20),62,,1,1,,,,Gem,20,1,,,,,,,,,Creates a Persistent Skill Gem or Level an existing gem to Level 20,,,,,,,,
Stackable Currency,Uncut Support Gem (Level 1),1,,1,1,,,,Gem,1,7,,,,,,,,,Creates a Support Gem,,,,,,,,
Stackable Currency,Uncut Support Gem (Level 2),16,,1,1,,,,Gem,2,7,,,,,,,,,Creates a Support Gem,,,,,,,,
Stackable Currency,Uncut Support Gem (Level 3),33,,1,1,,,,Gem,3,7,,,,,,,,,Creates a Support Gem,,,,,,,,
Stackable Currency,Uncut Support Gem (Level 4),45,,1,1,,,,Gem,4,7,,,,,,,,,Creates a Support Gem,,,,,,,,
Stackable Currency,Uncut Support Gem (Level 5),55,,1,1,,,,Gem,5,6,,,,,,,,,Creates a Support Gem,,,,,,,,
Stackable Currency,Bronze Key,1,,1,1,,,,MiscMap,,7,,,,,,,,,Used to open Bronze Caches within the Trials,,,,,,,,
Stackable Currency,Silver Key,1,,1,1,,,,MiscMap,,7,,,,,,,,,Used to open Silver Caches within the Trials,,,,,,,,
Stackable Currency,Gold Key,1,,1,1,,,,MiscMap,,7,,,,,,,,,Used to open Gold Caches within the Trials,,,,,,,,
Stackable Currency,Simulacrum Splinter,1,,1,1,,,,MiscMap,,7,,,,,,,,,Combine 300 Splinters to create a Simulacrum.,,,,,,,,
Map Fragments,Simulacrum,75,,1,1,,,,MiscMap,,7,,,,,,,,,,,,,,,,,
Stackable Currency,Breach Splinter,1,,1,1,,,,MiscMap,,7,,,,,,,,,Combine 300 Splinters to create a Revelatory Wombgift.,,,,,,,,
Map Fragments,Breachstone,1,,1,1,,,,MiscMap,,7,,,,,,,,,,,,,,,,,
Map Fragments,An Audience with the King,1,,1,1,,,,MiscMap,,7,,,,,,,,,,,,,,,,,
Map Fragments,Cowardly Fate,1,,1,1,,,,MiscMap,,7,,,,,,,,,,,,,,,,,
Map Fragments,Deadly Fate,1,,1,1,,,,MiscMap,,7,,,,,,,,,,,,,,,,,
Map Fragments,Victorious Fate,1,,1,1,,,,MiscMap,,7,,,,,,,,,,,,,,,,,
Map Fragments,Idol of Estazunti,1,,1,1,,,,MiscMap,,7,,,,,,,,,Grants access to a Sealed Vault on the Atlas,,,,,,,,
Map Fragments,Kulemak's Invitation,1,,1,1,,,,MiscMap,,7,,,,,,,,,,,,,,,,,
Pinnacle Keys,Ancient Crisis Fragment,1,,1,1,,,,MiscMap,,7,,,,,,,,,,,,,,,,,
Pinnacle Keys,Faded Crisis Fragment,1,,1,1,,,,MiscMap,,7,,,,,,,,,,,,,,,,,
Pinnacle Keys,Weathered Crisis Fragment,1,,1,1,,,,MiscMap,,7,,,,,,,,,,,,,,,,,
Pinnacle Keys,Primary Calamity Fragment,1,,1,1,,,,MiscMap,,7,,,,,,,,,,,,,,,,,
Pinnacle Keys,Secondary Calamity Fragment,1,,1,1,,,,MiscMap,,7,,,,,,,,,,,,,,,,,
Pinnacle Keys,Tertiary Calamity Fragment,1,,1,1,,,,MiscMap,,7,,,,,,,,,,,,,,,,,
Pinnacle Keys,Origin Spark,1,,1,1,,,,MiscMap,,7,,,,,,,,,,,,,,,,,
Pinnacle Keys,Origin Cradle,1,,2,2,,,,MiscMap,,7,,,,,,,,,,,,,,,,,
Stackable Currency,Exotic Coinage,1,,1,1,,,,nonDrop,,7,,,,,,,,,This item is no longer usable.,,,,,,,,
Stackable Currency,Broken Circle Artifact,1,,1,1,,,,nonDrop,,7,,,,,,,,,This item is no longer usable.,,,,,,,,
Stackable Currency,Black Scythe Artifact,1,,1,1,,,,nonDrop,,7,,,,,,,,,This item is no longer usable.,,,,,,,,
Stackable Currency,Order Artifact,1,,1,1,,,,nonDrop,,7,,,,,,,,,This item is no longer usable.,,,,,,,,
Stackable Currency,Sun Artifact,1,,1,1,,,,nonDrop,,7,,,,,,,,,This item is no longer usable.,,,,,,,,
Vault Keys,Voidborn Reliquary Key,35,,1,1,,,,defa,,3,,,,,,,,,,,,,,,,,
Vault Keys,Twilight Reliquary Key,65,,1,1,,,,defa,,3,,,,,,,,,,,,,,,,,
Vault Keys,Xesht's Reliquary Key,35,,1,1,,,,defa,,3,,,,,,,,,,,,,,,,,
Vault Keys,The Trialmaster's Reliquary Key,35,,1,1,,,,defa,,3,,,,,,,,,,,,,,,,,
Vault Keys,Ritualistic Reliquary Key,35,,1,1,,,,defa,,3,,,,,,,,,,,,,,,,,
Vault Keys,Tangmazu's Reliquary Key,35,,1,1,,,,defa,,3,,,,,,,,,,,,,,,,,
Vault Keys,Olroth's Reliquary Key,35,,1,1,,,,defa,,3,,,,,,,,,,,,,,,,,
Vault Keys,The Arbiter's Reliquary Key,35,,1,1,,,,defa,,3,,,,,,,,,,,,,,,,,
Vault Keys,Zarokh's Reliquary Key,35,,1,1,,,,defa,,3,,,,,,,,,,,,,,,,,
Waystones,Waystone (Tier 1),58,NMR,1,1,,,,defa,,,,,,,,,,,,,,,,,,,
Waystones,Waystone (Tier 2),66,NMR,1,1,,,,defa,,,,,,,,,,,,,,,,,,,
Waystones,Waystone (Tier 3),67,NMR,1,1,,,,defa,,,,,,,,,,,,,,,,,,,
Waystones,Waystone (Tier 4),68,NMR,1,1,,,,defa,,,,,,,,,,,,,,,,,,,
Waystones,Waystone (Tier 5),69,NMR,1,1,,,,defa,,,,,,,,,,,,,,,,,,,
Waystones,Waystone (Tier 6),70,NMR,1,1,,,,defa,,,,,,,,,,,,,,,,,,,
Waystones,Waystone (Tier 7),71,NMR,1,1,,,,defa,,,,,,,,,,,,,,,,,,,
Waystones,Waystone (Tier 8),72,NMR,1,1,,,,defa,,,,,,,,,,,,,,,,,,,
Waystones,Waystone (Tier 9),73,NMR,1,1,,,,defa,,,,,,,,,,,,,,,,,,,
Waystones,Waystone (Tier 10),74,NMR,1,1,,,,defa,,,,,,,,,,,,,,,,,,,
Waystones,Waystone (Tier 11),75,NMR,1,1,,,,defa,,,,,,,,,,,,,,,,,,,
Waystones,Waystone (Tier 12),76,NMR,1,1,,,,defa,,,,,,,,,,,,,,,,,,,
Waystones,Waystone (Tier 13),77,NMR,1,1,,,,defa,,,,,,,,,,,,,,,,,,,
Waystones,Waystone (Tier 14),78,NMR,1,1,,,,defa,,,,,,,,,,,,,,,,,,,
Waystones,Waystone (Tier 15),79,NMR,1,1,,,,defa,,,,,,,,,,,,,,,,,,,
Waystones,Waystone (Tier 16),80,NMR,1,1,,,,defa,,,,,,,,,,,,,,,,,,,
Tablet,Breach Tablet,65,NMRU,1,1,,,,MiscMap,,5,,,,,,,,,Adds an Otherworldy Breach to a Map \n10 uses remaining,,,,,,,,
Tablet,Delirium Tablet,65,NMRU,1,1,,,,MiscMap,,5,,,,,,,,,Adds a Mirror of Delirium to a Map \n10 uses remaining,,,,,,,,
Tablet,Overseer Tablet,65,NMRU,1,1,,,,MiscMap,,5,,,,,,,,,Empowers the Map Boss of a Map \n10 uses remaining,,,,,,,,
Tablet,Ritual Tablet,65,NMRU,1,1,,,,MiscMap,,5,,,,,,,,,Adds Ritual Altars to a Map \n10 uses remaining,,,,,,,,
Tablet,Irradiated Tablet,65,NMRU,1,1,,,,disa,,5,,,,,,,,,Adds Irradiated to a Map \n10 uses remaining,,,,,,,,
Tablet,Abyss Tablet,65,NMRU,1,1,,,,MiscMap,,5,,,,,,,,,Adds Abysses to a Map \n10 uses remaining,,,,,,,,
Tablet,Temple Tablet,65,NMRU,1,1,,,,MiscMap,,5,,,,,,,,,Adds Vaal Beacons to a Map \n10 uses remaining,,,,,,,,
Expedition Logbook,Expedition Logbook,65,N,1,1,,,,MiscMap,,5,,,,,,,,,,,,,,,,,
Inscribed Ultimatum,Inscribed Ultimatum,39,NM,1,1,,,,MiscMap,,5,,,,,,,,,,,,,,,,,
Skill Gems,Spark,1,,1,1,,,,disa,,5,,,,,,,,,,,,,,,,,
Support Gems,Chain I,1,,1,1,,,,disa,,5,,,,,,,,,,,,,,,,,
Trial Coins,Djinn Barya,24,,1,1,,,,MiscMap,,5,,,,,,,,,,,,,,,,,
Trial Coins,Test of Strength Barya,65,,1,1,,,,nonDrop,,3,,,,,,,,,,,,,,,,,
Trial Coins,Test of Will Barya,65,,1,1,,,,nonDrop,,3,,,,,,,,,,,,,,,,,
Trial Coins,Test of Cunning Barya,65,,1,1,,,,nonDrop,,3,,,,,,,,,,,,,,,,,
Trial Coins,Test of Time Barya,65,,1,1,,,,nonDrop,,3,,,,,,,,,,,,,,,,,
Relics,Urn Relic,1,NM,2,1,,,,MiscMap,,5,,,,,,,,,,,,,,,,,
Relics,Amphora Relic,1,NMU,3,1,,,,MiscMap,,5,,,,,,,,,,,,,,,,,
Relics,Vase Relic,65,NMU,4,1,,,,MiscMap,,5,,,,,,,,,,,,,,,,,
Relics,Seal Relic,1,NMU,1,2,,,,MiscMap,,5,,,,,,,,,,,,,,,,,
Relics,Coffer Relic,78,NMU,2,2,,,,MiscMap,,5,,,,,,,,,,,,,,,,,
Relics,Tapestry Relic,1,NMU,1,3,,,,MiscMap,,5,,,,,,,,,,,,,,,,,
Relics,Incense Relic,65,NMU,1,4,,,,MiscMap,,5,,,,,,,,,,,,,,,,,
Quest Items,Head of the Winter Wolf,1,,2,2,,,,defa,,,,,,,,,,,,,,,,,,,
Jewels,Ruby,20,NMRU,1,1,,,,defa,,,,,,,,,,,,,,,,,,,
Jewels,Emerald,20,NMRU,1,1,,,,defa,,,,,,,,,,,,,,,,,,,
Jewels,Sapphire,20,NMRU,1,1,,,,defa,,,,,,,,,,,,,,,,,,,
Jewels,Diamond,20,NMRU,1,1,,,,defa,,,,,,,,,,,,,,,,,,,
Jewels,Time-Lost Ruby,20,NMR,1,1,,,,defa,,,,,,,,,,,,,,,,,,,
Jewels,Time-Lost Emerald,20,NMR,1,1,,,,defa,,,,,,,,,,,,,,,,,,,
Jewels,Time-Lost Sapphire,20,NMR,1,1,,,,defa,,,,,,,,,,,,,,,,,,,
Jewels,Time-Lost Diamond,20,NMRU,1,1,,,,defa,,,,,,,,,,,,,,,,,,,
Jewels,Timeless Jewel,20,U,1,1,,,,nonDrop,,,,,,,,,,,,,,,,,,,
Life Flasks,Lesser Life Flask,1,NM,2,1,,,,defa,,,,,,,,,,,Recovers 50 Life over 3 seconds,,,,,,,,
Life Flasks,Medium Life Flask,4,NM,2,1,,,,defa,,,,,,,,,,,Recovers 90 Life over 5 seconds,,,,,,,,
Life Flasks,Greater Life Flask,10,NM,2,1,,,,defa,,,,,,,,,,,Recovers 150 Life over 4 seconds,,,,,,,,
Life Flasks,Grand Life Flask,16,NM,2,1,,,,defa,,,,,,,,,,,Recovers 260 Life over 5 seconds,,,,,,,,
Life Flasks,Giant Life Flask,23,NM,2,1,,,,defa,,,,,,,,,,,Recovers 340 Life over 4 seconds,,,,,,,,
Life Flasks,Colossal Life Flask,30,NM,2,1,,,,defa,,,,,,,,,,,Recovers 450 Life over 4 seconds,,,,,,,,
Life Flasks,Gargantuan Life Flask,40,NM,2,1,,,,defa,,,,,,,,,,,Recovers 710 Life over 5 seconds,,,,,,,,
Life Flasks,Transcendent Life Flask,50,NM,2,1,,,,defa,,,,,,,,,,,Recovers 840 Life over 4 seconds,,,,,,,,
Life Flasks,Ultimate Life Flask,60,NMU,2,1,,,,defa,,,,,,,,,,,Recovers 920 Life over 3 seconds,,,,,,,,
Mana Flasks,Lesser Mana Flask,1,NM,2,1,,,,defa,,,,,,,,,,,Recovers 50 Mana over 2 seconds,,,,,,,,
Mana Flasks,Medium Mana Flask,4,NM,2,1,,,,defa,,,,,,,,,,,Recovers 70 Mana over 3 seconds,,,,,,,,
Mana Flasks,Greater Mana Flask,10,NM,2,1,,,,defa,,,,,,,,,,,Recovers 90 Mana over 2.5 seconds,,,,,,,,
Mana Flasks,Grand Mana Flask,16,NM,2,1,,,,defa,,,,,,,,,,,Recovers 110 Mana over 2.5 seconds,,,,,,,,
Mana Flasks,Giant Mana Flask,23,NM,2,1,,,,defa,,,,,,,,,,,Recovers 165 Mana over 3.5 seconds,,,,,,,,
Mana Flasks,Colossal Mana Flask,30,NM,2,1,,,,defa,,,,,,,,,,,Recovers 165 Mana over 2.5 seconds,,,,,,,,
Mana Flasks,Gargantuan Mana Flask,40,NM,2,1,,,,defa,,,,,,,,,,,Recovers 185 Mana over 2 seconds,,,,,,,,
Mana Flasks,Transcendent Mana Flask,50,NM,2,1,,,,defa,,,,,,,,,,,Recovers 285 Mana over 3.5 seconds,,,,,,,,
Mana Flasks,Ultimate Mana Flask,60,NMU,2,1,,,,defa,,,,,,,,,,,Recovers 310 Mana over 3 seconds,,,,,,,,
Charms,Ruby Charm,5,NM,1,1,,,,defa,,,,,,,,,,,Used when you take [Fire] damage from a Hit,Used when you take Fire damage from a Hit,,,,,,,
Charms,Sapphire Charm,5,NM,1,1,,,,defa,,,,,,,,,,,Used when you take [Cold] damage from a Hit,Used when you take Cold damage from a Hit,,,,,,,
Charms,Topaz Charm,5,NM,1,1,,,,defa,,,,,,,,,,,Used when you take [Lightning] damage from a Hit,Used when you take Lightning damage from a Hit,,,,,,,
Charms,Stone Charm,8,NM,1,1,,,,defa,,,,,,,,,,,Used when you become Stunned,Used when you become Stunned,,,,,,,
Charms,Silver Charm,10,NM,1,1,,,,defa,,,,,,,,,,,Used when you are affected by a [Slow],Used when you are affected by a Slow,,,,,,,
Charms,Thawing Charm,12,NM,1,1,,,,defa,,,,,,,,,,,Used when you become [Frozen],Used when you become Frozen,,,,,,,
Charms,Staunching Charm,18,NM,1,1,,,,defa,,,,,,,,,,,Used when you start [Bleeding],Used when you start Bleeding,,,,,,,
Charms,Antidote Charm,24,NM,1,1,,,,defa,,,,,,,,,,,Used when you become Poisoned,Used when you become Poisoned,,,,,,,
Charms,Dousing Charm,32,NM,1,1,,,,defa,,,,,,,,,,,Used when you become Ignited,Used when you become Ignited,,,,,,,
Charms,Grounding Charm,32,NM,1,1,,,,defa,,,,,,,,,,,Used when you become Shocked,Used when you become Shocked,,,,,,,
Charms,Amethyst Charm,40,NM,1,1,,,,defa,,,,,,,,,,,Used when you take [Chaos] damage from a Hit,Used when you take Chaos damage from a Hit,,,,,,,
Charms,Golden Charm,50,NMU,1,1,,,,defa,,,,,,,,,,,Used when you kill a Rare or Unique enemy,Used when you kill a Rare or Unique Enemy,,,,,,,
Amulets,Crimson Amulet,1,NMRU,1,1,,,,defa,,,,,,,,,,,2-4 Life Regeneration per second,,,,,,,,
Amulets,Azure Amulet,1,NMRU,1,1,,,,defa,,,,,,,,,,,20-30% increased Mana Regeneration Rate,,,,,,,,
Amulets,Amber Amulet,8,NMRU,1,1,,,,defa,,,,,,,,,,,+10-15 to Strength,,,,,,,,
Amulets,Jade Amulet,8,NMRU,1,1,,,,defa,,,,,,,,,,,+10-15 to Dexterity,,,,,,,,
Amulets,Lapis Amulet,8,NMRU,1,1,,,,defa,,,,,,,,,,,+10-15 to Intelligence,,,,,,,,
Amulets,Lunar Amulet,14,NMRU,1,1,,,,defa,,,,,,,,,,,+20-30 to maximum Energy Shield,,,,,,,,
Amulets,Bloodstone Amulet,18,NMRU,1,1,,,,defa,,,,,,,,,,,+30-40 to maximum Life,,,,,,,,
Amulets,Stellar Amulet,25,NMRU,1,1,,,,defa,,,,,,,,,,,+5-7 to all Attributes,,,,,,,,
Amulets,Solar Amulet,30,NMRU,1,1,,,,defa,,,,,,,,,,,+10-15 to Spirit,,,,,,,,
Amulets,Gold Amulet,35,NMRU,1,1,,,,defa,,,,,,,,,,,12-20% increased Rarity of Items found,,,,,,,,
Amulets,Dusk Amulet,1,NMR,1,1,,,,disa,,,,,,,,,,,+1 Prefix Modifier allowed\n-1 Suffix Modifier allowed,,,,,,,,
Amulets,Gloam Amulet,1,NMR,1,1,,,,disa,,,,,,,,,,,-1 Prefix Modifier allowed\n+1 Suffix Modifier allowed,,,,,,,,
Amulets,Penumbra Amulet,1,NMR,1,1,,,,disa,,,,,,,,,,,+2 Prefix Modifiers allowed\n-2 Suffix Modifiers allowed,,,,,,,,
Amulets,Tenebrous Amulet,1,NMR,1,1,,,,disa,,,,,,,,,,,-2 Prefix Modifiers allowed\n+2 Suffix Modifiers allowed,,,,,,,,
Amulets,Pearlescent Amulet,8,NMR,1,1,,,,disa,,,,,,,,,,,+7-10% to all Elemental [Resistances],,,,,,,,
Rings,Iron Ring,1,NMRU,1,1,,,,defa,,,,,,,,,,,Adds 1 to 4 Physical Damage to Attacks,,,,,,,,
Rings,Lazuli Ring,1,NMRU,1,1,,,,defa,,,,,,,,,,,+20-30 to maximum Mana,,,,,,,,
Rings,Ruby Ring,8,NMRU,1,1,,,,defa,,,,,,,,,,,+20-30% to Fire Resistance,,,,,,,,
Rings,Sapphire Ring,12,NMRU,1,1,,,,defa,,,,,,,,,,,+20-30% to Cold Resistance,,,,,,,,
Rings,Topaz Ring,16,NMRU,1,1,,,,defa,,,,,,,,,,,+20-30% to Lightning Resistance,,,,,,,,
Rings,Amethyst Ring,20,NMRU,1,1,,,,defa,,,,,,,,,,,+7-13% to Chaos Resistance,,,,,,,,
Rings,Emerald Ring,26,NMRU,1,1,,,,defa,,,,,,,,,,,+120-160 to Accuracy Rating,,,,,,,,
Rings,Pearl Ring,32,NMRU,1,1,,,,defa,,,,,,,,,,,7-10% increased Cast Speed,,,,,,,,
Rings,Prismatic Ring,35,NMR,1,1,,,,defa,,,,,,,,,,,+7-10% to all Elemental [Resistances],,,,,,,,
Rings,Gold Ring,40,NMRU,1,1,,,,defa,,,,,,,,,,,6-15% increased Rarity of Items found,,,,,,,,
Rings,Unset Ring,44,NMR,1,1,,,,defa,,,,,,,,,,,Grants 1 additional Skill Slot,,,,,,,,
Rings,Ring,1,U,1,1,,,,disa,,,,,,,,,,,,,,,,,,,
Rings,Abyssal Signet,40,NMR,1,1,,,,disa,,,,,,,,,,,Inflict Abyssal Wasting on Hit,,,,,,,,
Rings,Breach Ring,40,NMR,1,1,,,,defa,,,,,,,,,,,+20% to Maximum [Quality],,,,,,,,
Rings,Refined Breach Ring,40,NMR,1,1,,,,nonDrop,,,,,,,,,,,+25% to Maximum [Quality],,,,,,,,
Rings,Dusk Ring,1,NMR,1,1,,,,disa,,,,,,,,,,,+1 Prefix Modifier allowed\n-1 Suffix Modifier allowed,,,,,,,,
Rings,Gloam Ring,1,NMR,1,1,,,,disa,,,,,,,,,,,-1 Prefix Modifier allowed\n+1 Suffix Modifier allowed,,,,,,,,
Rings,Penumbra Ring,1,NMR,1,1,,,,disa,,,,,,,,,,,+2 Prefix Modifiers allowed\n-2 Suffix Modifiers allowed,,,,,,,,
Rings,Tenebrous Ring,1,NMR,1,1,,,,disa,,,,,,,,,,,-2 Prefix Modifiers allowed\n+2 Suffix Modifiers allowed,,,,,,,,
Belts,Rawhide Belt,1,NMRU,1,2,,,,defa,,,,,,,,,,,20-30% increased Life Recovery from Flasks,,,,,,,,
Belts,Linen Belt,1,NMRU,1,2,,,,defa,,,,,,,,,,,20-30% increased Mana Recovery from Flasks,,,,,,,,
Belts,Wide Belt,14,NMRU,1,2,,,,defa,,,,,,,,,,,20-30% increased Flask Charges gained,,,,,,,,
Belts,Long Belt,20,NMRU,1,2,,,,defa,,,,,,,,,,,15-20% increased [Charm] Effect Duration,,,,,,,,
Belts,Plate Belt,25,NMRU,1,2,,,,defa,,,,,,,,,,,+140-180 to [Armour],,,,,,,,
Belts,Ornate Belt,31,NMRU,1,2,,,,defa,,,,,,,,,,,15-10% reduced [Charm] Charges used,,,,,,,,
Belts,Mail Belt,40,NMRU,1,2,,,,defa,,,,,,,,,,,15-10% reduced Flask Charges used,,,,,,,,
Belts,Double Belt,44,NMR,1,2,,,,defa,,,,,,,,,,,20-30% increased [Charm] Charges gained,,,,,,,,
Belts,Heavy Belt,50,NMRU,1,2,,,,defa,,,,,,,,,,,20-30% increased Stun Threshold,,,,,,,,
Belts,Utility Belt,55,NMRU,1,2,,,,defa,,,,,,,,,,,20% of Flask Recovery applied Instantly,,,,,,,,
Belts,Fine Belt,62,NMRU,1,2,,,,defa,,,,,,,,,,,Flasks gain 0.17 charges per Second,,,,,,,,
Helmets,Rusted Greathelm,1,NMRU,2,2,,,,defa,,,,,,,,,,,,,29,29,,,,,
Helmets,Soldier Greathelm,12,NMRU,2,2,,,,defa,,,23,,,,,,,,,,66,66,,,,,
Helmets,Wrapped Greathelm,16,NMRU,2,2,,,,defa,,,30,,,,,,,,,,79,79,,,,,
Helmets,Spired Greathelm,27,NMRU,2,2,,,,defa,,,50,,,,,,,,,,116,116,,,,,
Helmets,Elite Greathelm,33,NMRU,2,2,,,,defa,,,61,,,,,,,,,,136,136,,,,,
Helmets,Warrior Greathelm,36,NMRU,2,2,,,,defa,,,66,,,,,,,,,,146,146,,,,,
Helmets,Commander Greathelm,45,NMR,2,2,,,,defa,,,83,,,,,,,,,,176,176,,,,,
Helmets,Fierce Greathelm,51,NMR,2,2,,,,defa,,,94,,,,,,,,,,196,196,,,,,
Helmets,Sentinel Greathelm,52,NMR,2,2,,,,disa,,,95,,,,,,,,,,200,200,,,,,
Helmets,Goliath Greathelm,57,NMR,2,2,,,,disa,,,104,,,,,,,,,,216,216,,,,,
Helmets,Guardian Greathelm,65,NMR,2,2,,,,disa,,,118,,,,,,,,,,243,243,,,,,
Helmets,Shabby Hood,1,NMRU,2,2,,,,defa,,,,,,,,,,,,,,,19,19,,,
Helmets,Felt Cap,10,NMRU,2,2,,,,defa,,,,20,,,,,,,,,,,48,48,,,
Helmets,Lace Hood,16,NMRU,2,2,,,,defa,,,,30,,,,,,,,,,,67,67,,,
Helmets,Swathed Cap,26,NMR,2,2,,,,defa,,,,49,,,,,,,,,,,98,98,,,
Helmets,Hunter Hood,33,NMRU,2,2,,,,defa,,,,61,,,,,,,,,,,121,121,,,
Helmets,Viper Cap,38,NMRU,2,2,,,,defa,,,,70,,,,,,,,,,,136,136,,,
Helmets,Corsair Cap,45,NMR,2,2,,,,defa,,,,83,,,,,,,,,,,158,158,,,
Helmets,Leatherbound Hood,50,NMR,2,2,,,,defa,,,,94,,,,,,,,,,,177,177,,,
Helmets,Velvet Cap,52,NMR,2,2,,,,disa,,,,95,,,,,,,,,,,181,181,,,
Helmets,Covert Hood,56,NMRU,2,2,,,,disa,,,,102,,,,,,,,,,,193,193,,,
Helmets,Armoured Cap,65,NMRU,2,2,,,,disa,,,,118,,,,,,,,,,,222,222,,,
Helmets,Twig Circlet,1,NMRU,2,2,,,,defa,,,,,,,,,,,,,,,,,19,19,
Helmets,Wicker Tiara,10,NMRU,2,2,,,,defa,,,,,20,,,,,,,,,,,,28,28,
Helmets,Beaded Circlet,16,NMRU,2,2,,,,defa,,,,,30,,,,,,,,,,,,34,34,
Helmets,Chain Tiara,26,NMRU,2,2,,,,defa,,,,,49,,,,,,,,,,,,44,44,
Helmets,Feathered Tiara,33,NMRU,2,2,,,,defa,,,,,61,,,,,,,,,,,,51,51,
Helmets,Gold Circlet,40,NMRU,2,2,,,,defa,,,,,74,,,,,,,,,,,,58,58,
Helmets,Jade Tiara,50,NMR,2,2,,,,defa,,,,,92,,,,,,,,,,,,69,69,
Helmets,Noble Circlet,52,NMR,2,2,,,,disa,,,,,95,,,,,,,,,,,,71,71,
Helmets,Twilight Tiara,58,NMR,2,2,,,,disa,,,,,106,,,,,,,,,,,,77,77,
Helmets,Magus Tiara,65,NMR,2,2,,,,disa,,,,,118,,,,,,,,,,,,84,84,
Helmets,Brimmed Helm,5,NMRU,2,2,,,,defa,,,7,7,,,,,,,,,23,23,18,18,,,
Helmets,Guarded Helm,11,NMRU,2,2,,,,defa,,,13,13,,,,,,,,,34,34,28,28,,,
Helmets,Visored Helm,16,NMRU,2,2,,,,defa,,,18,18,,,,,,,,,44,44,37,37,,,
Helmets,Cowled Helm,26,NMRU,2,2,,,,defa,,,27,27,,,,,,,,,62,62,54,54,,,
Helmets,Shielded Helm,33,NMRU,2,2,,,,defa,,,34,34,,,,,,,,,75,75,66,66,,,
Helmets,Closed Helm,45,NMRU,2,2,,,,defa,,,46,46,,,,,,,,,97,97,87,87,,,
Helmets,Decorated Helm,52,NMR,2,2,,,,disa,,,53,53,,,,,,,,,110,110,88,88,,,
Helmets,Gallant Helm,65,NMR,2,2,,,,disa,,,65,65,,,,,,,,,134,134,122,122,,,
Helmets,Iron Crown,5,NMRU,2,2,,,,defa,,,7,,7,,,,,,,,23,23,,,12,12,
Helmets,Horned Crown,10,NMRU,2,2,,,,defa,,,12,,12,,,,,,,,33,33,,,15,15,
Helmets,Cultist Crown,16,NMRU,2,2,,,,defa,,,18,,18,,,,,,,,44,44,,,19,19,
Helmets,Martyr Crown,28,NMRU,2,2,,,,defa,,,30,,30,,,,,,,,66,66,,,25,25,
Helmets,Heavy Crown,33,NMRU,2,2,,,,defa,,,34,,34,,,,,,,,75,75,,,28,28,
Helmets,Spiritbone Crown,45,NMRU,2,2,,,,defa,,,46,,46,,,,,,,,97,97,,,35,35,
Helmets,Lavish Crown,52,NMR,2,2,,,,disa,,,53,,53,,,,,,,,110,110,,,39,39,
Helmets,Archon Crown,65,NMR,2,2,,,,disa,,,65,,65,,,,,,,,134,134,,,46,46,
Helmets,Hewn Mask,5,NMRU,2,2,,,,defa,,,,7,7,,,,,,,,,,18,18,12,12,
Helmets,Face Mask,10,NMRU,2,2,,,,defa,,,,12,12,,,,,,,,,,26,26,15,15,
Helmets,Hooded Mask,16,NMRU,2,2,,,,defa,,,,18,18,,,,,,,,,,37,37,19,19,
Helmets,Veiled Mask,28,NMRU,2,2,,,,defa,,,,30,30,,,,,,,,,,58,58,25,25,
Helmets,Tribal Mask,33,NMRU,2,2,,,,defa,,,,34,34,,,,,,,,,,66,66,28,28,
Helmets,Solid Mask,45,NMRU,2,2,,,,defa,,,,46,46,,,,,,,,,,87,87,35,35,
Helmets,Shaded Mask,52,NMR,2,2,,,,disa,,,,53,53,,,,,,,,,,88,88,39,39,
Helmets,Death Mask,65,NMRU,2,2,,,,disa,,,,65,65,,,,,,,,,,122,122,46,46,
Helmets,Grand Visage,65,NMRU,2,2,,,,disa,,,46,46,46,,,,,,,,88,88,80,80,30,30,
Helmets,Elegant Greathelm,54,NMR,2,2,,,,defa,,,101,,,,,,,,,,210,210,,,,,
Helmets,Noble Greathelm,59,NMR,2,2,,,,defa,,,108,,,,,,,,,,223,223,,,,,
Helmets,Vermeil Circlet,45,NMR,2,2,,,,defa,,,,,,,,,,,,,,,,,88,88,
Helmets,Wrapped Cap,54,NMR,2,2,,,,defa,,,,101,,,,,,,,,,,190,190,,,
Helmets,Deerstalker Hood,59,NMR,2,2,,,,defa,,,,108,,,,,,,,,,,203,203,,,
Helmets,Sandsworn Tiara,54,NMR,2,2,,,,defa,,,,,101,,,,,,,,,,,,74,74,
Helmets,Jungle Tiara,59,NMR,2,2,,,,defa,,,,,108,,,,,,,,,,,,78,78,
Helmets,Imperial Greathelm,80,NMR,2,2,,,,defa,,,115,,,,,,,,,,316,316,,,,,
Helmets,Freebooter Cap,80,NMR,2,2,,,,defa,,,,115,,,,,,,,,,,288,288,,,
Helmets,Ancestral Tiara,80,NMR,2,2,,,,defa,,,,,115,,,,,,,,,,,,109,109,
Helmets,Cabalist Helm,54,NMR,2,2,,,,defa,,,55,55,,,,,,,,,115,115,105,105,,,
Helmets,Cassis Helm,59,NMR,2,2,,,,defa,,,46,46,,,,,,,,,123,123,111,111,,,
Helmets,Gladiatorial Helm,80,NMR,2,2,,,,defa,,,63,63,,,,,,,,,174,174,159,159,,,
Helmets,Cryptic Crown,80,NMR,2,2,,,,defa,,,,63,63,,,,,,,,174,174,,,60,60,
Helmets,Grinning Mask,80,NMR,2,2,,,,defa,,,63,,63,,,,,,,,,,159,159,60,60,
Helmets,Hallowed Crown,54,NMR,2,2,,,,defa,,,55,,55,,,,,,,,115,115,,,41,41,
Helmets,Inquisitor Crown,59,NMR,2,2,,,,defa,,,59,,59,,,,,,,,123,123,,,43,43,
Helmets,Pariah Mask,54,NMR,2,2,,,,defa,,,,55,55,,,,,,,,,,105,105,41,41,
Helmets,Avian Mask,59,NMR,2,2,,,,defa,,,,59,59,,,,,,,,,,111,111,43,43,
Helmets,Warmonger Greathelm,65,NMR,2,2,,,,defa,,,118,,,,,,,,,,243,243,,,,,
Helmets,Masked Greathelm,70,NMR,2,2,,,,defa,,,129,,,,,,,,,,267,267,,,,,
Helmets,Paragon Greathelm,75,NMR,2,2,,,,defa,,,139,,,,,,,,,,292,292,,,,,
Helmets,Woven Cap,65,NMR,2,2,,,,defa,,,,118,,,,,,,,,,,222,222,,,
Helmets,Desert Cap,70,NMR,2,2,,,,defa,,,,129,,,,,,,,,,,244,244,,,
Helmets,Trapper Hood,75,NMR,2,2,,,,defa,,,,139,,,,,,,,,,,266,266,,,
Helmets,Skycrown Tiara,65,NMR,2,2,,,,defa,,,,,118,,,,,,,,,,,,84,84,
Helmets,Sorcerous Tiara,70,NMR,2,2,,,,defa,,,,,129,,,,,,,,,,,,92,92,
Helmets,Kamasan Tiara,75,NMR,2,2,,,,defa,,,,,139,,,,,,,,,,,,101,101,
Helmets,Warded Helm,65,NMR,2,2,,,,defa,,,65,65,,,,,,,,,134,134,122,122,,,
Helmets,Cryptic Helm,70,NMR,2,2,,,,defa,,,70,70,,,,,,,,,147,147,134,134,,,
Helmets,Champion Helm,75,NMR,2,2,,,,defa,,,76,76,,,,,,,,,160,160,146,146,,,
Helmets,Druidic Crown,65,NMR,2,2,,,,defa,,,65,,65,,,,,,,,134,134,,,46,46,
Helmets,Saintly Crown,70,NMR,2,2,,,,defa,,,70,,70,,,,,,,,147,147,,,51,51,
Helmets,Divine Crown,75,NMR,2,2,,,,defa,,,76,,76,,,,,,,,160,160,,,55,55,
Helmets,Brigand Mask,65,NMR,2,2,,,,defa,,,,65,65,,,,,,,,,,122,122,46,46,
Helmets,Faridun Mask,70,NMR,2,2,,,,defa,,,,70,70,,,,,,,,,,134,134,51,51,
Helmets,Soaring Mask,75,NMR,2,2,,,,defa,,,,76,76,,,,,,,,,,148,148,55,55,
Gloves,Stocky Mitts,1,NMR,2,2,,,,defa,,,,,,,,,,,,,15,15,,,,,
Gloves,Riveted Mitts,11,NMRU,2,2,,,,defa,,,19,,,,,,,,,,31,31,,,,,
Gloves,Tempered Mitts,16,NMRU,2,2,,,,defa,,,27,,,,,,,,,,40,40,,,,,
Gloves,Bolstered Mitts,27,NMR,2,2,,,,defa,,,44,,,,,,,,,,58,58,,,,,
Gloves,Moulded Mitts,33,NMRU,2,2,,,,defa,,,53,,,,,,,,,,68,68,,,,,
Gloves,Detailed Mitts,45,NMR,2,2,,,,defa,,,73,,,,,,,,,,88,88,,,,,
Gloves,Titan Mitts,52,NMR,2,2,,,,disa,,,83,,,,,,,,,,100,100,,,,,
Gloves,Grand Mitts,65,NMR,2,2,,,,disa,,,104,,,,,,,,,,122,122,,,,,
Gloves,Suede Bracers,1,NMRU,2,2,,,,defa,,,,,,,,,,,,,,,10,10,,,
Gloves,Firm Bracers,11,NMRU,2,2,,,,defa,,,,19,,,,,,,,,,,26,26,,,
Gloves,Bound Bracers,16,NMR,2,2,,,,defa,,,,27,,,,,,,,,,,33,33,,,
Gloves,Sectioned Bracers,28,NMRU,2,2,,,,defa,,,,46,,,,,,,,,,,52,52,,,
Gloves,Spined Bracers,33,NMRU,2,2,,,,defa,,,,53,,,,,,,,,,,60,60,,,
Gloves,Fine Bracers,45,NMRU,2,2,,,,defa,,,,73,,,,,,,,,,,79,79,,,
Gloves,Hardened Bracers,52,NMR,2,2,,,,disa,,,,83,,,,,,,,,,,90,90,,,
Gloves,Engraved Bracers,65,NMR,2,2,,,,disa,,,,104,,,,,,,,,,,111,111,,,
Gloves,Torn Gloves,1,NMRU,2,2,,,,defa,,,,,,,,,,,,,,,,,9,9,
Gloves,Sombre Gloves,12,NMRU,2,2,,,,defa,,,,,20,,,,,,,,,,,,15,15,
Gloves,Stitched Gloves,16,NMRU,2,2,,,,defa,,,,,27,,,,,,,,,,,,17,17,
Gloves,Jewelled Gloves,26,NMRU,2,2,,,,defa,,,,,43,,,,,,,,,,,,22,22,
Gloves,Intricate Gloves,33,NMRU,2,2,,,,defa,,,,,53,,,,,,,,,,,,26,26,
Gloves,Pauascale Gloves,45,NMR,2,2,,,,defa,,,,,73,,,,,,,,,,,,32,32,
Gloves,Embroidered Gloves,52,U,2,2,,,,defa,,,,,83,,,,,,,,,,,,35,35,
Gloves,Adorned Gloves,65,NMR,2,2,,,,disa,,,,,104,,,,,,,,,,,,42,42,
Gloves,Ringmail Gauntlets,6,NMRU,2,2,,,,defa,,,7,7,,,,,,,,,13,13,10,10,,,
Gloves,Layered Gauntlets,16,NMRU,2,2,,,,defa,,,15,15,,,,,,,,,22,22,18,18,,,
Gloves,Doubled Gauntlets,33,NMRU,2,2,,,,defa,,,30,30,,,,,,,,,37,37,33,33,,,
Gloves,Plate Gauntlets,45,NMR,2,2,,,,defa,,,40,40,,,,,,,,,48,48,44,44,,,
Gloves,Burnished Gauntlets,52,NMRU,2,2,,,,disa,,,46,46,,,,,,,,,55,55,50,50,,,
Gloves,Ornate Gauntlets,65,NMR,2,2,,,,disa,,,57,57,,,,,,,,,67,67,61,61,,,
Gloves,Rope Cuffs,5,NMRU,2,2,,,,defa,,,6,,6,,,,,,,,12,12,,,6,6,
Gloves,Aged Cuffs,16,NMRU,2,2,,,,defa,,,15,,15,,,,,,,,22,22,,,9,9,
Gloves,Goldcast Cuffs,33,NMRU,2,2,,,,defa,,,30,,30,,,,,,,,37,37,,,14,14,
Gloves,Righteous Cuffs,52,NMR,2,2,,,,disa,,,46,,46,,,,,,,,55,55,,,19,19,
Gloves,Signet Cuffs,65,NMR,2,2,,,,disa,,,57,,57,,,,,,,,67,67,,,23,23,
Gloves,Gauze Wraps,4,NMRU,2,2,,,,defa,,,,6,6,,,,,,,,,,8,8,6,6,
Gloves,Linen Wraps,16,NMRU,2,2,,,,defa,,,,15,15,,,,,,,,,,18,18,9,9,
Gloves,Spiral Wraps,33,NMR,2,2,,,,defa,,,,30,30,,,,,,,,,,33,33,14,14,
Gloves,Buckled Wraps,45,NMR,2,2,,,,defa,,,,40,40,,,,,,,,,,44,44,17,17,
Gloves,Furtive Wraps,52,NMRU,2,2,,,,disa,,,,46,46,,,,,,,,,,50,50,19,19,
Gloves,Utility Wraps,65,NMR,2,2,,,,disa,,,,57,57,,,,,,,,,,61,61,23,23,
Gloves,Grand Manchettes,65,NMRU,2,2,,,,disa,,,40,40,40,,,,,,,,44,44,40,40,15,15,
Gloves,Ancient Mitts,54,NMR,2,2,,,,defa,,,88,,,,,,,,,,105,105,,,,,
Gloves,Feathered Mitts,59,NMR,2,2,,,,defa,,,95,,,,,,,,,,111,111,,,,,
Gloves,Refined Bracers,54,NMR,2,2,,,,defa,,,,88,,,,,,,,,,,95,95,,,
Gloves,Spiked Bracers,59,NMR,2,2,,,,defa,,,,95,,,,,,,,,,,101,101,,,
Gloves,Kalguuran Cuffs,45,NMR,2,2,,,,defa,,,,,,,,,,,,,555,555,,,222,222,
Gloves,Baroque Gloves,54,NMR,2,2,,,,defa,,,,,88,,,,,,,,,,,,37,37,
Gloves,Gold Gloves,59,NMR,2,2,,,,defa,,,,,95,,,,,,,,,,,,39,39,
Gloves,Massive Mitts,80,NMR,2,2,,,,defa,,,101,,,,,,,,,,158,158,,,,,
Gloves,Polished Bracers,80,NMR,2,2,,,,defa,,,,101,,,,,,,,,,,144,144,,,
Gloves,Sirenscale Gloves,80,NMR,2,2,,,,defa,,,,,101,,,,,,,,,,,,54,54,
Gloves,Zealot Gauntlets,59,NMR,2,2,,,,defa,,,52,52,,,,,,,,,61,61,56,56,,,
Gloves,Ornate Cuffs,59,NMR,2,2,,,,defa,,,52,,52,,,,,,,,61,61,,,21,21,
Gloves,Adorned Wraps,59,NMR,2,2,,,,defa,,,,52,52,,,,,,,,,,56,56,21,21,
Gloves,Blacksteel Gauntlets,80,NMR,2,2,,,,defa,,,55,55,,,,,,,,,87,87,79,79,,,
Gloves,Adherent Cuffs,80,NMR,2,2,,,,defa,,,55,,55,,,,,,,,87,87,,,30,30,
Gloves,Secured Wraps,80,NMR,2,2,,,,defa,,,,55,55,,,,,,,,,,79,79,30,30,
Gloves,Knightly Mitts,65,NMR,2,2,,,,defa,,,104,,,,,,,,,,122,122,,,,,
Gloves,Ornate Mitts,70,NMR,2,2,,,,defa,,,113,,,,,,,,,,134,134,,,,,
Gloves,Vaal Mitts,75,NMR,2,2,,,,defa,,,122,,,,,,,,,,146,146,,,,,
Gloves,Stalking Bracers,65,NMR,2,2,,,,defa,,,,104,,,,,,,,,,,111,111,,,
Gloves,Grand Bracers,70,NMR,2,2,,,,defa,,,,113,,,,,,,,,,,122,122,,,
Gloves,Barbed Bracers,75,NMR,2,2,,,,defa,,,,122,,,,,,,,,,,133,133,,,
Gloves,Grim Gloves,65,NMR,2,2,,,,defa,,,,,104,,,,,,,,,,,,42,42,
Gloves,Opulent Gloves,70,NMR,2,2,,,,defa,,,,,113,,,,,,,,,,,,46,46,
Gloves,Vaal Gloves,75,NMR,2,2,,,,defa,,,,,122,,,,,,,,,,,,50,50,
Gloves,Steelmail Gauntlets,65,NMR,2,2,,,,defa,,,57,57,,,,,,,,,67,67,61,61,,,
Gloves,Commander Gauntlets,70,NMR,2,2,,,,defa,,,62,62,,,,,,,,,74,74,67,67,,,
Gloves,Cultist Gauntlets,75,NMR,2,2,,,,defa,,,67,67,,,,,,,,,80,80,73,73,,,
Gloves,Bound Cuffs,65,NMR,2,2,,,,defa,,,57,,57,,,,,,,,67,67,,,23,23,
Gloves,Ancient Cuffs,70,NMR,2,2,,,,defa,,,62,,62,,,,,,,,74,74,,,25,25,
Gloves,Gleaming Cuffs,75,NMR,2,2,,,,defa,,,67,,67,,,,,,,,80,80,,,28,28,
Gloves,War Wraps,65,NMR,2,2,,,,defa,,,,57,57,,,,,,,,,,61,61,23,23,
Gloves,Elegant Wraps,70,NMR,2,2,,,,defa,,,,62,62,,,,,,,,,,67,67,25,25,
Gloves,Vaal Wraps,75,NMR,2,2,,,,defa,,,,67,67,,,,,,,,,,73,73,28,28,
Boots,Rough Greaves,1,NMRU,2,2,,,,defa,,,,,,,,,,,,,22,22,,,,,
Boots,Iron Greaves,11,NMRU,2,2,,,,defa,,,20,,,,,,,,,,47,47,,,,,
Boots,Bronze Greaves,16,NMRU,2,2,,,,defa,,,29,,,,,,,,,,60,60,,,,,
Boots,Trimmed Greaves,27,NMRU,2,2,,,,defa,,,47,,,,,,,,,,87,87,,,,,
Boots,Stone Greaves,33,NMRU,2,2,,,,defa,,,57,,,,,,,,,,102,102,,,,,
Boots,Reefsteel Greaves,45,NMR,2,2,,,,defa,,,78,,,,,,,,,,132,132,,,,,
Boots,Monument Greaves,52,NMR,2,2,,,,disa,,,89,,,,,,,,,,150,150,,,,,
Boots,Totemic Greaves,65,NMR,2,2,,,,disa,,,111,,,,,,,,,,182,182,,,,,
Boots,Rawhide Boots,1,NMR,2,2,,,,defa,,,,,,,,,,,,,,,15,15,,,
Boots,Laced Boots,11,NMRU,2,2,,,,defa,,,,20,,,,,,,,,,,38,38,,,
Boots,Embossed Boots,16,NMRU,2,2,,,,defa,,,,29,,,,,,,,,,,50,50,,,
Boots,Steeltoe Boots,28,NMRU,2,2,,,,defa,,,,49,,,,,,,,,,,79,79,,,
Boots,Lizardscale Boots,33,NMRU,2,2,,,,defa,,,,57,,,,,,,,,,,90,90,,,
Boots,Flared Boots,45,NMR,2,2,,,,defa,,,,78,,,,,,,,,,,119,119,,,
Boots,Leatherplate Boots,52,NMR,2,2,,,,disa,,,,89,,,,,,,,,,,135,135,,,
Boots,Embroidered Boots,65,NMR,2,2,,,,disa,,,,111,,,,,,,,,,,166,166,,,
Boots,Straw Sandals,1,NMRU,2,2,,,,defa,,,,,,,,,,,,,,,,,14,14,
Boots,Wrapped Sandals,11,NMRU,2,2,,,,defa,,,,,20,,,,,,,,,,,,22,22,
Boots,Lattice Sandals,16,NMRU,2,2,,,,defa,,,,,29,,,,,,,,,,,,25,25,
Boots,Silk Slippers,27,NMRU,2,2,,,,defa,,,,,47,,,,,,,,,,,,34,34,
Boots,Feathered Sandals,33,NMRU,2,2,,,,defa,,,,,57,,,,,,,,,,,,38,38,
Boots,Flax Sandals,45,NMR,2,2,,,,defa,,,,,78,,,,,,,,,,,,48,48,
Boots,Studded Sandals,52,NMR,2,2,,,,disa,,,,,89,,,,,,,,,,,,53,53,
Boots,Elaborate Sandals,65,NMR,2,2,,,,disa,,,,,111,,,,,,,,,,,,63,63,
Boots,Mail Sabatons,6,NMRU,2,2,,,,defa,,,8,8,,,,,,,,,19,19,15,15,,,
Boots,Braced Sabatons,16,NMRU,2,2,,,,defa,,,17,17,,,,,,,,,33,33,28,28,,,
Boots,Stacked Sabatons,33,NMRU,2,2,,,,defa,,,32,32,,,,,,,,,56,56,50,50,,,
Boots,Covered Sabatons,45,NMR,2,2,,,,defa,,,43,43,,,,,,,,,73,73,65,65,,,
Boots,Flexile Sabatons,52,NMR,2,2,,,,disa,,,50,50,,,,,,,,,82,82,74,74,,,
Boots,Bold Sabatons,65,NMR,2,2,,,,disa,,,61,61,,,,,,,,,100,100,91,91,,,
Boots,Padded Leggings,5,NMR,2,2,,,,defa,,,7,,7,,,,,,,,18,18,,,9,9,
Boots,Secured Leggings,16,NMRU,2,2,,,,defa,,,17,,17,,,,,,,,33,33,,,14,14,
Boots,Pelt Leggings,33,NMR,2,2,,,,defa,,,32,,32,,,,,,,,56,56,,,21,21,
Boots,Weaver Leggings,45,NMR,2,2,,,,defa,,,43,,43,,,,,,,,73,73,,,26,26,
Boots,Gilt Leggings,52,NMR,2,2,,,,disa,,,50,,50,,,,,,,,82,82,,,29,29,
Boots,Pious Leggings,65,NMR,2,2,,,,disa,,,61,,61,,,,,,,,100,100,,,35,35,
Boots,Frayed Shoes,5,NMR,2,2,,,,defa,,,,7,7,,,,,,,,,,13,13,9,9,
Boots,Threaded Shoes,16,NMRU,2,2,,,,defa,,,,17,17,,,,,,,,,,28,28,14,14,
Boots,Hunting Shoes,33,NMRU,2,2,,,,defa,,,,32,32,,,,,,,,,,50,50,21,21,
Boots,Steelpoint Shoes,45,NMR,2,2,,,,defa,,,,43,43,,,,,,,,,,65,65,26,26,
Boots,Velour Shoes,52,NMRU,2,2,,,,disa,,,,50,50,,,,,,,,,,74,74,29,29,
Boots,Bladed Shoes,65,NMR,2,2,,,,disa,,,,61,61,,,,,,,,,,91,91,35,35,
Boots,Grand Cuisses,65,NMRU,2,2,,,,disa,,,43,43,43,,,,,,,,66,66,60,60,23,23,
Boots,Elegant Greaves,54,NMR,2,2,,,,defa,,,95,,,,,,,,,,157,157,,,,,
Boots,Carved Greaves,59,NMR,2,2,,,,defa,,,101,,,,,,,,,,167,167,,,,,
Boots,Studded Boots,54,NMR,2,2,,,,defa,,,,95,,,,,,,,,,,143,143,,,
Boots,Serpentscale Boots,59,NMR,2,2,,,,defa,,,,101,,,,,,,,,,,152,152,,,
Boots,Elegant Slippers,54,NMR,2,2,,,,defa,,,,,95,,,,,,,,,,,,55,55,
Boots,Dunerunner Sandals,59,NMR,2,2,,,,defa,,,,,101,,,,,,,,,,,,58,58,
Boots,Tasalian Greaves,80,NMR,2,2,,,,defa,,,108,,,,,,,,,,237,237,,,,,
Boots,Drakeskin Boots,80,NMR,2,2,,,,defa,,,,108,,,,,,,,,,,216,216,,,
Boots,Sekhema Sandals,80,NMR,2,2,,,,defa,,,,,108,,,,,,,,,,,,82,82,
Boots,Blacksteel Sabatons,80,NMR,2,2,,,,defa,,,59,59,,,,,,,,,130,130,119,119,,,
Boots,Cryptic Leggings,80,NMR,2,2,,,,defa,,,59,,59,,,,,,,,130,130,,,45,45,
Boots,Daggerfoot Shoes,80,NMR,2,2,,,,defa,,,,59,59,,,,,,,,,,119,119,45,45,
Boots,Bastion Sabatons,59,NMR,2,2,,,,defa,,,56,56,,,,,,,,,92,92,84,84,,,
Boots,Shamanistic Leggings,59,NMR,2,2,,,,defa,,,56,,56,,,,,,,,92,92,,,32,32,
Boots,Treerunner Shoes,59,NMR,2,2,,,,defa,,,,56,56,,,,,,,,,,84,84,32,32,
Boots,Bulwark Greaves,65,NMR,2,2,,,,defa,,,111,,,,,,,,,,182,182,,,,,
Boots,Ornate Greaves,70,NMR,2,2,,,,defa,,,121,,,,,,,,,,200,200,,,,,
Boots,Vaal Greaves,75,NMR,2,2,,,,defa,,,131,,,,,,,,,,219,219,,,,,
Boots,Cinched Boots,65,NMR,2,2,,,,defa,,,,111,,,,,,,,,,,166,166,,,
Boots,Cavalry Boots,70,NMR,2,2,,,,defa,,,,121,,,,,,,,,,,183,183,,,
Boots,Dragonscale Boots,75,NMR,2,2,,,,defa,,,,131,,,,,,,,,,,200,200,,,
Boots,Bound Sandals,65,NMR,2,2,,,,defa,,,,,111,,,,,,,,,,,,63,63,
Boots,Luxurious Slippers,70,NMR,2,2,,,,defa,,,,,121,,,,,,,,,,,,69,69,
Boots,Sandsworn Sandals,75,NMR,2,2,,,,defa,,,,,131,,,,,,,,,,,,75,75,
Boots,Veteran Sabatons,65,NMR,2,2,,,,defa,,,61,61,,,,,,,,,100,100,91,91,,,
Boots,Noble Sabatons,70,NMR,2,2,,,,defa,,,66,66,,,,,,,,,110,110,101,101,,,
Boots,Fortress Sabatons,75,NMR,2,2,,,,defa,,,71,71,,,,,,,,,120,120,110,110,,,
Boots,Faithful Leggings,65,NMR,2,2,,,,defa,,,61,,61,,,,,,,,100,100,,,35,35,
Boots,Apostle Leggings,70,NMR,2,2,,,,defa,,,66,,66,,,,,,,,110,110,,,38,38,
Boots,Warlock Leggings,75,NMR,2,2,,,,defa,,,71,,71,,,,,,,,120,120,,,42,42,
Boots,Wanderer Shoes,65,NMR,2,2,,,,defa,,,,61,61,,,,,,,,,,91,91,35,35,
Boots,Charmed Shoes,70,NMR,2,2,,,,defa,,,,66,66,,,,,,,,,,101,101,38,38,
Boots,Quickslip Shoes,75,NMR,2,2,,,,defa,,,,71,71,,,,,,,,,,110,110,42,42,
Body Armours,Rusted Cuirass,1,NMRU,3,2,,,,defa,,,,,,,,,,,,,45,45,,,,,
Body Armours,Fur Plate,4,NMRU,3,2,,,,defa,,,10,,,,,,,,,,60,60,,,,,
Body Armours,Iron Cuirass,11,NMRU,3,2,,,,defa,,,24,,,,,,,,,,96,96,,,,,
Body Armours,Raider Plate,16,NMRU,3,2,,,,defa,,,34,,,,,,,,,,121,121,,,,,
Body Armours,Maraketh Cuirass,20,NMRU,3,2,,,,defa,,,42,,,,,,,,,,141,141,,,,,
Body Armours,Steel Plate,27,NMRU,3,2,,,,defa,,,57,,,,,,,,,,177,177,,,,,
Body Armours,Full Plate,33,NMRU,3,2,,,,defa,,,68,,,,,,,,,,208,208,,,,,
Body Armours,Vaal Cuirass,37,NMRU,3,2,,,,defa,,,77,,,,,,,,,,228,228,,,,,
Body Armours,Juggernaut Plate,45,NMR,3,2,,,,defa,,,94,,,,,,,,,,269,269,,,,,
Body Armours,Chieftain Cuirass,50,NMR,3,2,,,,defa,,,104,,,,,,,,,,294,294,,,,,
Body Armours,Colosseum Plate,52,NMR,3,2,,,,disa,,,107,,,,,,,,,,304,304,,,,,
Body Armours,Champion Cuirass,58,NMRU,3,2,,,,disa,,,120,,,,,,,,,,335,335,,,,,
Body Armours,Glorious Plate,65,NMR,3,2,,,,disa,,,157,,,,,,,,,,534,534,,,,,
Body Armours,Conqueror Plate,68,NMRU,3,2,,,,disa,,,157,,,,,,,,30-40% increased Stun Threshold,,445,445,,,,,
Body Armours,Abyssal Cuirass,73,NMR,3,2,,,,disa,,,157,,,,,,,,Regenerate 1.5-2.5% of maximum Life per second,,445,445,,,,,
Body Armours,Leather Vest,1,NMRU,3,2,,,,defa,,,,,,,,,,,,,,,30,30,,,
Body Armours,Quilted Vest,4,NMRU,3,2,,,,defa,,,,10,,,,,,,,,,,44,44,,,
Body Armours,Pathfinder Coat,11,NMRU,3,2,,,,defa,,,,24,,,,,,,,,,,78,78,,,
Body Armours,Shrouded Vest,16,NMR,3,2,,,,defa,,,,34,,,,,,,,,,,102,102,,,
Body Armours,Rhoahide Coat,22,NMRU,3,2,,,,defa,,,,47,,,,,,,,,,,131,131,,,
Body Armours,Studded Vest,26,NMRU,3,2,,,,defa,,,,55,,,,,,,,,,,150,150,,,
Body Armours,Scout's Vest,33,NMRU,3,2,,,,defa,,,,68,,,,,,,,,,,184,184,,,
Body Armours,Serpentscale Coat,36,NMRU,3,2,,,,defa,,,,75,,,,,,,,,,,198,198,,,
Body Armours,Corsair Vest,45,NMR,3,2,,,,defa,,,,94,,,,,,,,,,,242,242,,,
Body Armours,Smuggler Coat,51,NMRU,3,2,,,,defa,,,,88,,,,,,,,,,,256,256,,,
Body Armours,Strider Vest,52,NMR,3,2,,,,disa,,,,107,,,,,,,,,,,275,275,,,
Body Armours,Hardleather Coat,56,NMR,3,2,,,,disa,,,,115,,,,,,,,,,,295,295,,,
Body Armours,Exquisite Vest,65,NMR,3,2,,,,disa,,,,157,,,,,,,,,,,487,487,,,
Body Armours,Mail Coat,68,NMR,3,2,,,,disa,,,,157,,,,,,,30-20% reduced Slowing Potency of Debuffs on You,,,,406,406,,,
Body Armours,Armoured Vest,73,NMR,3,2,,,,disa,,,,157,,,,,,,30-40% increased Elemental Ailment Threshold,,,,406,406,,,
Body Armours,Tattered Robe,1,NMRU,3,2,,,,defa,,,,,,,,,,,,,,,,,28,28,
Body Armours,Feathered Robe,5,NMRU,3,2,,,,defa,,,,,13,,,,,,,,,,,,35,35,
Body Armours,Hexer's Robe,11,NMRU,3,2,,,,defa,,,,,24,,,,,,,,,,,,44,44,
Body Armours,Bone Raiment,16,NMRU,3,2,,,,defa,,,,,34,,,,,,,,,,,,52,52,
Body Armours,Silk Robe,22,NMRU,3,2,,,,defa,,,,,47,,,,,,,,,,,,61,61,
Body Armours,Keth Raiment,28,NMRU,3,2,,,,defa,,,,,59,,,,,,,,,,,,70,70,
Body Armours,Votive Raiment,33,NMRU,3,2,,,,defa,,,,,68,,,,,,,,,,,,78,78,
Body Armours,Altar Robe,40,NMRU,3,2,,,,defa,,,,,83,,,,,,,,,,,,89,89,
Body Armours,Elementalist Robe,45,NMR,3,2,,,,defa,,,,,94,,,,,,,,,,,,97,97,
Body Armours,Mystic Raiment,49,NMR,3,2,,,,defa,,,,,97,,,,,,,,,,,,100,100,
Body Armours,Imperial Robe,52,NMR,3,2,,,,disa,,,,,107,,,,,,,,,,,,108,108,
Body Armours,Plated Raiment,58,NMR,3,2,,,,disa,,,,,120,,,,,,,,,,,,117,117,
Body Armours,Havoc Raiment,65,NMR,3,2,,,,disa,,,,,157,,,,,,,,,,,,184,184,
Body Armours,Enlightened Robe,68,NMR,3,2,,,,disa,,,,,157,,,,,,40-50% increased Mana Regeneration Rate,,,,,,153,153,
Body Armours,Chain Mail,1,NMRU,3,2,,,,defa,,,,,,,,,,,,,25,25,16,16,,,
Body Armours,Rogue Armour,11,NMRU,3,2,,,,defa,,,14,14,,,,,,,,,53,53,43,43,,,
Body Armours,Vagabond Armour,16,NMRU,3,2,,,,defa,,,20,20,,,,,,,,,67,67,56,56,,,
Body Armours,Cloaked Mail,26,NMRU,3,2,,,,defa,,,31,31,,,,,,,,,95,95,83,83,,,
Body Armours,Explorer Armour,33,NMRU,3,2,,,,defa,,,39,39,,,,,,,,,114,114,101,101,,,
Body Armours,Scale Mail,37,NMRU,3,2,,,,defa,,,43,43,,,,,,,,,125,125,112,112,,,
Body Armours,Knight Armour,45,NMRU,3,2,,,,defa,,,51,51,,,,,,,,,148,148,133,133,,,
Body Armours,Ancestral Mail,50,NMR,3,2,,,,defa,,,57,57,,,,,,,,,162,162,146,146,,,
Body Armours,Lamellar Mail,52,NMR,3,2,,,,disa,,,59,59,,,,,,,,,167,167,151,151,,,
Body Armours,Gladiator Armour,58,NMR,3,2,,,,disa,,,66,66,,,,,,,,,184,184,167,167,,,
Body Armours,Heroic Armour,65,NMR,3,2,,,,disa,,,86,86,,,,,,,+60-80 to maximum Life,,245,245,223,223,,,
Body Armours,Tournament Mail,68,NMR,3,2,,,,disa,,,86,86,,,,,,,+(20–25)% to an elemental Resistance,,245,245,223,223,,,
Body Armours,Slayer Armour,73,NMR,3,2,,,,disa,,,86,86,,,,,,,,,294,294,268,268,,,
Body Armours,Pilgrim Vestments,1,NMRU,3,2,,,,defa,,,,,,,,,,,,,25,25,,,16,16,
Body Armours,Pelt Mantle,10,NMR,3,2,,,,defa,,,14,,14,,,,,,,,50,50,,,23,23,
Body Armours,Mail Vestments,16,NMRU,3,2,,,,defa,,,20,,20,,,,,,,,67,67,,,28,28,
Body Armours,Shaman Mantle,28,NMRU,3,2,,,,defa,,,33,,33,,,,,,,,100,100,,,39,39,
Body Armours,Ironclad Vestments,33,NMRU,3,2,,,,defa,,,39,,39,,,,,,,,114,114,,,43,43,
Body Armours,Sacrificial Mantle,36,NMR,3,2,,,,defa,,,41,,41,,,,,,,,123,123,,,46,46,
Body Armours,Cleric Vestments,45,NMR,3,2,,,,defa,,,51,,51,,,,,,,,148,148,,,53,53,
Body Armours,Tideseer Mantle,51,NMR,3,2,,,,defa,,,59,,59,,,,,,,,165,165,,,58,58,
Body Armours,Gilded Vestments,52,NMRU,3,2,,,,disa,,,59,,59,,,,,,,,167,167,,,59,59,
Body Armours,Venerated Mantle,54,NMR,3,2,,,,disa,,,61,,61,,,,,,,,173,173,,,61,61,
Body Armours,Revered Vestments,65,NMR,3,2,,,,disa,,,86,,86,,,,,,+1% to all Maximum Elemental Resistances,,245,245,,,84,84,
Body Armours,Corvus Mantle,68,NMR,3,2,,,,disa,,,86,,86,,,,,,+20-30 to Spirit,,245,245,,,84,84,
Body Armours,Zenith Vestments,73,NMR,3,2,,,,disa,,,86,,86,,,,,,,,294,294,,,101,101,
Body Armours,Hermit Garb,1,NMRU,3,2,,,,defa,,,,,,,,,,,,,,,16,16,16,16,
Body Armours,Waxed Jacket,11,NMRU,3,2,,,,defa,,,,14,14,,,,,,,,,,43,43,24,24,
Body Armours,Marabout Garb,16,NMRU,3,2,,,,defa,,,,20,20,,,,,,,,,,56,56,28,28,
Body Armours,Wayfarer Jacket,28,NMRU,3,2,,,,defa,,,,33,33,,,,,,,,,,88,88,39,39,
Body Armours,Anchorite Garb,33,NMRU,3,2,,,,defa,,,,39,39,,,,,,,,,,101,101,43,43,
Body Armours,Scalper's Jacket,39,NMR,3,2,,,,defa,,,,45,45,,,,,,,,,,117,117,48,48,
Body Armours,Scoundrel Jacket,45,NMR,3,2,,,,defa,,,,51,51,,,,,,,,,,133,133,53,53,
Body Armours,Clandestine Jacket,52,NMR,3,2,,,,disa,,,,59,59,,,,,,,,,,151,151,59,59,
Body Armours,Monastic Garb,56,NMR,3,2,,,,disa,,,,64,64,,,,,,,,,,162,162,63,63,
Body Armours,Torment Jacket,65,NMR,3,2,,,,disa,,,,86,86,,,,,,,,,,268,268,101,101,
Body Armours,Devout Garb,68,NMR,3,2,,,,disa,,,,86,86,,,,,,+7-13% to Chaos Resistance,,,,223,223,84,84,
Body Armours,Assassin Garb,73,NMR,3,2,,,,disa,,,,86,86,,,,,,5% increased Movement Speed,,,,223,223,84,84,
Body Armours,Garment,1,U,3,2,,,,disa,,,,,,,,,,,,,,,,,,,
Body Armours,Grand Regalia,65,NMRU,3,2,,,,disa,,,51,51,51,,,,,,,,135,135,123,123,46,46,
Body Armours,Elegant Plate,54,NMR,3,2,,,,defa,,,113,,,,,,,,,,320,320,,,,,
Body Armours,Heavy Plate,59,NMR,3,2,,,,defa,,,122,,,,,,,,,,340,340,,,,,
Body Armours,Stone Cuirass,62,NMR,3,2,,,,defa,,,128,,,,,,,,,,355,355,,,,,
Body Armours,Layered Vest,54,NMR,3,2,,,,defa,,,,113,,,,,,,,,,,290,290,,,
Body Armours,Runner Vest,59,NMR,3,2,,,,defa,,,,122,,,,,,,,,,,309,309,,,
Body Armours,Lizardscale Coat,62,NMR,3,2,,,,defa,,,,128,,,,,,,,,,,324,324,,,
Body Armours,River Raiment,54,NMR,3,2,,,,defa,,,,,113,,,,,,,,,,,,112,112,
Body Armours,Adherent's Raiment,59,NMR,3,2,,,,defa,,,,,122,,,,,,,,,,,,119,119,
Body Armours,Ceremonial Robe,62,NMR,3,2,,,,defa,,,,,128,,,,,,,,,,,,123,123,
Body Armours,Warlord Cuirass,80,NMR,3,2,,,,defa,,,121,,,,,,,,+15-25% of Armour also applies to Elemental Damage,,445,445,,,,,
Body Armours,Corsair Coat,80,NMR,3,2,,,,defa,,,,121,,,,,,,5% increased Movement Speed,,,,406,406,,,
Body Armours,Feathered Raiment,80,NMR,3,2,,,,defa,,,,,121,,,,,,5-10% of Damage is taken from Mana before Life,,,,,,153,153,
Body Armours,Mantled Mail,54,NMR,3,2,,,,defa,,,62,62,,,,,,,,,176,176,159,159,,,
Body Armours,Trailblazer Armour,59,NMR,3,2,,,,defa,,,67,67,,,,,,,,,187,187,170,170,,,
Body Armours,Golden Mail,62,NMR,3,2,,,,defa,,,70,70,,,,,,,,,195,195,178,178,,,
Body Armours,Thane Mail,80,NMR,3,2,,,,defa,,,67,67,,,,,,,Hits against you have 15-25% reduced Critical Damage Bonus,,245,245,223,223,,,
Body Armours,Seastorm Mantle,80,NMR,3,2,,,,defa,,,67,,67,,,,,,8-14% of Damage taken Recouped as Life,,245,245,,,84,84,
Body Armours,Austere Garb,80,NMR,3,2,,,,defa,,,,67,67,,,,,,10-15% reduced Elemental Ailment Duration on you,,,,223,223,84,84,
Body Armours,Occultist Mantle,54,NMR,3,2,,,,defa,,,62,,62,,,,,,,,176,176,,,62,62,
Body Armours,Plated Vestments,59,NMR,3,2,,,,defa,,,67,,67,,,,,,,,187,187,,,65,65,
Body Armours,Heartcarver Mantle,62,NMR,3,2,,,,defa,,,70,,70,,,,,,,,195,195,,,68,68,
Body Armours,Ascetic Garb,51,NMR,3,2,,,,defa,,,,45,45,,,,,,,,,,197,197,63,63,
Body Armours,Itinerant Jacket,54,NMR,3,2,,,,defa,,,,48,48,,,,,,,,,,208,208,65,65,
Body Armours,Hatungo Garb,59,NMR,3,2,,,,defa,,,,67,67,,,,,,,,,,170,170,65,65,
Body Armours,Hawker's Jacket,62,NMR,3,2,,,,defa,,,,70,70,,,,,,,,,,178,178,68,68,
Body Armours,Soldier Cuirass,65,NMR,3,2,,,,defa,,,157,,,,,,,,,,534,534,,,,,
Body Armours,Ornate Plate,70,NMR,3,2,,,,defa,,,157,,,,,,,,Regenerate 1.5-2.5% of maximum Life per second,,445,445,,,,,
Body Armours,Utzaal Cuirass,75,NMR,3,2,,,,defa,,,157,,,,,,,,30-40% increased Stun Threshold,,445,445,,,,,
Body Armours,Swiftstalker Coat,65,NMR,3,2,,,,defa,,,,157,,,,,,,30-20% reduced Slowing Potency of Debuffs on You,,,,406,406,,,
Body Armours,Slipstrike Vest,70,NMR,3,2,,,,defa,,,,157,,,,,,,,,,,487,487,,,
Body Armours,Wyrmscale Coat,75,NMR,3,2,,,,defa,,,,157,,,,,,,30-40% increased Elemental Ailment Threshold,,,,406,406,,,
Body Armours,Vile Robe,65,NMR,3,2,,,,defa,,,,,157,,,,,,,,,,,,184,184,
Body Armours,Flowing Raiment,70,NMR,3,2,,,,defa,,,,,157,,,,,,40-50% increased Mana Regeneration Rate,,,,,,153,153,
Body Armours,Sacramental Robe,75,NMR,3,2,,,,defa,,,,,157,,,,,,20-25% increased Energy Shield Recharge Rate,,,,,,153,153,
Body Armours,Dastard Armour,65,NMR,3,2,,,,defa,,,86,86,,,,,,,+60-80 to maximum Life,,245,245,223,223,,,
Body Armours,Shrouded Mail,70,NMR,3,2,,,,defa,,,86,86,,,,,,,(20–25)% to one Elemental Resistance,,245,245,223,223,,,
Body Armours,Death Mail,75,NMR,3,2,,,,defa,,,86,86,,,,,,,,,294,294,268,268,,,
Body Armours,Wolfskin Mantle,65,NMR,3,2,,,,defa,,,86,,86,,,,,,,,294,294,,,101,101,
Body Armours,Conjurer Mantle,70,NMR,3,2,,,,defa,,,86,,86,,,,,,+20-30 to Spirit,,245,245,,,84,84,
Body Armours,Death Mantle,75,NMR,3,2,,,,defa,,,86,,86,,,,,,+1% to all Maximum Elemental Resistances,,245,245,,,84,84,
Body Armours,Sleek Jacket,65,NMR,3,2,,,,defa,,,,86,86,,,,,,,,,,268,268,101,101,
Body Armours,Rambler Jacket,70,NMR,3,2,,,,defa,,,,86,86,,,,,,+7-13% to Chaos Resistance,,,,223,223,84,84,
Body Armours,Falconer's Jacket,75,NMR,3,2,,,,defa,,,,86,86,,,,,,5% increased Movement Speed,,,,223,223,84,84,
Body Armours,Sacrificial Regalia,65,U,3,2,,,,defa,,,66,66,66,,,,,,+1 to Level of all [Corrupted] Skill Gems,,266,266,166,166,66,66,
Foci,Twig Focus,1,NMRU,3,2,,,,defa,,,,,,,,,,,,,,,,,12,12,
Foci,Woven Focus,6,NMRU,3,2,,,,defa,,,,,13,,,,,,,,,,,,15,15,
Foci,Antler Focus,10,NMR,3,2,,,,defa,,,,,20,,,,,,,,,,,,17,17,
Foci,Engraved Focus,16,NMRU,3,2,,,,defa,,,,,30,,,,,,,,,,,,21,21,
Foci,Tonal Focus,22,NMRU,3,2,,,,defa,,,,,42,,,,,,,,,,,,25,25,
Foci,Crystal Focus,26,NMRU,3,2,,,,defa,,,,,49,,,,,,,,,,,,28,28,
Foci,Voodoo Focus,33,NMR,3,2,,,,defa,,,,,61,,,,,,,,,,,,32,32,
Foci,Plumed Focus,36,NMR,3,2,,,,defa,,,,,66,,,,,,,,,,,,34,34,
Foci,Jade Focus,45,NMR,2,2,,,,disa,,,,,83,,,,,,,,,,,,40,40,
Foci,Paua Focus,51,NMR,2,2,,,,disa,,,,,94,,,,,,,,,,,,43,43,
Foci,Elegant Focus,52,NMR,3,2,,,,disa,,,,,95,,,,,,,,,,,,44,44,
Foci,Attuned Focus,57,NMR,3,2,,,,disa,,,,,104,,,,,,,,,,,,47,47,
Foci,Magus Focus,65,NMR,3,2,,,,disa,,,,,118,,,,,,,,,,,,52,52,
Foci,Runed Focus,45,NMR,3,2,,,,defa,,,,,83,,,,,,,,,,,,40,40,
Foci,Whorl Focus,51,NMR,3,2,,,,defa,,,,,88,,,,,,,,,,,,42,42,
Foci,Arrayed Focus,54,NMR,3,2,,,,defa,,,,,101,,,,,,,,,,,,46,46,
Foci,Cultist Focus,59,NMR,3,2,,,,defa,,,,,108,,,,,,,,,,,,53,53,
Foci,Hallowed Focus,61,NMR,3,2,,,,defa,,,,,112,,,,,,,,,,,,50,50,
Foci,Druidic Focus,65,NMR,3,2,,,,defa,,,,,118,,,,,,,,,,,,58,58,
Foci,Leyline Focus,70,NMR,3,2,,,,defa,,,,,129,,,,,,,,,,,,66,66,
Foci,Sacred Focus,75,NMR,3,2,,,,defa,,,,,139,,,,,,,,,,,,75,75,
Foci,Tasalian Focus,80,NMR,3,2,,,,defa,,,,,115,,,,,,,,,,,,85,85,
Shields,Splintered Tower Shield,1,NMRU,4,2,,,,defa,,,,,,,,,,,,,18,18,,,,,26
Shields,Painted Tower Shield,6,NMRU,4,2,,,,defa,,,13,,,,,,,,,,29,29,,,,,26
Shields,Braced Tower Shield,12,NMRU,4,2,,,,defa,,,23,,,,,,,,,,41,41,,,,,26
Shields,Barricade Tower Shield,16,NMR,4,2,,,,defa,,,30,,,,,,,,,,50,50,,,,,26
Shields,Effigial Tower Shield,21,NMRU,4,2,,,,defa,,,40,,,,,,,,,,60,60,,,,,26
Shields,Rampart Tower Shield,28,NMRU,4,2,,,,defa,,,52,,,,,,,,,,75,75,,,,,26
Shields,Heraldric Tower Shield,33,NMR,4,2,,,,defa,,,61,,,,,,,,,,85,85,,,,,26
Shields,Stone Tower Shield,36,NMRU,4,2,,,,defa,,,66,,,,,,,,,,91,91,,,,,26
Shields,Crucible Tower Shield,45,NMRU,4,2,,,,defa,,,83,,,,,,,,,,110,110,,,,,26
Shields,Ancestor Tower Shield,50,NMR,4,2,,,,defa,,,92,,,,,,,,,,121,121,,,,,26
Shields,Phalanx Tower Shield,52,NMR,4,2,,,,disa,,,95,,,,,,,,,,125,125,,,,,26
Shields,Defiant Tower Shield,58,NMR,4,2,,,,disa,,,106,,,,,,,,,,137,137,,,,,26
Shields,Blacksteel Tower Shield,65,NMR,4,2,,,,disa,,,118,,,,,,,,,,152,152,,,,,26
Shields,Hardwood Targe,1,NMRU,3,2,,,,defa,,,,,,,,,,,,,10,10,7,7,,,25
Shields,Pelage Targe,8,NMRU,3,2,,,,defa,,,10,10,,,,,,,,,18,18,14,14,,,25
Shields,Studded Targe,16,NMR,3,2,,,,defa,,,18,18,,,,,,,,,27,27,23,23,,,25
Shields,Crescent Targe,26,NMRU,3,2,,,,defa,,,27,27,,,,,,,,,39,39,34,34,,,25
Shields,Chiseled Targe,33,NMR,3,2,,,,defa,,,34,34,,,,,,,,,47,47,41,41,,,25
Shields,Feathered Targe,37,NMR,3,2,,,,defa,,,38,38,,,,,,,,,51,51,46,46,,,25
Shields,Stratified Targe,46,NMR,3,2,,,,defa,,,46,46,,,,,,,,,61,61,54,54,,,25
Shields,Carved Targe,51,NMR,3,2,,,,defa,,,48,48,,,,,,,,,63,63,57,57,,,25
Shields,Mosaic Targe,52,NMR,3,2,,,,disa,,,53,53,,,,,,,,,69,69,62,62,,,25
Shields,Aureate Targe,57,NMR,3,2,,,,disa,,,58,58,,,,,,,,,74,74,68,68,,,25
Shields,Grand Targe,65,NMR,3,2,,,,disa,,,65,65,,,,,,,,,84,84,76,76,,,25
Shields,Blazon Crest Shield,1,NMRU,3,2,,,,defa,,,,,,,,,,,,,10,10,,,6,6,25
Shields,Sigil Crest Shield,7,NMRU,3,2,,,,defa,,,10,,10,,,,,,,,17,17,,,8,8,25
Shields,Emblem Crest Shield,16,NMRU,3,2,,,,defa,,,18,,18,,,,,,,,27,27,,,12,12,25
Shields,Jingling Crest Shield,28,NMRU,3,2,,,,defa,,,30,,30,,,,,,,,41,41,,,16,16,25
Shields,Sectarian Crest Shield,33,NMR,3,2,,,,defa,,,34,,34,,,,,,,,47,47,,,18,18,25
Shields,Omen Crest Shield,36,NMRU,3,2,,,,defa,,,37,,37,,,,,,,,50,50,,,19,19,25
Shields,Wayward Crest Shield,45,NMR,3,2,,,,defa,,,46,,46,,,,,,,,61,61,,,22,22,25
Shields,Seer Crest Shield,50,NMR,3,2,,,,defa,,,50,,50,,,,,,,,65,65,,,23,23,25
Shields,Stoic Crest Shield,52,NMR,3,2,,,,disa,,,53,,53,,,,,,,,69,69,,,24,24,25
Shields,Empyreal Crest Shield,57,NMR,3,2,,,,disa,,,58,,58,,,,,,,,74,74,,,26,26,25
Shields,Deified Crest Shield,65,NMR,3,2,,,,disa,,,65,,65,,,,,,,,84,84,,,29,29,25
Bucklers,Leather Buckler,1,NMR,2,2,,,,defa,,,,,,,,,,,,,,,12,12,,,24
Bucklers,Wooden Buckler,5,NMR,2,2,,,,defa,,,,11,,,,,,,,,,,20,20,,,24
Bucklers,Plated Buckler,11,NMR,2,2,,,,defa,,,,22,,,,,,,,,,,32,32,,,24
Bucklers,Iron Buckler,16,NMR,2,2,,,,defa,,,,30,,,,,,,,,,,42,42,,,24
Bucklers,Ridged Buckler,22,NMR,2,2,,,,defa,,,,42,,,,,,,,,,,54,54,,,24
Bucklers,Spiked Buckler,26,NMR,2,2,,,,defa,,,,49,,,,,,,,,,,62,62,,,24
Bucklers,Ringed Buckler,33,NMR,2,2,,,,defa,,,,61,,,,,,,,,,,75,75,,,24
Bucklers,Edged Buckler,39,NMR,2,2,,,,defa,,,,72,,,,,,,,,,,87,87,,,24
Bucklers,Spikeward Buckler,54,NMR,2,2,,,,defa,,,,101,,,,,,,,,,,119,119,,,24
Bucklers,Jingling Buckler,59,NMR,2,2,,,,defa,,,,108,,,,,,,,,,,127,127,,,24
Bucklers,Bladeguard Buckler,61,NMR,2,2,,,,defa,,,,112,,,,,,,,,,,131,131,,,24
Bucklers,Ornate Buckler,65,NMR,2,2,,,,defa,,,,118,,,,,,,,,,,139,139,,,24
Bucklers,Gutspike Buckler,70,NMR,2,2,,,,defa,,,,129,,,,,,,,,,,152,152,,,24
Bucklers,Ancient Buckler,75,NMR,2,2,,,,defa,,,,139,,,,,,,,,,,166,166,,,24
Bucklers,Array Buckler,55,U,2,2,,,,disa,,,,100,,,,,,,,,,,166,166,,,24
Bucklers,Laminate Buckler,45,NMR,2,2,,,,defa,,,,66,,,,,,,,,,,81,81,,,20
Bucklers,Pearl Buckler,50,NMR,2,2,,,,defa,,,,71,,,,,,,,,,,87,87,,,20
Bucklers,Desert Buckler,80,NMR,2,2,,,,defa,,,,115,,,,,,,,,,,144,144,,,20
Shields,Bulwark Tower Shield,54,NMR,4,2,,,,defa,,,101,,,,,,,,,,131,131,,,,,26
Shields,Noble Tower Shield,59,NMR,4,2,,,,defa,,,108,,,,,,,,,,139,139,,,,,26
Shields,Goldworked Tower Shield,61,NMR,4,2,,,,defa,,,112,,,,,,,,,,144,144,,,,,26
Shields,Polished Targe,54,NMR,3,2,,,,defa,,,55,55,,,,,,,,,72,72,65,65,,,25
Shields,Stone Targe,59,NMR,3,2,,,,defa,,,59,59,,,,,,,,,77,77,70,70,,,25
Shields,Avian Targe,62,NMR,3,2,,,,defa,,,62,62,,,,,,,,,80,80,73,73,,,25
Shields,Tawhoan Tower Shield,80,NMRU,4,2,,,,defa,,,115,,,,,,,,,,197,197,,,,,26
Shields,Golden Targe,80,NMR,3,2,,,,defa,,,63,63,,,,,,,,,109,109,99,99,,,25
Shields,Blacksteel Crest Shield,80,NMRU,3,2,,,,defa,,,63,,63,,,,,,,,109,109,,,37,37,25
Shields,Dekharan Crest Shield,54,NMR,3,2,,,,defa,,,55,,55,,,,,,,,72,72,,,25,25,25
Shields,Quartered Crest Shield,59,NMR,3,2,,,,defa,,,59,,59,,,,,,,,77,77,,,27,27,25
Shields,Glowering Crest Shield,62,NMR,3,2,,,,defa,,,62,,62,,,,,,,,80,80,,,28,28,25
Shields,Royal Tower Shield,65,NMR,4,2,,,,defa,,,118,,,,,,,,,,152,152,,,,,26
Shields,Fortress Tower Shield,70,NMR,4,2,,,,defa,,,129,,,,,,,,,,167,167,,,,,26
Shields,Vaal Tower Shield,75,NMRU,4,2,,,,defa,,,139,,,,,,,,,,182,182,,,,,26
Shields,Mammoth Targe,65,NMR,3,2,,,,defa,,,65,65,,,,,,,,,84,84,76,76,,,25
Shields,Baroque Targe,70,NMR,3,2,,,,defa,,,70,70,,,,,,,,,92,92,84,84,,,25
Shields,Soaring Targe,75,NMR,3,2,,,,defa,,,76,76,,,,,,,,,100,100,91,91,,,25
Shields,Intricate Crest Shield,65,NMR,3,2,,,,defa,,,65,,65,,,,,,,,84,84,,,29,29,25
Shields,Sekheman Crest Shield,70,NMR,3,2,,,,defa,,,70,,70,,,,,,,,92,92,,,32,32,25
Shields,Vaal Crest Shield,75,NMR,3,2,,,,defa,,,76,,76,,,,,,,,100,100,,,35,35,25
Quivers,Broadhead Quiver,1,NMRU,3,2,,,,defa,,,,,,,,,,,Adds 1 to 3 Physical Damage to Attacks,,,,,,,,
Quivers,Fire Quiver,8,NMRU,3,2,,,,defa,,,,,,,,,,,Adds 3 to 5 [Fire] damage to Attacks,,,,,,,,
Quivers,Sacral Quiver,16,NMR,3,2,,,,defa,,,,,,,,,,,Gain 2-3 Life per Enemy Hit with Attacks,,,,,,,,
Quivers,Two-Point Quiver,24,NMR,3,2,,,,defa,,,,,,,,,,,20-30% increased [Accuracy] Rating,,,,,,,,
Quivers,Blunt Quiver,33,NMR,3,2,,,,defa,,,,,,,,,,,25-40% increased [Stun] Buildup,,,,,,,,
Quivers,Toxic Quiver,39,NMRU,3,2,,,,defa,,,,,,,,,,,20-30% chance to Poison on Hit with Attacks,,,,,,,,
Quivers,Serrated Quiver,44,NMR,3,2,,,,defa,,,,,,,,,,,Attacks have 20-30% chance to cause Bleeding,,,,,,,,
Quivers,Primed Quiver,51,NMRU,3,2,,,,defa,,,,,,,,,,,7-10% increased [Attack] Speed,,,,,,,,
Quivers,Penetrating Quiver,55,NMR,3,2,,,,defa,,,,,,,,,,,100% chance to Pierce an Enemy,,,,,,,,
Quivers,Volant Quiver,61,NMR,3,2,,,,defa,,,,,,,,,,,20-30% increased Arrow Speed,,,,,,,,
Quivers,Visceral Quiver,65,NMRU,3,2,,,,defa,,,,,,,,,,,20-30% increased Critical Hit Chance for Attacks,,,,,,,,
Wands,Withered Wand,1,NMR,3,1,,,,defa,,,,,,,,,,,Grants Skill: Chaos Bolt,,,,,,,,
Wands,Bone Wand,2,NMRU,3,1,,,,defa,,,,,,,,,,,Grants Skill: Bone Blast,,,,,,,,
Wands,Attuned Wand,2,NMRU,3,1,,,,defa,,,,,,,,,,,Grants Skill: Mana Drain,,,,,,,,
Wands,Siphoning Wand,11,NMRU,3,1,,,,defa,,,,,,,,,,,Grants Skill: Power Siphon,,,,,,,,
Wands,Volatile Wand,16,NMRU,3,1,,,,defa,,,,,,,,,,,Grants Skill: Volatile Dead,,,,,,,,
Wands,Galvanic Wand,25,NMR,3,1,,,,defa,,,,,,,,,,,Grants Skill: Galvanic Field,,,,,,,,
Wands,Acrid Wand,33,NMR,3,1,,,,defa,,,,,,,,,,,Grants Skill: Decompose,,,,,,,,
Wands,Offering Wand,38,NMR,3,1,,,,disa,,,,,,,,,,,Grants Skill: Exsanguinate,,,,,,,,
Wands,Frigid Wand,45,NMR,3,1,,,,disa,,,,,,,,,,,Grants Skill: Chaos Bolt,,,,,,,,
Wands,Torture Wand,49,NMR,3,1,,,,disa,,,,,,,,,,,Grants Skill: Chaos Bolt,,,,,,,,
Wands,Critical Wand,52,NMR,3,1,,,,disa,,,,,,,,,,,Grants Skill: Chaos Bolt,,,,,,,,
Wands,Primordial Wand,56,NMR,3,1,,,,disa,,,,,,,,,,,Grants Skill: Wither,,,,,,,,
Wands,Dueling Wand,65,NMR,3,1,,,,defa,,,,,,,,,,,Grants Skill: Spellslinger,,,,,,,,
Sceptres,Rattling Sceptre,1,NMRU,3,2,,,,defa,,,,,,,,,,,Grants Skill: Skeletal Warrior,,,,,,,,
Sceptres,Stoic Sceptre,6,NMR,3,2,,,,defa,,,,,,,,,,,Grants Skill: Discipline,,,,,,,,
Sceptres,Lupine Sceptre,12,NMR,3,2,,,,disa,,,,,,,,,,,Grants Skill: Skeletal Warrior,,,,,,,,
Sceptres,Omen Sceptre,16,NMRU,3,2,,,,defa,,,,,,,,,,,Grants Skill: Malice,,,,,,,,
Sceptres,Ochre Sceptre,21,NMR,3,2,,,,disa,,,,,,,,,,,Grants Skill: Skeletal Warrior,,,,,,,,
Sceptres,Shrine Sceptre,26,NMRU,3,2,,,,defa,,,,,,,,,,,Grants Skill: Purity of Fire\nGrants Skill: Purity of Ice\nGrants Skill: Purity of Lightning\nGrants Skill: Impurity,,,,,,,,
Sceptres,Devouring Sceptre,33,NMR,3,2,,,,disa,,,,,,,,,,,Grants Skill: Skeletal Warrior,,,,,,,,
Sceptres,Clasped Sceptre,36,NMR,3,2,,,,disa,,,,,,,,,,,Grants Skill: Heart of Ice,,,,,,,,
Sceptres,Devotional Sceptre,45,NMR,3,2,,,,disa,,,,,,,,,,,Grants Skill: Skeletal Warrior,,,,,,,,
Sceptres,Wrath Sceptre,49,NMR,3,2,,,,defa,,,,,,,,,,,Grants Skill: Fulmination,,,,,,,,
Sceptres,Aromatic Sceptre,52,NMR,3,2,,,,disa,,,,,,,,,,,Grants Skill: Skeletal Warrior,,,,,,,,
Sceptres,Pious Sceptre,58,NMR,3,2,,,,disa,,,,,,,,,,,Grants Skill: Skeletal Warrior,,,,,,,,
Sceptres,Hallowed Sceptre,65,NMR,3,2,,,,disa,,,,,,,,,,,Grants Skill: Skeletal Warrior,,,,,,,,
One Hand Maces,Wooden Club,1,NMRU,3,2,,,,defa,,,,,,6,10,1.45,,0.05,,,,,,,,,
One Hand Maces,Smithing Hammer,4,NMRU,3,2,,,,defa,,,11,,,9,15,1.45,,0.05,local weapon implicit hidden % base damage is fire [50],,,,,,,,
One Hand Maces,Slim Mace,10,NMRU,3,2,,,,defa,,,21,,,11,17,1.55,,0.05,,,,,,,,,
One Hand Maces,Spiked Club,16,NMRU,3,2,,,,defa,,,31,,,15,24,1.45,,0.05,,,,,,,,,
One Hand Maces,Warpick,22,NMR,3,2,,,,defa,,,41,,,18,24,1.45,,0.08,+5-10% to Critical Damage Bonus,,,,,,,,
One Hand Maces,Plated Mace,26,NMRU,3,2,,,,defa,,,48,,,18,38,1.4,,0.05,,,,,,,,,
One Hand Maces,Brigand Mace,33,NMR,3,2,,,,defa,,,60,,,28,38,1.45,,0.05,,,,,,,,,
One Hand Maces,Construct Hammer,36,NMR,3,2,,,,defa,,,65,,,31,38,1.4,,0.05,40% chance to [Daze] on Hit,,,,,,,,
One Hand Maces,Morning Star,45,NMR,3,2,,,,defa,,,82,,,33,49,1.45,,0.07,,,,,,,,,
One Hand Maces,Jade Club,49,NMR,3,2,,,,defa,,,87,,,30,50,1.45,,0.05,Always Hits,,,,,,,,
One Hand Maces,Lumen Mace,52,NMR,3,2,,,,disa,,,119,,,36,60,1.45,,0.05,,,,,,,,,
One Hand Maces,Execratus Hammer,55,NMR,3,2,,,,disa,,,126,,,40,60,1.45,,0.05,,,,,,,,,
One Hand Maces,Torment Club,65,NMRU,3,2,,,,disa,,,148,,,44,73,1.45,,0.05,,,,,,,,,
One Hand Maces,Kalguuran Forgehammer,47,NMR,3,2,,,,disa,,,100,,,30,49,1.45,,0.05,Has 3 Sockets,,,,,,,,
One Hand Maces,Marching Mace,54,NMRU,3,2,,,,defa,,,96,,,34,70,1.4,,0.05,,,,,,,,,
One Hand Maces,Bandit Mace,59,NMR,3,2,,,,defa,,,104,,,45,61,1.45,,0.05,,,,,,,,,
One Hand Maces,Structured Hammer,62,NMR,3,2,,,,defa,,,109,,,49,60,1.4,,0.05,40% chance to [Daze] on Hit,,,,,,,,
One Hand Maces,Flanged Mace,67,NMR,3,2,,,,defa,,,134,,,45,67,1.55,,0.05,,,,,,,,,
One Hand Maces,Crown Mace,72,NMR,3,2,,,,defa,,,149,,,43,89,1.4,,0.05,,,,,,,,,
One Hand Maces,Molten Hammer,77,NMR,3,2,,,,defa,,,163,,,61,101,1.45,,0.05,local weapon implicit hidden % base damage is fire [50],,,,,,,,
One Hand Maces,Strife Pick,78,NMR,3,2,,,,defa,,,163,,,48,64,1.45,,0.08,+5-10% to Critical Damage Bonus,,,,,,,,
One Hand Maces,Fortified Hammer,79,NMR,3,2,,,,defa,,,163,,,60,73,1.4,,0.05,40% chance to [Daze] on Hit,,,,,,,,
One Hand Maces,Marauding Mace,77,NMR,3,2,,,,defa,,,163,,,51,84,1.45,,0.05,,,,,,,,,
One Hand Maces,Akoyan Club,78,NMR,3,2,,,,defa,,,163,,,46,76,1.45,,0.05,Always Hits,,,,,,,,
Bows,Crude Bow,1,NMRU,4,2,,,,defa,,,,,,6,9,1.2,,0.05,,,,,,,,,
Bows,Shortbow,5,NMRU,4,2,,,,defa,,,,12,,7,14,1.25,,0.05,,,,,,,,,
Bows,Warden Bow,11,NMR,4,2,,,,defa,,,,23,,12,18,1.15,,0.05,25-35% chance to [Chain] an additional time,,,,,,,,
Bows,Recurve Bow,16,NMRU,4,2,,,,defa,,,,31,,15,31,1.1,,0.05,,,,,,,,,
Bows,Composite Bow,22,NMR,4,2,,,,defa,,,,41,,19,31,1.2,,0.05,,,,,,,,,
Bows,Dualstring Bow,28,NMRU,4,2,,,,defa,,,,52,,19,35,1.15,,0.05,+50% Surpassing chance to fire an additional Arrow,,,,,,,,
Bows,Cultist Bow,33,NMR,4,2,,,,defa,,,,60,,22,36,1.2,,0.05,,,,,,,,,
Bows,Zealot Bow,39,NMR,4,2,,,,defa,,,,70,,31,47,1.2,,0.05,,,,,,,,,
Bows,Artillery Bow,45,NMR,4,2,,,,defa,,,,82,,40,74,1.15,,0.05,50% reduced Projectile Range,,,,,,,,
Bows,Tribal Bow,50,NMR,4,2,,,,defa,,,,89,,38,57,1.2,,0.05,,,,,,,,,
Bows,Greatbow,52,NMR,4,2,,,,disa,,,119,119,,40,82,1.15,,0.07,,,,,,,,,
Bows,Double Limb Bow,56,NMR,4,2,,,,disa,,,,128,,42,63,1.2,,0.05,,,,,,,,,
Bows,Heavy Bow,65,NMRU,4,2,,,,disa,,,,148,,45,75,1.2,,0.05,,,,,,,,,
Bows,Obliterator Bow,78,NMR,4,2,,,,defa,,,,163,,62,115,1.15,,0.05,50% reduced Projectile Range,,,,,,,,
Bows,Twin Bow,54,NMR,4,2,,,,defa,,,,96,,29,54,1.15,,0.05,+50% Surpassing chance to fire an additional Arrow,,,,,,,,
Bows,Adherent Bow,59,NMR,4,2,,,,defa,,,,104,,35,59,1.2,,0.05,,,,,,,,,
Bows,Militant Bow,62,NMR,4,2,,,,defa,,,,109,,46,69,1.2,,0.05,,,,,,,,,
Bows,Ironwood Shortbow,67,NMR,4,2,,,,defa,,,,134,,41,76,1.25,,0.05,,,,,,,,,
Bows,Cavalry Bow,72,NMR,4,2,,,,defa,,,,149,,49,82,1.2,,0.05,,,,,,,,,
Bows,Guardian Bow,77,NMR,4,2,,,,defa,,,,163,,53,80,1.15,,0.05,25-35% chance to [Chain] an additional time,,,,,,,,
Bows,Gemini Bow,78,NMR,4,2,,,,defa,,,,163,,39,73,1.15,,0.05,+50% Surpassing chance to fire an additional Arrow,,,,,,,,
Bows,Fanatic Bow,79,NMR,4,2,,,,defa,,,,163,,48,80,1.2,,0.05,,,,,,,,,
Bows,Warmonger Bow,77,NMR,4,2,,,,defa,,,,163,,56,84,1.2,,0.05,,,,,,,,,
Two Hand Maces,Felled Greatclub,1,NMRU,4,2,,,,defa,,,,,,13,18,1.1,,0.05,,,,,,,,,
Two Hand Maces,Oak Greathammer,4,NMRU,4,2,,,,defa,,,11,,,16,30,1,,0.05,Causes 20-40% increased Stun Buildup,,,,,,,,
Two Hand Maces,Forge Maul,11,NMRU,4,2,,,,defa,,,23,,,26,35,1.05,,0.05,Crushes Enemies on Hit,,,,,,,,
Two Hand Maces,Studded Greatclub,16,NMRU,4,2,,,,defa,,,31,,,32,48,1.1,,0.05,,,,,,,,,
Two Hand Maces,Cultist Greathammer,22,NMR,4,2,,,,defa,,,41,,,36,49,1.05,,0.05,Strikes deal Splash Damage,,,,,,,,
Two Hand Maces,Temple Maul,28,NMR,4,2,,,,defa,,,52,,,35,72,1.2,,0.05,,,,,,,,,
Two Hand Maces,Leaden Greathammer,33,NMRU,4,2,,,,defa,,,60,,,58,78,1.1,,0.05,,,,,,,,,
Two Hand Maces,Crumbling Maul,38,NMRU,4,2,,,,defa,,,68,,,62,75,1.1,,0.08,"Causes Enemies to Explode on [Critical] kill, for 10% of their Life as Physical Damage",for 10% of their Life as Physical Damage,,,,,,,
Two Hand Maces,Pointed Maul,45,NMR,4,2,,,,defa,,,82,,,69,104,1.1,,0.065,,,,,,,,,
Two Hand Maces,Totemic Greatclub,50,NMR,4,2,,,,defa,,,89,,,77,105,1.1,,0.05,Warcries Empower an additional [Attack],,,,,,,,
Two Hand Maces,Greatmace,52,NMR,4,2,,,,disa,,,119,,,74,124,1.1,,0.05,,,,,,,,,
Two Hand Maces,Precise Greathammer,54,NMR,4,2,,,,disa,,,124,,,87,118,1.1,,0.05,,,,,,,,,
Two Hand Maces,Giant Maul,65,NMR,4,2,,,,disa,,,148,,,96,144,1.1,,0.05,,,,,,,,,
Two Hand Maces,Tawhoan Greatclub,78,NMR,4,2,,,,defa,,,163,,,107,145,1.1,,0.05,Warcries Empower an additional [Attack],,,,,,,,
Two Hand Maces,Solemn Maul,54,NMR,4,2,,,,defa,,,96,,,60,125,1.2,,0.05,,,,,,,,,
Two Hand Maces,Heavy Greathammer,59,NMR,4,2,,,,defa,,,104,,,94,127,1.1,,0.05,,,,,,,,,
Two Hand Maces,Disintegrating Maul,62,NMR,4,2,,,,defa,,,109,,,92,112,1.1,,0.08,"Causes Enemies to Explode on [Critical] kill, for 10% of their Life as Physical Damage",for 10% of their Life as Physical Damage,,,,,,,
Two Hand Maces,Anvil Maul,67,NMR,4,2,,,,defa,,,134,,,101,136,1.05,,0.05,Crushes Enemies on Hit,,,,,,,,
Two Hand Maces,Sacred Maul,72,NMR,4,2,,,,defa,,,149,,,76,158,1.2,,0.05,,,,,,,,,
Two Hand Maces,Ironwood Greathammer,77,NMR,4,2,,,,defa,,,163,,,105,196,1,,0.05,Causes 30-50% increased Stun Buildup,,,,,,,,
Two Hand Maces,Fanatic Greathammer,78,NMR,4,2,,,,defa,,,163,,,101,137,1.05,,0.05,Strikes deal Splash Damage,,,,,,,,
Two Hand Maces,Ruination Maul,79,NMR,4,2,,,,defa,,,163,,,104,127,1.1,,0.08,"Causes Enemies to Explode on [Critical] kill, for 10% of their Life as Physical Damage",for 10% of their Life as Physical Damage,,,,,,,
Two Hand Maces,Massive Greathammer,77,NMR,4,2,,,,defa,,,163,,,119,161,1.1,,0.05,,,,,,,,,
Quarterstaves,Wrapped Quarterstaff,1,NMRU,4,2,,,,defa,,,,,,7,12,1.4,,0.1,,,,,,,,,
Quarterstaves,Long Quarterstaff,4,NMRU,4,2,,,,defa,,,,10,,9,18,1.4,,0.1,16% increased [Melee] [Strike] Range with this weapon,,,,,,,,
Quarterstaves,Gothic Quarterstaff,11,NMRU,4,2,,,,defa,,,,18,9,16,26,1.4,,0.12,,,,,,,,,
Quarterstaves,Crackling Quarterstaff,16,NMR,4,2,,,,defa,,,,25,12,13,54,1.4,,0.1,,,,,,,,,
Quarterstaves,Crescent Quarterstaff,20,NMRU,4,2,,,,defa,,,,30,14,19,39,1.5,,0.1,,,,,,,,,
Quarterstaves,Steelpoint Quarterstaff,28,NMRU,4,2,,,,defa,,,,41,18,28,51,1.4,,0.1,,,,,,,,,
Quarterstaves,Slicing Quarterstaff,33,NMR,4,2,,,,defa,,,,47,20,29,60,1.4,,0.1,,,,,,,,,
Quarterstaves,Barrier Quarterstaff,37,NMR,4,2,,,,defa,,,,52,22,33,55,1.4,,0.1,+12-18% to [Block] chance,,,,,,,,
Quarterstaves,Hefty Quarterstaff,45,NMR,4,2,,,,defa,,,,64,26,39,81,1.3,,0.1,20-50% chance to [Daze] on Hit,,,,,,,,
Quarterstaves,Smooth Quarterstaff,49,NMR,4,2,,,,defa,,,,68,28,64,87,1.5,,0.1,,,,,,,,,
Quarterstaves,Anima Quarterstaff,52,NMR,4,2,,,,disa,,,,93,37,47,79,1.4,,0.1,,,,,,,,,
Quarterstaves,Graceful Quarterstaff,56,NMR,4,2,,,,disa,,,,100,40,47,87,1.4,,0.1,,,,,,,,,
Quarterstaves,Wyrm Quarterstaff,65,NMRU,4,2,,,,disa,,,,116,45,57,94,1.4,,0.1,,,,,,,,,
Quarterstaves,Waxing Quarterstaff,54,NMR,4,2,,,,defa,,,,75,30,39,82,1.5,,0.1,,,,,,,,,
Quarterstaves,Bladed Quarterstaff,59,NMR,4,2,,,,defa,,,,81,33,45,94,1.4,,0.1,,,,,,,,,
Quarterstaves,Guardian Quarterstaff,62,NMR,4,2,,,,defa,,,,85,34,49,82,1.4,,0.1,+12-18% to [Block] chance,,,,,,,,
Quarterstaves,Sinister Quarterstaff,67,NMR,4,2,,,,defa,,,,104,41,55,91,1.4,,0.12,,,,,,,,,
Quarterstaves,Lunar Quarterstaff,72,NMR,4,2,,,,defa,,,,115,46,50,103,1.5,,0.1,,,,,,,,,
Quarterstaves,Skullcrusher Quarterstaff,75,NMR,4,2,,,,defa,,,,127,50,65,108,1.4,,0.1,20-50% chance to [Daze] on Hit,,,,,,,,
Quarterstaves,Striking Quarterstaff,77,NMR,4,2,,,,defa,,,,127,50,53,111,1.4,,0.1,16% increased [Melee] [Strike] Range with this weapon,,,,,,,,
Quarterstaves,Razor Quarterstaff,77,NMR,4,2,,,,defa,,,,127,50,65,108,1.4,,0.1,,,,,,,,,
Quarterstaves,Bolting Quarterstaff,78,NMR,4,2,,,,defa,,,,127,50,43,172,1.4,,0.1,,,,,,,,,
Quarterstaves,Aegis Quarterstaff,79,NMR,4,2,,,,defa,,,,127,50,58,97,1.4,,0.1,+12-18% to [Block] chance,,,,,,,,
Quarterstaves,Dreaming Quarterstaff,78,NMR,4,2,,,,defa,,,,127,50,99,133,1.5,,0,,,,,,,,,
Crossbows,Makeshift Crossbow,1,NMRU,4,2,,,,defa,,,,,,6,10,1.6,,0.05,,,,,,,,,
Crossbows,Tense Crossbow,4,NMRU,4,2,,,,defa,,,,,,8,15,1.6,,0.05,20-30% increased Bolt Speed,,,,,,,,
Crossbows,Sturdy Crossbow,10,NMR,4,2,,,,defa,,,13,13,,11,26,1.55,,0.05,,,,,,,,,
Crossbows,Varnished Crossbow,16,NMR,4,2,,,,defa,,,19,19,,12,36,1.6,,0.05,,,,,,,,,
Crossbows,Dyad Crossbow,20,NMR,4,2,,,,defa,,,22,22,,9,37,1.6,,0.05,Loads an additional bolt,,,,,,,,
Crossbows,Alloy Crossbow,26,NMR,4,2,,,,defa,,,28,28,,12,50,1.7,,0.05,,,,,,,,,
Crossbows,Bombard Crossbow,33,NMR,4,2,,,,defa,,,34,34,,14,56,1.65,,0.05,[Grenade] Skills Fire an additional Projectile,,,,,,,,
Crossbows,Construct Crossbow,38,NMR,4,2,,,,defa,,,39,39,,18,72,1.6,,0.05,,,,,,,,,
Crossbows,Blackfire Crossbow,45,NMR,4,2,,,,defa,,,46,46,,20,82,1.6,,0.07,,,,,,,,,
Crossbows,Piercing Crossbow,50,NMR,4,2,,,,defa,,,49,49,,21,84,1.65,,0.05,20-30% chance to Pierce an Enemy,,,,,,,,
Crossbows,Cumbrous Crossbow,52,NMR,4,2,,,,disa,,,66,66,,16,63,1.6,,0.05,+1 to maximum number of Summoned Ballista Totems,,,,,,,,
Crossbows,Dedalian Crossbow,56,NMR,4,2,,,,disa,,,71,71,,21,83,1.55,,0.07,,,,,,,,,
Crossbows,Esoteric Crossbow,65,NMR,4,2,,,,disa,,,81,81,,24,96,1.6,,0.05,,,,,,,,,
Crossbows,Elegant Crossbow,78,NMR,4,2,,,,defa,,,89,89,,31,123,1.65,,0.05,20-30% chance to Pierce an Enemy,,,,,,,,
Crossbows,Twin Crossbow,54,NMR,4,2,,,,defa,,,53,53,,20,82,1.6,,0.05,Loads an additional bolt,,,,,,,,
Crossbows,Cannonade Crossbow,59,NMR,4,2,,,,defa,,,58,58,,23,90,1.65,,0.05,[Grenade] Skills Fire an additional Projectile,,,,,,,,
Crossbows,Bleak Crossbow,62,NMR,4,2,,,,defa,,,60,60,,27,109,1.6,,0.05,,,,,,,,,
Crossbows,Stout Crossbow,67,NMR,4,2,,,,defa,,,74,74,,30,119,1.55,,0.05,,,,,,,,,
Crossbows,Engraved Crossbow,72,NMR,4,2,,,,defa,,,82,82,,31,124,1.6,,0.05,,,,,,,,,
Crossbows,Flexed Crossbow,77,NMR,4,2,,,,defa,,,89,89,,32,127,1.6,,0.05,20-30% increased Bolt Speed,,,,,,,,
Crossbows,Gemini Crossbow,78,NMR,4,2,,,,defa,,,89,89,,28,112,1.6,,0.05,Loads an additional bolt,,,,,,,,
Crossbows,Siege Crossbow,79,NMR,4,2,,,,defa,,,89,89,,29,115,1.65,,0.05,[Grenade] Skills Fire an additional Projectile,,,,,,,,
Crossbows,Desolate Crossbow,77,NMRU,4,2,,,,defa,,,89,89,,33,132,1.6,,0.05,,,,,,,,,
Staves,Ashen Staff,1,NMRU,4,1,,,,defa,,,,,,,,,,,Grants Skill: Firebolt,,,,,,,,
Staves,Gelid Staff,2,NMRU,4,1,,,,defa,,,,,,,,,,,Grants Skill: Freezing Shards,,,,,,,,
Staves,Voltaic Staff,2,NMRU,4,1,,,,defa,,,,,,,,,,,Grants Skill: Lightning Bolt,,,,,,,,
Staves,Spriggan Staff,11,NMR,4,1,,,,disa,,,,,,,,,,,Grants Skill: Firebolt,,,,,,,,
Staves,Pyrophyte Staff,16,NMRU,4,1,,,,defa,,,,,,,,,,,Grants Skill: Solar Orb,,,,,,,,
Staves,Chiming Staff,25,NMRU,4,1,,,,defa,,,,,,,,,,,Grants Skill: Sigil of Power,,,,,,,,
Staves,Rending Staff,33,NMR,4,1,,,,disa,,,,,,,,,,,Grants Skill: Soulrend,,,,,,,,
Staves,Reaping Staff,38,NMR,4,1,,,,defa,,,,,,,,,,,Grants Skill: Reap,,,,,,,,
Staves,Icicle Staff,45,NMR,4,1,,,,disa,,,,,,,,,,,Grants Skill: Firebolt,,,,,,,,
Staves,Roaring Staff,49,NMR,4,1,,,,defa,,,,,,,,,,,Grants Skill: Unleash,,,,,,,,
Staves,Paralysing Staff,52,NMR,4,1,,,,defa,,,,,,,,,,,Grants Skill: Enervating Nova,,,,,,,,
Staves,Cleric Staff,99,NMR,4,1,,,,disa,,,,,,,,,,,Grants Skill: Consecrate,,,,,,,,
Staves,Dark Staff,65,NMR,4,1,,,,disa,,,,,,,,,,,Grants Skill: Dark Pact,,,,,,,,
Staves,Permafrost Staff,75,NMRU,4,1,,,,disa,,,,,,,,,,,Grants Skill: Heart of Ice,,,,,,,,
Staves,Sanctified Staff,56,NMR,4,1,,,,defa,,,,,,,,,,,Grants Skill: Consecrate,,,,,,,,
Staves,Ravenous Staff,65,U,4,1,,,,disa,,,,,,,,,,,Grants Skill: Feast of Flesh,,,,,,,,
Staves,Reflecting Staff,70,U,4,1,,,,disa,,,,,,,,,,,Grants Skill: Mirror of Refraction,,,,,,,,
Fishing Rods,Fishing Rod,1,NMR,4,1,,,,defa,,,,,,5,10,1.5,,0.05,,,,,,,,,
Spears,Hardwood Spear,1,NMR,4,1,,,,defa,,,,,,5,9,1.5,,0.05,Grants Skill: Spear Throw,,,,,,,,
Spears,Ironhead Spear,5,NMR,4,1,,,,defa,,,,10,,9,12,1.6,,0.05,Grants Skill: Spear Throw,,,,,,,,
Spears,Hunting Spear,10,NMR,4,1,,,,defa,,,9,17,,10,18,1.55,,0.05,Grants Skill: Spear Throw,,,,,,,,
Spears,Winged Spear,16,NMR,4,1,,,,defa,,,12,25,,12,22,1.65,,0.05,Grants Skill: Spear Throw,,,,,,,,
Spears,War Spear,21,NMR,4,1,,,,defa,,,14,31,,16,27,1.6,,0.05,Grants Skill: Spear Throw,,,,,,,,
Spears,Forked Spear,26,NMR,4,1,,,,defa,,,17,38,,13,38,1.55,,0.05,Grants Skill: Spear Throw,,,,,,,,
Spears,Barbed Spear,33,NMR,4,1,,,,defa,,,20,47,,20,38,1.5,,0.06,Grants Skill: Spear Throw,Bleeding you inflict deals damage 10-20% faster,,,,,,,
Spears,Broad Spear,40,NMR,4,1,,,,defa,,,23,56,,32,48,1.4,,0.05,Grants Skill: Spear Throw,25% increased melee strike range with this weapon,,,,,,,
Spears,Crossblade Spear,45,NMR,4,1,,,,defa,,,26,64,,25,52,1.6,,0.07,Grants Skill: Spear Throw,Prevent +3-7% of damage previously deflected hits,,,,,,,
Spears,Seaglass Spear,51,NMR,4,1,,,,defa,,,29,71,50,29,53,1.6,,0.07,Grants Skill: Spear Throw,,,,,,,,
Spears,Branched Spear,54,NMR,4,1,,,,defa,,,30,75,,23,69,1.55,,0.05,Grants Skill: Spear Throw,,,,,,,,
Spears,Akoyan Spear,78,NMR,4,1,,,,defa,,,50,127,90,39,72,1.6,,0.07,Grants Skill: Spear Throw,,,,,,,,
Spears,Jagged Spear,59,NMR,4,1,,,,defa,,,33,81,,33,61,1.5,,0.06,Grants Skill: Spear Throw,Bleeding you inflict deals damage 10-20% faster,,,,,,,
Spears,Massive Spear,62,NMR,4,1,,,,disa,,,44,110,,38,70,1.5,,0.05,Grants Skill: Spear Throw,,,,,,,,
Spears,Helix Spear,65,NMR,4,1,,,,defa,,,36,89,,37,68,1.6,,0.05,Grants Skill: Spear Throw,,,,,,,,
Spears,Orichalcum Spear,67,NMR,4,1,,,,defa,,,41,104,,38,70,1.6,,0.05,Grants Skill: Spear Throw,,,,,,,,
Spears,Soaring Spear,70,NMR,4,1,,,,defa,,,50,127,,46,77,1.5,,0.05,Grants Skill: Spear Throw,,,,,,,,
Spears,Pronged Spear,72,NMR,4,1,,,,defa,,,46,115,,30,75,1.55,,0.05,Grants Skill: Spear Throw,,,,,,,,
Spears,Guardian Spear,75,NMR,4,1,,,,defa,,,50,127,,56,85,1.4,,0.05,Grants Skill: Spear Throw,,,,,,,,
Spears,Spiked Spear,77,NMR,4,1,,,,defa,,,50,127,,41,89,1.5,,0.06,Grants Skill: Spear Throw,Bleeding you inflict deals damage 10-20% faster,,,,,,,
Spears,Stalking Spear,77,NMR,4,1,,,,defa,,,50,127,,44,82,1.55,,0.05,Grants Skill: Spear Throw,,,,,,,,
Spears,Flying Spear,78,NMR,4,1,,,,defa,,,50,127,,46,77,1.5,,0.05,Grants Skill: Spear Throw,,,,,,,,
Spears,Grand Spear,79,NMR,4,1,,,,defa,,,50,127,,56,85,1.4,,0.05,Grants Skill: Spear Throw,25% increased melee strike range with this weapon,,,,,,,
Support Gems,Atalui's Bloodletting,65,,1,1,,,,LineageGems,,,,,,,,,,,,,,,,,,,
Support Gems,Einhar's Beastrite,65,,1,1,,,,LineageGems,,,,,,,,,,,,,,,,,,,
Support Gems,Vilenta's Propulsion,65,,1,1,,,,LineageGems,,,,,,,,,,,,,,,,,,,
Support Gems,Ahn's Citadel,65,,1,1,,,,LineageGems,,,,,,,,,,,,,,,,,,,
Support Gems,Brutus' Brain,65,,1,1,,,,LineageGems,,,,,,,,,,,,,,,,,,,
Support Gems,Tecrod's Revenge,65,,1,1,,,,LineageGems,,,,,,,,,,,,,,,,,,,
Support Gems,Uruk's Smelting,65,,1,1,,,,LineageGems,,,,,,,,,,,,,,,,,,,
Support Gems,Paquate's Pact,65,,1,1,,,,LineageGems,,,,,,,,,,,,,,,,,,,
Support Gems,Ailith's Chimes,65,,1,1,,,,LineageGems,,,,,,,,,,,,,,,,,,,
Support Gems,Doedre's Undoing,65,,1,1,,,,LineageGems,,,,,,,,,,,,,,,,,,,
Support Gems,Ratha's Assault,65,,1,1,,,,LineageGems,,,,,,,,,,,,,,,,,,,
Support Gems,Arjun's Medal,65,,1,1,,,,LineageGems,,,,,,,,,,,,,,,,,,,
Support Gems,Kaom's Madness,65,,1,1,,,,LineageGems,,,,,,,,,,,,,,,,,,,
Support Gems,Sione's Temper,65,,1,1,,,,LineageGems,,,,,,,,,,,,,,,,,,,
Support Gems,Ixchel's Torment,65,,1,1,,,,LineageGems,,,,,,,,,,,,,,,,,,,
Support Gems,Romira's Requital,65,,1,1,,,,LineageGems,,,,,,,,,,,,,,,,,,,
Support Gems,Tawhoa's Tending,65,,1,1,,,,LineageGems,,,,,,,,,,,,,,,,,,,
Support Gems,Dominus' Grasp,65,,1,1,,,,LineageGems,,,,,,,,,,,,,,,,,,,
Support Gems,Dialla's Desire,65,,1,1,,,,LineageGems,,,,,,,,,,,,,,,,,,,
Support Gems,Kalisa's Crescendo,65,,1,1,,,,LineageGems,,,,,,,,,,,,,,,,,,,
Support Gems,Xoph's Pyre,65,,1,1,,,,LineageGems,,,,,,,,,,,,,,,,,,,
Support Gems,Esh's Radiance,65,,1,1,,,,LineageGems,,,,,,,,,,,,,,,,,,,
Support Gems,Tul's Stillness,65,,1,1,,,,LineageGems,,,,,,,,,,,,,,,,,,,
Support Gems,Uul-Netol's Embrace,65,,1,1,,,,LineageGems,,,,,,,,,,,,,,,,,,,
Support Gems,Rakiata's Flow,65,,1,1,,,,LineageGems,,,,,,,,,,,,,,,,,,,
Support Gems,Rigwald's Ferocity,65,,1,1,,,,LineageGems,,,,,,,,,,,,,,,,,,,
Support Gems,Uhtred's Exodus,65,,1,1,,,,LineageGems,,,,,,,,,,,,,,,,,,,
Support Gems,Uhtred's Omen,65,,1,1,,,,LineageGems,,,,,,,,,,,,,,,,,,,
Support Gems,Uhtred's Augury,65,,1,1,,,,LineageGems,,,,,,,,,,,,,,,,,,,
Support Gems,Daresso's Passion,65,,1,1,,,,LineageGems,,,,,,,,,,,,,,,,,,,
Support Gems,Atziri's Allure,65,,1,1,,,,LineageGems,,,,,,,,,,,,,,,,,,,
Support Gems,Tacati's Ire,65,,1,1,,,,LineageGems,,,,,,,,,,,,,,,,,,,
Support Gems,Zarokh's Refrain,65,,1,1,,,,LineageGems,,,,,,,,,,,,,,,,,,,
Support Gems,Garukhan's Resolve,65,,1,1,,,,LineageGems,,,,,,,,,,,,,,,,,,,
Support Gems,Kurgal's Leash,25,,1,1,,,,LineageGems,,,,,,,,,,,,,,,,,,,
Support Gems,Kulemak's Dominion,25,,1,1,,,,LineageGems,,,,,,,,,,,,,,,,,,,
Support Gems,Amanamu's Tithe,25,,1,1,,,,LineageGems,,,,,,,,,,,,,,,,,,,
Support Gems,Varashta's Blessing,65,,1,1,,,,LineageGems,,,,,,,,,,,,,,,,,,,
Support Gems,Arbiter's Ignition,65,,1,1,,,,LineageGems,,,,,,,,,,,,,,,,,,,
Support Gems,Arakaali's Lust,65,,1,1,,,,LineageGems,,,,,,,,,,,,,,,,,,,
Support Gems,Cirel's Cultivation,65,,1,1,,,,LineageGems,,,,,,,,,,,,,,,,,,,
Support Gems,Xibaqua's Rending,65,,1,1,,,,LineageGems,,,,,,,,,,,,,,,,,,,
Support Gems,Oisín's Oath,65,,1,1,,,,LineageGems,,,,,,,,,,,,,,,,,,,
Support Gems,Tasalio's Rhythm,65,,1,1,,,,LineageGems,,,,,,,,,,,,,,,,,,,
Support Gems,Atziri's Communion,65,,1,1,,,,LineageGems,,,,,,,,,,,,,,,,,,,
Support Gems,Dreamer's Knell,65,,1,1,,,,LineageGems,,,,,,,,,,,,,,,,,,,
Support Gems,Khatal's Rejuvenation,65,,1,1,,,,LineageGems,,,,,,,,,,,,,,,,,,,
Support Gems,Helbrym's Hide,65,,1,1,,,,LineageGems,,,,,,,,,,,,,,,,,,,
Support Gems,Atziri's Call,65,,1,1,,,,LineageGems,,,,,,,,,,,,,,,,,,,
Support Gems,Guatelitzi's Ablation,65,,1,1,,,,LineageGems,,,,,,,,,,,,,,,,,,,
Support Gems,Morgana's Tempest,65,,1,1,,,,LineageGems,,,,,,,,,,,,,,,,,,,
Support Gems,Hayoxi's Fulmination,65,,1,1,,,,LineageGems,,,,,,,,,,,,,,,,,,,
Support Gems,Eonyr's Thunder,65,,1,1,,,,LineageGems,,,,,,,,,,,,,,,,,,,
Support Gems,Bhatair's Vengeance,65,,1,1,,,,LineageGems,,,,,,,,,,,,,,,,,,,
Support Gems,Atziri's Impatience,65,,1,1,,,,LineageGems,,,,,,,,,,,,,,,,,,,
Support Gems,Zarokh's Revolt,1,,1,1,,,,LineageGems,,,,,,,,,,,,,,,,,,,
Support Gems,Zerphi's Infamy,65,,1,1,,,,LineageGems,,,,,,,,,,,,,,,,,,,
Support Gems,Breachlord's Rift,65,,1,1,,,,LineageGems,,,,,,,,,,,,,,,,,,,
Instance Local Items,Small Soul Core,1,,2,1,,,,defa,,,,,,,,,,,,,,,,,,,
Instance Local Items,Medium Soul Core,1,,2,2,,,,defa,,,,,,,,,,,,,,,,,,,
Instance Local Items,Frost Core,1,,2,1,,,,defa,,,,,,,,,,,,,,,,,,,
Stackable Currency,Core Destabiliser,1,,1,1,,,,vaal,,,,,,,,,,,"Modifies a Soul Core unpredictably, with a chance to destroy it",,,,,,,,
Stackable Currency,Vaal Armourer's Infuser,1,,1,1,,,,vaal,,,,,,,,,,,"Improves the quality of an [Armour],\nexceeding maximum quality by up to 10% with a chance of Corrupting it",,,,,,,,
Stackable Currency,Architect's Orb,1,,1,1,,,,vaal,,,,,,,,,,,Modifies a [Corrupted] [Equipment] or [Jewel] item unpredictably or destroys it,,,,,,,,
Stackable Currency,Ancient Infuser,1,,1,1,,,,vaal,,,,,,,,,,,Modifies a Tablet unpredictably and Corrupts it,,,,,,,,
Stackable Currency,Orb of Extraction,1,,1,1,,,,vaal,,,,,,,,,,,"Destroys an [Equipment] item, returning any non Socket-Bound Augments socketed in it",,,,,,,,
Stackable Currency,Crystallised Corruption,1,,1,1,,,,vaal,,,,,,,,,,,Modifies a [Corrupted] Skill Gem unpredictably or destroys it,,,,,,,,
Stackable Currency,Vaal Cultivation Orb,1,,1,1,,,,vaal,,,,,,,,,,,Replaces up to 2 modifiers on a [Corrupted] Vaal Unique\nReplaces other Uniques with a Corrupted Unique of the same Item Class,,,,,,,,
Augment,Quipolatl's Thesis,65,,1,1,,,,defa,,,,,,,,,,,Body Armours: +75% of Armour also applies to Chaos Damage while on full Energy Shield\nGloves: Your Energy Shield Recharge starts when your Minions are Reformed\nHelmets: A random Skill that requires Glory generates 50% of its maximum Glory when your Marks Activate,,,,,,,,
Augment,Jiquani's Thesis,65,,1,1,,,,defa,,,,,,,,,,,"Boots: Increases and Reductions to Movement Speed also\n apply to Energy Shield Recharge Rate\nGloves: Energy Shield Recharge starts after spending a total of\n 2000 Mana, no more than once every 2 seconds\nHelmets: +1 to maximum Mana per 2 Item Energy Shield on [Equipped] Helmet",,,,,,,,
Augment,Guatelitzi's Thesis,65,,1,1,,,,defa,,,,,,,,,,,Body Armours: 10% of Physical Damage prevented Recouped as Life\nBoots: Lose 5% of maximum Life per second while Sprinting\nBoots: 25% increased Movement Speed while Sprinting\nHelmets: Gain [Armour] equal to 35% of Life Lost from Hits in the past 8 seconds,,,,,,,,
Augment,Citaqualotl's Thesis,65,,1,1,,,,defa,,,,,,,,,,,Body Armours: You [Recoup] 50% of Damage taken by your Offerings as Life\nBoots: [Sacrifice] 10% of maximum Life to gain that much [Guard] when you Dodge Roll\nGloves: One of your [Persistent] Minions revives when an [Offering] expires,,,,,,,,
Incubators,Vaal Siphoner,1,,1,1,,,,defa,,,,,,,,,,,"Adds a kill threshold to a [Corrupted] Rare [Jewellery] item, when threshold is met\nSiphons a random modifier and improves the numeric values of other modifiers",,,,,,,,
Talismans,Changeling Talisman,1,NMR,2,2,,,,defa,,,,,,9,15,1.25,,0.08,,,,,,,,,
Talismans,Nettle Talisman,5,NMR,2,2,,,,defa,,,9,,8,12,20,1.25,,0.11,,,,,,,,,
Talismans,Cinderbark Talisman,10,NMR,2,2,,,,defa,,,15,,11,12,25,1.2,,0.08,50-80% increased [Flammability] Magnitude,,,,,,,,
Talismans,Familial Talisman,16,NMR,2,2,,,,defa,,,21,,16,20,34,1.25,,0.08,Minions deal 30-50% increased Damage,,,,,,,,
Talismans,Frenzied Talisman,22,NMR,2,2,,,,defa,,,28,,20,23,38,1.4,,0.08,,,,,,,,,
Talismans,Primal Talisman,28,NMR,2,2,,,,defa,,,34,,25,31,46,1.3,,0.08,+14-18% to [Block] chance,,,,,,,,
Talismans,Rabid Talisman,34,NMR,2,2,,,,defa,,,40,,29,31,58,1.25,,0.08,+7-10 to Maximum [Rage],,,,,,,,
Talismans,Vicious Talisman,40,NMR,2,2,,,,defa,,,47,,34,43,71,1.25,,0.08,,,,,,,,,
Talismans,Voltfang Talisman,46,NMR,2,2,,,,defa,,,53,,38,16,91,1.3,,0.08,20-30% increased Magnitude of Shock you inflict,,,,,,,,
Talismans,Lumbering Talisman,52,NMR,2,2,,,,defa,,,60,,43,71,107,1.1,,0.08,,,,,,,,,
Talismans,Howling Talisman,55,NMR,2,2,,,,defa,,,63,,45,52,78,1.3,,0.08,+14-18% to [Block] chance,,,,,,,,
Talismans,Roaring Talisman,58,NMR,2,2,,,,defa,,,66,,47,57,96,1.25,,0.08,+7-10 to Maximum [Rage],,,,,,,,
Talismans,Fury Talisman,59,NMR,2,2,,,,defa,,,67,,48,49,91,1.25,,0.08,+7-10 to Maximum [Rage],,,,,,,,
Talismans,Cruel Talisman,63,NMR,2,2,,,,defa,,,72,,51,62,103,1.25,,0.08,,,,,,,,,
Talismans,Condemned Talisman,65,NMR,2,2,,,,defa,,,74,,52,68,113,1.25,,0.08,10-20% increased Effect of your [Mark] Skills,,,,,,,,
Talismans,Wingbeat Talisman,65,NMR,2,2,,,,defa,,,74,,52,45,83,1.45,,0.08,,,,,,,,,
Talismans,Spiny Talisman,67,NMR,2,2,,,,defa,,,86,,65,60,99,1.25,,0.08,,,,,,,,,
Talismans,Wildwood Talisman,70,NMR,2,2,,,,defa,,,98,,72,67,112,1.25,,0.08,,,,,,,,,
Talismans,Ashbark Talisman,72,NMR,2,2,,,,defa,,,94,,67,50,105,1.2,,0.08,50-80% increased [Flammability] Magnitude,,,,,,,,
Talismans,Alpha Talisman,75,NMR,2,2,,,,defa,,,98,,72,63,94,1.3,,0.08,+14-18% to [Block] chance,,,,,,,,
Talismans,Fang Talisman,77,NMR,2,2,,,,defa,,,89,,68,70,116,1.25,,0.08,Minions deal 30-50% increased Damage,,,,,,,,
Talismans,Thunder Talisman,77,NMR,2,2,,,,defa,,,102,,72,23,130,1.3,,0.08,20-30% increased Magnitude of Shock you inflict,,,,,,,,
Talismans,Fungal Talisman,78,NMR,2,2,,,,defa,,,96,,70,59,98,1.4,,0.08,,,,,,,,,
Talismans,Jade Talisman,78,NMR,2,2,,,,defa,,,109,,65,101,151,1.1,,0.08,,,,,,,,,
Talismans,Maji Talisman,79,NMR,2,2,,,,defa,,,100,,67,61,114,1.25,,0.08,+7-10 to Maximum [Rage],,,,,,,,
Stackable Currency,Vaal Blacksmith's Infuser,1,,1,1,,,,defa,,,,,,,,,,,"Improves the quality of a Martial Weapon,\nexceeding maximum quality by up to 10% with a chance of Corrupting it",,,,,,,,
Stackable Currency,Vaal Arcanist's Infuser,1,,1,1,,,,defa,,,,,,,,,,,"Improves the quality of a wand, staff or sceptre,\nexceeding maximum quality by up to 10% with a chance of Corrupting it",,,,,,,,
Stackable Currency,Vaal Catalysing Infuser,1,,1,1,,,,defa,,,,,,,,,,,"Improves the quality of a ring or amulet,\nexceeding maximum quality by up to 10% with a chance of Corrupting it",,,,,,,,
Stackable Currency,Essence of the Breach,1,,1,1,,,,defa,,,,,,,,,,,Removes a random modifier and augments a Rare item with a new guaranteed modifier,,,,,,,,
Stackable Currency,Refined Flesh Catalyst,50,,1,1,,,,defa,,,,,,,,,,,Adds quality that enhances Life modifiers on a jewel\nReplaces other quality types,,,,,,,,
Stackable Currency,Refined Neural Catalyst,50,,1,1,,,,defa,,,,,,,,,,,Adds quality that enhances Mana modifiers on a jewel\nReplaces other quality types,,,,,,,,
Stackable Currency,Refined Carapace Catalyst,50,,1,1,,,,defa,,,,,,,,,,,"Adds quality that enhances [Armour], [Evasion] and Energy Shield modifiers on a jewel\nReplaces other quality types",,,,,,,,
Stackable Currency,Refined Uul-Netol's Catalyst,50,,1,1,,,,defa,,,,,,,,,,,Adds quality that enhances [Physical] modifiers on a jewel\nReplaces other quality types,,,,,,,,
Stackable Currency,Refined Xoph's Catalyst,50,,1,1,,,,defa,,,,,,,,,,,Adds quality that enhances [Fire] modifiers on a jewel\nReplaces other quality types,,,,,,,,
Stackable Currency,Refined Tul's Catalyst,50,,1,1,,,,defa,,,,,,,,,,,Adds quality that enhances [Cold] modifiers on a jewel\nReplaces other quality types,,,,,,,,
Stackable Currency,Refined Esh's Catalyst,50,,1,1,,,,defa,,,,,,,,,,,Adds quality that enhances [Lightning] modifiers on a jewel\nReplaces other quality types,,,,,,,,
Stackable Currency,Refined Chayula's Catalyst,50,,1,1,,,,defa,,,,,,,,,,,Adds quality that enhances [Chaos] modifiers on a jewel\nReplaces other quality types,,,,,,,,
Stackable Currency,Refined Reaver Catalyst,50,,1,1,,,,defa,,,,,,,,,,,Adds quality that enhances [Attack] modifiers on a jewel\nReplaces other quality types,,,,,,,,
Stackable Currency,Refined Sibilant Catalyst,50,,1,1,,,,defa,,,,,,,,,,,Adds quality that enhances Caster modifiers on a jewel\nReplaces other quality types,,,,,,,,
Stackable Currency,Refined Skittering Catalyst,50,,1,1,,,,defa,,,,,,,,,,,Adds quality that enhances Speed modifiers on a jewel\nReplaces other quality types,,,,,,,,
Stackable Currency,Refined Adaptive Catalyst,50,,1,1,,,,defa,,,,,,,,,,,Adds quality that enhances Attribute modifiers on a jewel\nReplaces other quality types,,,,,,,,
Stackable Currency,Ancient Diluted Liquid Ire,1,,1,1,,,,defa,,,,,,,,,,,Removes a random modifer and Augments a Rare Time-Lost [Jewel] with a\nnew guaranteed [Crafted] modifier,,,,,,,,
Stackable Currency,Ancient Diluted Liquid Guilt,1,,1,1,,,,defa,,,,,,,,,,,Removes a random modifer and Augments a Rare Time-Lost [Jewel] with a\nnew guaranteed [Crafted] modifier,,,,,,,,
Stackable Currency,Ancient Diluted Liquid Greed,1,,1,1,,,,defa,,,,,,,,,,,Removes a random modifer and Augments a Rare Time-Lost [Jewel] with a\nnew guaranteed [Crafted] modifier,,,,,,,,
Stackable Currency,Ancient Liquid Paranoia,1,,1,1,,,,defa,,,,,,,,,,,Removes a random modifer and Augments a Rare Time-Lost [Jewel] with a\nnew guaranteed [Crafted] modifier,,,,,,,,
Stackable Currency,Ancient Liquid Envy,1,,1,1,,,,defa,,,,,,,,,,,Removes a random modifer and Augments a Rare Time-Lost [Jewel] with a\nnew guaranteed [Crafted] modifier,,,,,,,,
Stackable Currency,Ancient Liquid Disgust,1,,1,1,,,,defa,,,,,,,,,,,Removes a random modifer and Augments a Rare Time-Lost [Jewel] with a\nnew guaranteed [Crafted] modifier,,,,,,,,
Stackable Currency,Ancient Liquid Despair,1,,1,1,,,,defa,,,,,,,,,,,Removes a random modifer and Augments a Rare Time-Lost [Jewel] with a\nnew guaranteed [Crafted] modifier,,,,,,,,
Stackable Currency,Ancient Concentrated Liquid Fear,69,,1,1,,,,defa,,,,,,,,,,,Removes a random modifer and Augments a Rare Time-Lost [Jewel] with a\nnew guaranteed [Crafted] modifier,,,,,,,,
Stackable Currency,Ancient Concentrated Liquid Suffering,73,,1,1,,,,defa,,,,,,,,,,,Removes a random modifer and Augments a Rare Time-Lost [Jewel] with a\nnew guaranteed [Crafted] modifier,,,,,,,,
Stackable Currency,Ancient Concentrated Liquid Isolation,77,,1,1,,,,defa,,,,,,,,,,,Removes a random modifer and Augments a Rare Time-Lost [Jewel] with a\nnew guaranteed [Crafted] modifier,,,,,,,,
Stackable Currency,Potent Liquid Melancholy,65,,1,1,,,,defa,,,,,,,,,,,Removes a random modifer and Augments a Rare Basic Jewel with a\nnew guaranteed [Crafted] modifier\nCan be used at The Withered Willow to Instil Amulets with a Notable Passive Skill.,,,,,,,,
Stackable Currency,Potent Liquid Ferocity,65,,1,1,,,,defa,,,,,,,,,,,Removes a random modifer and Augments a Rare Basic Jewel with a\nnew guaranteed [Crafted] modifier\nCan be used at The Withered Willow to Instil Amulets with a Notable Passive Skill.,,,,,,,,
Stackable Currency,Potent Liquid Contempt,65,,1,1,,,,defa,,,,,,,,,,,Removes a random modifer and Augments a Rare Basic Jewel with a\nnew guaranteed [Crafted] modifier\nCan be used at The Withered Willow to Instil Amulets with a Notable Passive Skill.,,,,,,,,
Stackable Currency,Ancient Potent Liquid Melancholy,65,,1,1,,,,defa,,,,,,,,,,,Removes a random modifer and Augments a Rare Time-Lost [Jewel] with a\nnew guaranteed [Crafted] modifier,,,,,,,,
Stackable Currency,Ancient Potent Liquid Ferocity,65,,1,1,,,,defa,,,,,,,,,,,Removes a random modifer and Augments a Rare Time-Lost [Jewel] with a\nnew guaranteed [Crafted] modifier,,,,,,,,
Stackable Currency,Ancient Potent Liquid Contempt,65,,1,1,,,,defa,,,,,,,,,,,Removes a random modifer and Augments a Rare Time-Lost [Jewel] with a\nnew guaranteed [Crafted] modifier,,,,,,,,
Stackable Currency,Shattered Triskelion,1,,2,2,,,,xeno,,,,,,,,,,,Can be repaired at the Verisium Anvil.,,,,,,,,
Stackable Currency,Altered Collarbone,1,,1,1,,,,defa,,,,,,,,,,,"Desecrates a Rare Amulet, Ring or Belt with a\nchance for otherworldly modifiers",,,,,,,,
Stackable Currency,Verisium,13,,1,1,,,,defa,,,,,,,,,,,Can be used at the Verisium Anvil to transform Equipment.,,,,,,,,
Stackable Currency,Exceptional Verisium,65,,1,1,,,,xeno,,,,,,,,,,,Can be used at the Verisium Anvil to transform Equipment.,,,,,,,,
Stackable Currency,Medved's Crest of the Circle,13,,1,1,,,,xeno,,,,,,,,,,,Can be used at the Verisium Anvil to transform Unique items.,,,,,,,,
Stackable Currency,Vorana's Crest of the Scythe,23,,1,1,,,,xeno,,,,,,,,,,,Can be used at the Verisium Anvil to transform Unique items.,,,,,,,,
Stackable Currency,Uhtred's Crest of the Chalice,38,,1,1,,,,xeno,,,,,,,,,,,Can be used at the Verisium Anvil to transform Unique items.,,,,,,,,
Stackable Currency,Olroth's Crest of the Sun,65,,1,1,,,,xeno,,,,,,,,,,,Can be used at the Verisium Anvil to transform Unique items.,,,,,,,,
Stackable Currency,Runic Alloy,13,,1,1,,,,xeno,,,,,,,,,,,Removes a random modifier and augments a Rare item with a new guaranteed modifier,,,,,,,,
Stackable Currency,Adaptive Alloy,23,,1,1,,,,xeno,,,,,,,,,,,Removes a random modifier and augments a Rare item with a new guaranteed modifier,,,,,,,,
Stackable Currency,Protective Alloy,23,,1,1,,,,xeno,,,,,,,,,,,Removes a random modifier and augments a Rare item with a new guaranteed modifier,,,,,,,,
Stackable Currency,Expansive Alloy,23,,1,1,,,,xeno,,,,,,,,,,,Removes a random modifier and augments a Rare item with a new guaranteed modifier,,,,,,,,
Stackable Currency,Swift Alloy,45,,1,1,,,,xeno,,,,,,,,,,,Removes a random modifier and augments a Rare item with a new guaranteed modifier,,,,,,,,
Stackable Currency,Cyclonic Alloy,45,,1,1,,,,xeno,,,,,,,,,,,Removes a random modifier and augments a Rare item with a new guaranteed modifier,,,,,,,,
Stackable Currency,Prismatic Alloy,45,,1,1,,,,xeno,,,,,,,,,,,Removes a random modifier and augments a Rare item with a new guaranteed modifier,,,,,,,,
Stackable Currency,Mystic Alloy,45,,1,1,,,,xeno,,,,,,,,,,,Removes a random modifier and augments a Rare item with a new guaranteed modifier,,,,,,,,
Stackable Currency,Sovereign Alloy,65,,1,1,,,,xeno,,,,,,,,,,,Removes a random modifier and augments a Rare item with a new guaranteed modifier,,,,,,,,
Stackable Currency,Celestial Alloy,65,,1,1,,,,xeno,,,,,,,,,,,Removes a random modifier and augments a Rare item with a new guaranteed modifier,,,,,,,,
Stackable Currency,Venerable Starlit Ore,1,,3,2,,,,xeno,,,,,,,,,,,Can be used at the Verisium Anvil to forge a new Unique item.,,,,,,,,
Stackable Currency,Revered Starlit Ore,1,,4,2,,,,xeno,,,,,,,,,,,Can be used at the Verisium Anvil to forge a new Unique item.,,,,,,,,
Stackable Currency,Veridical Starlit Ore,1,,1,1,,,,xeno,,,,,,,,,,,Can be used at the Verisium Anvil to forge a new Unique item.,,,,,,,,
Stackable Currency,Warding Starlit Ore,1,,4,2,,,,xeno,,,,,,,,,,,Can be used at the Verisium Anvil to forge a new Unique item.,,,,,,,,
Stackable Currency,Starlit Ore,1,,2,2,,,,xeno,,,,,,,,,,,Can be used at the Verisium Anvil to forge a new Unique item.,,,,,,,,
Stackable Currency,Blazing Flux,65,,1,1,,,,xeno,,,,,,,,,,,Transforms all [Cold] and [Lightning] Resistance modifiers on an item to equivalent [Fire] Resistance modifiers,,,,,,,,
Stackable Currency,Chilling Flux,65,,1,1,,,,xeno,,,,,,,,,,,Transforms all [Fire] and [Lightning] Resistance modifiers on an item to equivalent [Cold] Resistance modifiers,,,,,,,,
Stackable Currency,Crackling Flux,65,,1,1,,,,xeno,,,,,,,,,,,Transforms all [Fire] and [Cold] Resistance modifiers on an item to equivalent [Lightning] Resistance modifiers,,,,,,,,
Stackable Currency,Void Flux,65,,1,1,,,,xeno,,,,,,,,,,,"Transforms all [Fire], [Cold] and [Lightning] Resistance modifiers on an item to equivalent [Chaos] resistance modifiers",,,,,,,,
Stackable Currency,Perfect Flux,75,,1,1,,,,xeno,,,,,,,,,,,Upgrades the Skills on an item to Level 20,,,,,,,,
Stackable Currency,Cryptic Key,1,,1,1,,,,xeno,,,,,,,,,,,Opens an unopened [Strongbox] allowing it to be opened an additional time,,,,,,,,
Support Gems,Tangmazu's Thurible,65,,1,1,,,,defa,,,,,,,,,,,,,,,,,,,
Support Gems,Catha's Brilliance,65,,1,1,,,,defa,,,,,,,,,,,,,,,,,,,
Support Gems,Mórrigan's Insight,65,,1,1,,,,defa,,,,,,,,,,,,,,,,,,,
Support Gems,Prototype Seventeen,65,,1,1,,,,defa,,,,,,,,,,,,,,,,,,,
Support Gems,Arbiter's Reach,65,,1,1,,,,defa,,,,,,,,,,,,,,,,,,,
Support Gems,Her Declaration,65,,1,1,,,,defa,,,,,,,,,,,,,,,,,,,
Support Gems,Seraph's Heart,65,,1,1,,,,defa,,,,,,,,,,,,,,,,,,,
Support Gems,Trickster's Shard,65,,1,1,,,,defa,,,,,,,,,,,,,,,,,,,
Support Gems,Esh's Prowess,65,,1,1,,,,defa,,,,,,,,,,,,,,,,,,,
Support Gems,Tul's Avalanche,65,,1,1,,,,defa,,,,,,,,,,,,,,,,,,,
Support Gems,Breachlord's Amalgam,65,,1,1,,,,defa,,,,,,,,,,,,,,,,,,,
Support Gems,Vruun's Aftermath,65,,1,1,,,,defa,,,,,,,,,,,,,,,,,,,
Support Gems,Vruun's Inevitability,65,,1,1,,,,defa,,,,,,,,,,,,,,,,,,,
Support Gems,Uhtred's Rite,65,,1,1,,,,defa,,,,,,,,,,,,,,,,,,,
Support Gems,Uhtred's Constellation,65,,1,1,,,,defa,,,,,,,,,,,,,,,,,,,
Support Gems,Medved's Felling,65,,1,1,,,,defa,,,,,,,,,,,,,,,,,,,
Support Gems,Vorana's Siege,65,,1,1,,,,defa,,,,,,,,,,,,,,,,,,,
Support Gems,Styrn's Mountain,65,,1,1,,,,defa,,,,,,,,,,,,,,,,,,,
Support Gems,Styrn's Ferocity,65,,1,1,,,,defa,,,,,,,,,,,,,,,,,,,
Support Gems,Concussive Runes,1,,1,1,,,,xeno,,,,,,,,,,,,,,,,,,,
Support Gems,Fist of Kalguur,1,,1,1,,,,xeno,,,,,,,,,,,,,,,,,,,
Support Gems,Healing Runes,1,,1,1,,,,xeno,,,,,,,,,,,,,,,,,,,
Support Gems,Olroth's Conviction,65,,1,1,,,,defa,,,,,,,,,,,,,,,,,,,
Support Gems,Olroth's Hubris,65,,1,1,,,,defa,,,,,,,,,,,,,,,,,,,
Support Gems,Runeforged Blades,1,,1,1,,,,xeno,,,,,,,,,,,,,,,,,,,
Support Gems,Runic Extraction,1,,1,1,,,,xeno,,,,,,,,,,,,,,,,,,,
Support Gems,Runic Infusion,1,,1,1,,,,xeno,,,,,,,,,,,,,,,,,,,
Support Gems,Scouring Flame,1,,1,1,,,,xeno,,,,,,,,,,,,,,,,,,,
Support Gems,Minion Splash I,1,,1,1,,,,defa,,,,,,,,,,,,,,,,,,,
Support Gems,Minion Splash II,1,,1,1,,,,defa,,,,,,,,,,,,,,,,,,,
Augment,Perfect Desert Rune,65,,1,1,,,,xeno,,,,,,,,,,,Armour: +22% to Fire Resistance\nArmour (Bonded): +20 to maximum Life\nArmour (Bonded): +20 to maximum Mana\nMartial Weapon: Adds 17 to 20 Fire Damage\nMartial Weapon (Bonded): 30% increased Ignite Magnitude\nWand or Staff: [Gain] 12% of Damage as Extra [Fire] Damage\nWand or Staff (Bonded): 30% increased Ignite Magnitude,,,,,,,,
Augment,Perfect Glacial Rune,65,,1,1,,,,xeno,,,,,,,,,,,Armour: +22% to Cold Resistance\nArmour (Bonded): +20 to maximum Life\nArmour (Bonded): +20 to maximum Mana\nMartial Weapon: Adds 16 to 20 Cold Damage\nMartial Weapon (Bonded): 30% increased Freeze Buildup\nWand or Staff: [Gain] 12% of Damage as Extra [Cold] Damage\nWand or Staff (Bonded): 30% increased Freeze Buildup,,,,,,,,
Augment,Perfect Storm Rune,65,,1,1,,,,xeno,,,,,,,,,,,Armour: +22% to Lightning Resistance\nArmour (Bonded): +20 to maximum Life\nArmour (Bonded): +20 to maximum Mana\nMartial Weapon: Adds 1 to 40 Lightning Damage\nMartial Weapon (Bonded): 30% increased Magnitude of Shock you inflict\nWand or Staff: [Gain] 12% of Damage as Extra [Lightning] Damage\nWand or Staff (Bonded): 30% increased Magnitude of Shock you inflict,,,,,,,,
Augment,Perfect Iron Rune,65,,1,1,,,,xeno,,,,,,,,,,,"Armour: 20% increased Armour, Evasion and Energy Shield\nArmour (Bonded): +20 to maximum Life\nArmour (Bonded): +20 to maximum Mana\nMartial Weapon: 20% increased [Physical] Damage\nMartial Weapon (Bonded): 20% increased effect of Fully Broken Armour\nWand or Staff: 35% increased [Spell] Damage\nWand or Staff (Bonded): Break [Armour] on Critical Hit with Spells equal to 12% of Physical Damage dealt",,,,,,,,
Augment,Perfect Body Rune,65,,1,1,,,,xeno,,,,,,,,,,,Armour: +75 to maximum Life\nArmour (Bonded): +20 to maximum Life\nArmour (Bonded): +20 to maximum Mana\nMartial Weapon: Leeches 6% of Physical Damage as Life\nMartial Weapon (Bonded): 5% increased maximum Life\nWand or Staff: +60 to maximum Energy Shield\nWand or Staff (Bonded): 5% increased maximum Life,,,,,,,,
Augment,Perfect Mind Rune,65,,1,1,,,,xeno,,,,,,,,,,,Armour: +50 to maximum Mana\nArmour (Bonded): +20 to maximum Life\nArmour (Bonded): +20 to maximum Mana\nMartial Weapon: Leeches 5% of Physical Damage as Mana\nMartial Weapon (Bonded): 5% increased maximum Mana\nWand or Staff: +90 to maximum Mana\nWand or Staff (Bonded): 5% increased maximum Mana,,,,,,,,
Augment,Perfect Rebirth Rune,65,,1,1,,,,xeno,,,,,,,,,,,Armour: Regenerate 0.5% of maximum Life per second\nArmour (Bonded): +20 to maximum Life\nArmour (Bonded): +20 to maximum Mana\nMartial Weapon: Gain 45 Life per enemy killed\nMartial Weapon (Bonded): Regenerate 0.4% of maximum Life per second\nWand or Staff: 12% increased Energy Shield Recharge Rate\nWand or Staff (Bonded): 8% of Damage taken Recouped as Life,,,,,,,,
Augment,Perfect Inspiration Rune,65,,1,1,,,,xeno,,,,,,,,,,,Armour: 21% increased Mana Regeneration Rate\nArmour (Bonded): +20 to maximum Life\nArmour (Bonded): +20 to maximum Mana\nMartial Weapon: Gain 40 Mana per enemy killed\nMartial Weapon (Bonded): 12% of Skill Mana Costs Converted to Life Costs\nWand or Staff: 35% increased Mana Regeneration Rate\nWand or Staff (Bonded): 16% increased Mana Cost [Efficiency],,,,,,,,
Augment,Perfect Stone Rune,65,,1,1,,,,xeno,,,,,,,,,,,Armour: +125 to Stun Threshold\nArmour (Bonded): +20 to maximum Life\nArmour (Bonded): +20 to maximum Mana\nMartial Weapon: Causes 50% increased Stun Buildup\nMartial Weapon (Bonded): 40% increased Damage against [Immobilised] Enemies\nWand or Staff: Gain additional Stun Threshold equal to 16% of maximum Energy Shield\nWand or Staff (Bonded): 30% increased Immobilisation buildup,,,,,,,,
Augment,Perfect Vision Rune,65,,1,1,,,,xeno,,,,,,,,,,,Armour: 20% increased Life and Mana Recovery from Flasks\nArmour (Bonded): +20 to maximum Life\nArmour (Bonded): +20 to maximum Mana\nMartial Weapon: +150 to Accuracy Rating\nMartial Weapon (Bonded): Attacks have +1% to Critical Hit Chance\nWand or Staff: 28% increased Critical Hit Chance for Spells\nWand or Staff (Bonded): 25% increased Critical Damage Bonus,,,,,,,,
Augment,Perfect Robust Rune,65,,1,1,,,,xeno,,,,,,,,,,,All Equipment: +15 to Strength\nArmour (Bonded): +20 to maximum Life\nArmour (Bonded): +20 to maximum Mana\nMartial Weapon (Bonded): Adds 6 to 10 Physical Damage to Attacks\nMartial Weapon (Bonded): Adds 6 to 10 [Fire] damage to Attacks\nWand or Staff (Bonded): +100 to [Armour],,,,,,,,
Augment,Perfect Adept Rune,65,,1,1,,,,xeno,,,,,,,,,,,All Equipment: +15 to Dexterity\nArmour (Bonded): +20 to maximum Life\nArmour (Bonded): +20 to maximum Mana\nMartial Weapon (Bonded): Adds 6 to 10 Physical Damage to Attacks\nMartial Weapon (Bonded): Adds 1 to 16 [Lightning] damage to Attacks\nWand or Staff (Bonded): +80 to [Evasion] Rating,,,,,,,,
Augment,Perfect Resolve Rune,65,,1,1,,,,xeno,,,,,,,,,,,All Equipment: +15 to Intelligence\nArmour (Bonded): +20 to maximum Life\nArmour (Bonded): +20 to maximum Mana\nMartial Weapon (Bonded): Adds 6 to 10 Physical Damage to Attacks\nMartial Weapon (Bonded): Adds 5 to 8 [Cold] damage to Attacks\nWand or Staff (Bonded): +50 to maximum Energy Shield,,,,,,,,
Augment,Masterwork Rune,37,,1,1,,,,xeno,,,,,,,,,,,All Equipment: Upgrades a socketed [Rune],,,,,,,,
Augment,Idol of Greust,65,,1,1,,,,defa,,,,,,,,,,,Bucklers: Gain Deflection Rating equal to 20% of Evasion Rating\nBucklers (Bonded): 12% increased Damage for each type of Elemental Ailment on Enemy\nSceptres: Companions deal 10% more Damage for each different type of dead Companion you have\nSceptres (Bonded): Recover 3% of maximum Life when one of your Minions is Revived\nShields: +25% of Armour also applies to Elemental Damage\nShields (Bonded): 12% increased Damage for each type of Elemental Ailment on Enemy,,,,,,,,
Augment,Idol of Yeena,65,,1,1,,,,defa,,,,,,,,,,,Boots: 30% increased Skill Effect Duration with Plant Skills\nBoots (Bonded): Plants have a 25% chance to immediately Overgrow when they enter your [Presence] for the first time\nSceptres: Plants have a 25% chance to immediately Overgrow when they enter your [Presence] for the first time\nSceptres (Bonded): 30% increased Skill Effect Duration with Plant Skills,,,,,,,,
Augment,Idol of Eramir,65,,1,1,,,,defa,,,,,,,,,,,"Body Armours: Skills have 10% chance to not remove Charges but still count as consuming them\nBody Armours (Bonded): 15% chance for Charms you use to not consume Charges\nSceptres: [Allies] in your [Presence] share [Charges] with you\nSceptres (Bonded): 25% increased Endurance, Frenzy and Power Charge Duration",,,,,,,,
Augment,Idol of Oak,65,,1,1,,,,defa,,,,,,,,,,,"Boots: 15% chance when you gain an Endurance Charge to gain an additional Endurance Charge\nBoots (Bonded): +1 to Maximum Endurance Charges\nSceptres: If you would gain an Endurance Charge, [Allies] in your [Presence] gain that Charge instead\nSceptres (Bonded): 40% increased [Armour] if you've consumed an Endurance Charge [Recently]",,,,,,,,
Augment,Idol of Alira,65,,1,1,,,,defa,,,,,,,,,,,"Helmets: 15% chance when you gain a Power Charge to gain an additional Power Charge\nHelmets (Bonded): +1 to Maximum Power Charges\nSceptres: If you would gain a Power Charge, [Allies] in your [Presence] gain that Charge instead\nSceptres (Bonded): 40% increased maximum Energy Shield if you've consumed a Power Charge Recently",,,,,,,,
Augment,Idol of Kraityn,65,,1,1,,,,defa,,,,,,,,,,,"Gloves: 15% chance when you gain a Frenzy Charge to gain an additional Frenzy Charge\nGloves (Bonded): +1 to Maximum Frenzy Charges\nSceptres: If you would gain a Frenzy Charge, [Allies] in your [Presence] gain that Charge instead\nSceptres (Bonded): 40% increased Evasion Rating if you've consumed a Frenzy Charge Recently",,,,,,,,
Augment,Idol of Silk,65,,1,1,,,,defa,,,,,,,,,,,Bucklers (Bonded): 30% increased [Parry] Range\nSceptres: Companions in your [Presence] gain 1 [Rage] on hit\nSceptres (Bonded): Companions have 30% increased Area of Effect\nShields: 15% increased [Block] chance while your [Companion] is in your [Presence]\nShields (Bonded): +3% to maximum [Block] chance,,,,,,,,
Augment,Idol of the Sycophant,65,,1,1,,,,defa,,,,,,,,,,,"Martial Weapon, Wand or Staff: [Gain] 20% of Damage as Extra Damage of a random Element\nMartial Weapon, Wand or Staff: -20% to all Elemental [Resistances]\nMartial Weapon, Wand or Staff (Bonded): [Gain] 20% of Damage as Extra [Chaos] Damage\nMartial Weapon, Wand or Staff (Bonded): -20% to Chaos Resistance\nSceptres: Companions in your [Presence] [Gain] 20% of Damage as Extra Damage of a random Element\nSceptres: Companions in your [Presence] have -20% to all Elemental [Resistances]\nSceptres (Bonded): Allies in your Presence [Gain] 20% of Damage as Extra [Chaos] Damage\nSceptres (Bonded): Companions in your [Presence] have -20% to Chaos Resistance",,,,,,,,
Augment,Idol of the Martyr,65,,1,1,,,,defa,,,,,,,,,,,"Martial Weapon, Wand or Staff: [Meta] Skills gain 40% increased [Energy]\nMartial Weapon, Wand or Staff: 25% reduced [Spirit]\nMartial Weapon, Wand or Staff (Bonded): Invocated skills have 25% increased Maximum [Energy]\nMartial Weapon, Wand or Staff (Bonded): [Meta] Skills have 25% reduced [Reservation] [Efficiency]\nSceptres: [Aura] Skills have 25% increased Magnitudes\nSceptres: 40% reduced Presence Area of Effect\nSceptres (Bonded): [Allies] in your [Presence] Regenerate 3% of your Maximum Life per second\nSceptres (Bonded): 25% reduced Life Regeneration rate",,,,,,,,
Augment,Idol of the Pharisee,65,,1,1,,,,defa,,,,,,,,,,,"Martial Weapon, Wand or Staff: [Gain] 2% of Damage as Extra [Physical] Damage per ten percent missing Mana\nMartial Weapon, Wand or Staff: 30% reduced maximum Mana\nMartial Weapon, Wand or Staff (Bonded): 12% increased Skill Speed while on Low Mana\nMartial Weapon, Wand or Staff (Bonded): 30% reduced Mana Cost [Efficiency]\nSceptres: Minions deal 60% increased Damage with [Command] Skills\nSceptres: 30% reduced Mana Cost [Efficiency] of [Command] Skills\nSceptres (Bonded): Temporary Minion Skills have +2 to [Limit] of Minions summoned\nSceptres (Bonded): 25% reduced [Reservation] [Efficiency] of [Minion] Skills",,,,,,,,
Augment,Emergent Vigour,65,,1,1,,,,xeno,,,,,,,,,,,Body Armours: Gain Maximum Energy Shield equal to 50% of total\n[Strength] Requirements of Equipped Armour Items\nBody Armours (Bonded): +20 to Strength\nBoots: Hits against you have no Critical Damage Bonus while on Consecrated Ground\nBoots (Bonded): 20% increased Effect of Consecrated Ground you create\nHelmets: +1 to maximum Life per 8 Armour on [Equipped] Helmet\nHelmets (Bonded): +20 to Spirit,,,,,,,,
Augment,Emergent Possibility,65,,1,1,,,,xeno,,,,,,,,,,,Body Armours: 15% of [Chaos] Damage from Hits taken as a Damage of a random Element\nBody Armours (Bonded): +13% to Chaos Resistance\nBoots: 50% increased Runic Ward Regeneration Rate while Sprinting\nBoots (Bonded): 15% increased Runic Ward Cost [Efficiency]\nGloves: [Gain] 1% of Damage as Extra Damage of a random Element per\n[Rune] Socketed in [Equipped] Items\nGloves (Bonded): 20% increased Elemental Damage,,,,,,,,
Augment,Emergent Protection,65,,1,1,,,,xeno,,,,,,,,,,,"Boots: When you stop Sprinting, gain [Guard] equal to 4% of maximum Life per second spent Sprinting, up to a maximum of 20%, for 4 seconds\nBoots (Bonded): 20% increased [Guard] gained\nGloves: Banners also grant 2% of Life Regenerated per second to affected targets\nGloves (Bonded): Regenerate 0.5% of maximum Life per second\nHelmets: Gain 1 Endurance Charge on reaching Low Life, only once every 2 seconds\nHelmets (Bonded): 40% increased Endurance Charge Duration",,,,,,,,
Augment,Emergent Instinct,65,,1,1,,,,xeno,,,,,,,,,,,"Body Armours: [Thorns] Damage is [Lucky] against targets with Fully Broken Armour\nBody Armours (Bonded): 30% increased Thorns damage\nGloves: Regenerate 5% of maximum Life per Second if you have used a [Command] Skill [Recently]\nGloves (Bonded): 20% increased Life Regeneration rate\nHelmets: Targets that are Blinded, Maimed, and [Bleeding] cannot Evade your Hits\nHelmets (Bonded): 30% increased Immobilisation buildup",,,,,,,,
Augment,Carved Cunning,65,,1,1,,,,xeno,,,,,,,,,,,Body Armours: Prevent +5% of Damage from Deflected Hits if you've\nDeflected no Hits [Recently]\nBody Armours (Bonded): 8% increased Deflection Rating\nBoots: Gain Onslaught for 4 seconds when your Marks Activate\nBoots (Bonded): Buffs on you expire 10% slower\nHelmets: Enemies which are on Full Life cannot Evade your Hits\nHelmets (Bonded): 30% increased [Accuracy] Rating,,,,,,,,
Augment,Carved Majesty,65,,1,1,,,,xeno,,,,,,,,,,,Body Armours: +3 to [Spirit] per [Idol] socketed in your [Equipment]\nBody Armours (Bonded): 5% increased [Spirit]\nBoots: 1% increased Movement Speed while Sprinting per [Persistent] [Minion]\nBoots (Bonded): Minions have 12% increased maximum Life\nGloves: Companions gain [Onslaught] for 4 seconds on Hitting your Marked targets\nGloves (Bonded): Companions deal 30% increased Damage,,,,,,,,
Augment,Carved Mischief,65,,1,1,,,,xeno,,,,,,,,,,,Body Armours: 200% increased Stun Threshold if you've been Stunned [Recently]\nBody Armours (Bonded): 25% increased Stun Threshold\nGloves: +5% to maximum [Block] chance if you've Blocked with a raised [Shield] [Recently]\nGloves (Bonded): 20% increased [Block] chance\nHelmets: Gain [Guard] equal to 10% of maximum Life for 4 seconds on taking Savage Hit\nHelmets (Bonded): Buffs on you expire 10% slower,,,,,,,,
Augment,Carved Tenacity,65,,1,1,,,,xeno,,,,,,,,,,,Boots: Your speed is [Unaffected] by Slows while Sprinting\nBoots (Bonded): 8% increased Movement Speed while Sprinting\nGloves: Enemies you Critically Hit get 100% reduced Life Regeneration Rate for 4 seconds\nGloves (Bonded): 15% increased Critical Hit Chance\nHelmets: Enemies have no Critical Damage Bonus for 4 seconds after you Blind them\nHelmets (Bonded): 20% increased [Blind] Effect,,,,,,,,
Augment,Raven-Touched Shard,65,,1,1,,,,defa,,,,,,,,,,,Helmets: Raven-Touched,,,,,,,,
Augment,Lesser Ward Rune,5,,1,1,,,,defa,,,,,,,,,,,"Armour: +15 to maximum Runic Ward\nArmour (Bonded): 15% increased Global [Armour], [Evasion] and Energy Shield",,,,,,,,
Augment,Ward Rune,31,,1,1,,,,defa,,,,,,,,,,,"Armour: +20 to maximum Runic Ward\nArmour (Bonded): 15% increased Global [Armour], [Evasion] and Energy Shield",,,,,,,,
Augment,Greater Ward Rune,52,,1,1,,,,defa,,,,,,,,,,,"Armour: +25 to maximum Runic Ward\nArmour (Bonded): 15% increased Global [Armour], [Evasion] and Energy Shield",,,,,,,,
Augment,Perfect Ward Rune,65,,1,1,,,,xeno,,,,,,,,,,,"Armour: +30 to maximum Runic Ward\nArmour (Bonded): 15% increased Global [Armour], [Evasion] and Energy Shield",,,,,,,,
Augment,Lesser Charging Rune,5,,1,1,,,,defa,,,,,,,,,,,Armour: 8% increased Runic Ward Regeneration Rate\nArmour (Bonded): Regenerate 10 Runic Ward per second,,,,,,,,
Augment,Charging Rune,31,,1,1,,,,defa,,,,,,,,,,,Armour: 12% increased Runic Ward Regeneration Rate\nArmour (Bonded): Regenerate 15 Runic Ward per second,,,,,,,,
Augment,Greater Charging Rune,52,,1,1,,,,defa,,,,,,,,,,,Armour: 16% increased Runic Ward Regeneration Rate\nArmour (Bonded): Regenerate 20 Runic Ward per second,,,,,,,,
Augment,Perfect Charging Rune,65,,1,1,,,,xeno,,,,,,,,,,,Armour: 20% increased Runic Ward Regeneration Rate\nArmour (Bonded): Regenerate 25 Runic Ward per second,,,,,,,,
Augment,Warding Rune of Reinforcement,15,,1,1,,,,defa,,,,,,,,,,,Armour: 20% increased Runic Ward\nArmour (Bonded): Gain 2% of maximum Life as Extra maximum Runic Ward,,,,,,,,
Augment,Warding Rune of Protection,15,,1,1,,,,defa,,,,,,,,,,,"Armour: Every 4 seconds, gain [Guard] equal to 20% of maximum Runic Ward for 2 seconds\nArmour (Bonded): 8% increased [Guard] gained",,,,,,,,
Augment,Warding Rune of Disintegration,15,,1,1,,,,defa,,,,,,,,,,,Martial Weapon: Attacks Break Armour equal to 15% of maximum Runic Ward\nMartial Weapon (Bonded): Break 10% increased Armour,,,,,,,,
Augment,Warding Rune of Desperation,15,,1,1,,,,defa,,,,,,,,,,,Wand or Staff: Spell damage Penetrates 25% of enemy Elemental [Resistances] while on Low Runic Ward\nWand or Staff (Bonded): 12% increased Elemental Damage,,,,,,,,
Augment,Warding Rune of Symbiosis,30,,1,1,,,,defa,,,,,,,,,,,Boots: 1% increased Energy Shield Recharge Rate per 30 maximum Runic Ward\nBoots (Bonded): Regenerate 1% of maximum Energy Shield per second,,,,,,,,
Augment,Warding Rune of Courage,15,,1,1,,,,defa,,,,,,,,,,,Helmets: 25% increased [Armour] and [Evasion] Rating while on Low Runic Ward\nHelmets (Bonded): 20% increased [Armour] and [Evasion] Rating when on Low Life,,,,,,,,
Augment,Warding Rune of Stability,30,,1,1,,,,defa,,,,,,,,,,,Shields and Bucklers: +4 to Stun Threshold per 10 maximum Runic Ward\nShields and Bucklers (Bonded): 15% increased [Stun] buildup while Shapeshifted,,,,,,,,
Augment,Warding Rune of Glancing,30,,1,1,,,,defa,,,,,,,,,,,Body Armours: +3 to Deflection Rating per 10 maximum Runic Ward\nBody Armours (Bonded): Prevent +1% of Damage from Deflected Hits,,,,,,,,
Augment,Warding Rune of Heart,30,,1,1,,,,defa,,,,,,,,,,,"Body Armours: Gain 5% of maximum Life as Extra maximum Runic Ward\nBody Armours (Bonded): 1% more Runic Ward Regeneration rate per 2% of maximum Runic Ward lost from Hits [Recently], up to 100% more",,,,,,,,
Augment,Warding Rune of Nourishment,15,,1,1,,,,defa,,,,,,,,,,,Armour: 15% Life Recovery from Flasks also applies to Runic Ward\nArmour (Bonded): 15% increased Life Recovery from Flasks,,,,,,,,
Augment,Warding Rune of Annihilation,30,,1,1,,,,defa,,,,,,,,,,,Martial Weapon: Attacks spend 5% of your maximum Runic Ward if possible to gain that much added [Physical] damage\nMartial Weapon (Bonded): 10% reduced Runic Ward Cost [Efficiency],,,,,,,,
Augment,Warding Rune of Armature,45,,1,1,,,,defa,,,,,,,,,,,Martial Weapon: Gain maximum Runic Ward equal to 15% of this Weapon's maximum damage\nMartial Weapon (Bonded): 5% increased [Attack] Speed while missing Runic Ward,,,,,,,,
Augment,Warding Rune of Obsession,45,,1,1,,,,defa,,,,,,,,,,,Wands: All damage taken bypasses Runic Ward\nWands: Runic Ward Regeneration Rate is doubled\nWands (Bonded): 12% increased maximum Runic Ward,,,,,,,,
Augment,Warding Rune of Equinox,45,,1,1,,,,defa,,,,,,,,,,,Caster Weapon: Mana Recovery from Regeneration is also applied to Runic Ward\nCaster Weapon: 40% less Mana Regeneration Rate\nCaster Weapon (Bonded): 20% increased Runic Ward Regeneration Rate if you've dealt a Critical Hit [Recently],,,,,,,,
Augment,Warding Rune of Salvaging,30,,1,1,,,,defa,,,,,,,,,,,Sceptres: Recover 3% of maximum Runic Ward when one of your [Reviving] Minions is Killed\nSceptres (Bonded): Recover 3% of maximum Life when one of your Minions is Revived,,,,,,,,
Augment,Warding Rune of Bodyguards,45,,1,1,,,,defa,,,,,,,,,,,Sceptres: Minions in your [Presence] have [Onslaught] while you are on Low Runic Ward\nSceptres (Bonded): Damage of Enemies Hitting you is [Unlucky] if\nyour Runic Ward has been damaged [Recently],,,,,,,,
Augment,Warding Rune of Hollowing,45,,1,1,,,,defa,,,,,,,,,,,Caster Weapon: 15% less maximum Life\nCaster Weapon: Gain 15% of maximum Life as Extra maximum Runic Ward\nCaster Weapon (Bonded): +1% to all Maximum Elemental Resistances while on full Runic Ward,,,,,,,,
Augment,Passion of Aldur,65,,1,1,,,,defa,,,,,,,,,,,Weapon: Transforms all [Cold] and [Lightning] modifiers on the item into equivalent [Fire] modifiers\nWeapon (Bonded): 25% increased [Fire] Damage,,,,,,,,
Augment,Breath of Aldur,65,,1,1,,,,defa,,,,,,,,,,,"Weapon: When socketed, transforms all [Fire] and [Lightning] modifiers to equivalent [Cold] modifiers\nWeapon (Bonded): 25% increased [Cold] Damage",,,,,,,,
Augment,Ire of Aldur,65,,1,1,,,,defa,,,,,,,,,,,Weapon: Transforms all [Fire] and [Cold] modifiers on the item into equivalent [Lightning] modifiers\nWeapon (Bonded): 25% increased [Lightning] Damage,,,,,,,,
Augment,Betrayal of Aldur,65,,1,1,,,,defa,,,,,,,,,,,"Weapon: Transforms all [Fire], [Cold] and [Lightning] modifiers on the item into equivalent [Chaos] modifiers\nWeapon (Bonded): 25% increased [Chaos] Damage",,,,,,,,
Augment,Ancient Rune of Splinters,12,,1,1,,,,defa,,,,,,,,,,,Bows: +50% Surpassing chance to fire an additional Arrow\nBows (Bonded): 30% increased [Projectile] Speed,,,,,,,,
Augment,Ancient Rune of Dueling,12,,1,1,,,,defa,,,,,,,,,,,Bucklers: 30% increased Parried Debuff Magnitude\nBucklers (Bonded): 15% increased [Block] chance,,,,,,,,
Augment,Ancient Rune of the Titan,12,,1,1,,,,defa,,,,,,,,,,,Two Hand Maces: 10% chance for [Slam] Skills you use yourself to cause an additional [Aftershock]\nTwo Hand Maces (Bonded): 15% increased Area of Effect for Attacks,,,,,,,,
Augment,Ancient Rune of Shattering,12,,1,1,,,,defa,,,,,,,,,,,One Hand Maces: 40% increased effect of Fully Broken Armour\nOne Hand Maces (Bonded): Break 50% increased Armour,,,,,,,,
Augment,Ancient Rune of Prowess,12,,1,1,,,,defa,,,,,,,,,,,"Spears: 30% chance when you gain a Charge to gain an additional Charge\nSpears (Bonded): 30% increased Endurance, Frenzy and Power Charge Duration",,,,,,,,
Augment,Ancient Rune of Control,12,,1,1,,,,defa,,,,,,,,,,,Quarterstaves: 50% increased Immobilisation buildup\nQuarterstaves (Bonded): 30% increased Damage against [Immobilised] Enemies,,,,,,,,
Augment,Ancient Rune of Discovery,12,,1,1,,,,defa,,,,,,,,,,,Staves: 30% chance to create an additional [Remnant]\nStaves (Bonded): +1 to maximum number of Elemental Infusions,,,,,,,,
Augment,Ancient Rune of Decay,12,,1,1,,,,defa,,,,,,,,,,,"Wands: 25% increased Withered Magnitude\nWands (Bonded): 15% chance that when [Volatility] on you explodes, you regain an equivalent amount of [Volatility]",,,,,,,,
Augment,Ancient Rune of Witchcraft,12,,1,1,,,,defa,,,,,,,,,,,Foci: 40% increased Area of Effect of Curses\nFoci (Bonded): 15% faster [Curse] Activation,,,,,,,,
Augment,Ancient Rune of the Horde,12,,1,1,,,,defa,,,,,,,,,,,Sceptres: Minions have 8% increased [Attack] and Cast Speed\nSceptres (Bonded): Minions have 10% increased Movement Speed,,,,,,,,
Augment,Ancient Rune of Animosity,12,,1,1,,,,defa,,,,,,,,,,,Talismans: Gain 2 Druidic Prowess when you Heavy Stun a Rare or Unique Enemy\nTalismans (Bonded): 40% increased [Stun] Buildup,,,,,,,,
Augment,Ancient Rune of Detonation,12,,1,1,,,,defa,,,,,,,,,,,Crossbows: Grenades have 10% chance to activate a second time\nCrossbows (Bonded): 40% increased Crossbow Reload Speed,,,,,,,,
Augment,Ancient Rune of Retaliation,12,,1,1,,,,defa,,,,,,,,,,,Shields: 8% increased [Attack] Speed if you have Blocked [Recently]\nShields (Bonded): +3% to maximum [Block] chance,,,,,,,,
Augment,Rune of Vitality,15,,1,1,,,,defa,,,,,,,,,,,Weapon: +80 to maximum Life\nWeapon (Bonded): 15% increased amount of Life Leeched\nShields and Bucklers: Recover 15 Life when you [Block]\nShields and Bucklers (Bonded): 5% increased maximum Life,,,,,,,,
Augment,Rune of the Hunt,15,,1,1,,,,defa,,,,,,,,,,,Boots: 8% increased Movement Speed while Sprinting\nBoots (Bonded): 50% increased Stun Recovery\nSceptres: Companions deal 30% increased Damage\nSceptres (Bonded): 8% increased Mana Recovery rate while your [Companion] is in your [Presence],,,,,,,,
Augment,Rune of Acrobatics,15,,1,1,,,,defa,,,,,,,,,,,Boots: +0.3 metres to Dodge Roll distance\nBoots (Bonded): 30% increased [Armour] if you haven't Dodge Rolled [Recently]\nWeapon: Flasks gain 0.2 charges per Second\nWeapon (Bonded): Charms gain 0.25 charges per Second,,,,,,,,
Augment,Rune of Culmination,15,,1,1,,,,defa,,,,,,,,,,,Gloves: 50% chance to build an additional [Combo] on Hit\nGloves (Bonded): 5% increased [Attack] Speed\nOne Hand Mace or Quarterstaff: Rolls only the minimum or maximum Damage value for [Physical] Damage\nOne Hand Mace or Quarterstaff (Bonded): 20% increased Bleeding Duration,,,,,,,,
Augment,Rune of Renown,15,,1,1,,,,defa,,,,,,,,,,,Caster Weapon: [Archon] recovery period expires 30% faster\nCaster Weapon (Bonded): 30% increased [Archon] Buff duration\nGloves: 50% increased [Glory] generation\nGloves (Bonded): Banner Skills have 20% increased Aura Magnitudes,,,,,,,,
Augment,Rune of Accumulation,15,,1,1,,,,defa,,,,,,,,,,,"Crossbow, Bow or Spear: On Hitting an enemy, gains maximum added [Cold] damage equal to the enemy's [Power] for 20 seconds, up to a total of 32\nCrossbow, Bow or Spear (Bonded): 30% increased Freeze Buildup\nGloves: Gain 3 Life per Enemy Hit with Attacks\nGloves: Gain 1 Mana per Enemy Hit with Attacks\nGloves (Bonded): +30 to maximum Life\nGloves (Bonded): +30 to maximum Mana",,,,,,,,
Augment,Rune of Foundations,15,,1,1,,,,defa,,,,,,,,,,,Body Armours: +30 to Armour\nBody Armours: +30 to [Evasion] Rating\nBody Armours: +10 to maximum Energy Shield\nBody Armours (Bonded): +20 to maximum Life\nBody Armours (Bonded): +20 to maximum Mana,,,,,,,,
Augment,Rune of the Prism,15,,1,1,,,,defa,,,,,,,,,,,Body Armours: +20% to all Elemental [Resistances]\nBody Armours: -10% to all Maximum Elemental Resistances\nBody Armours (Bonded): 20% of Damage is taken from Mana before Life,,,,,,,,
Augment,Rune of the Blossom,15,,1,1,,,,defa,,,,,,,,,,,Body Armours: +50 to Spirit\nBody Armours: -1 to [Spirit] per 2 Levels\nBody Armours (Bonded): 5% increased [Spirit] [Reservation] [Efficiency] of Skills,,,,,,,,
Augment,Rune of Consistency,15,,1,1,,,,defa,,,,,,,,,,,Caster Weapon: 50% increased [Spell] Damage while your [Companion] is in your [Presence]\nCaster Weapon (Bonded): 8% increased Mana Recovery rate while your [Companion] is in your [Presence]\nHelmets: 200% increased Critical Hit Chance\nHelmets: You have no Critical Damage Bonus\nHelmets (Bonded): Hits against you have 25% reduced Critical Damage Bonus,,,,,,,,
Augment,Rune of Reach,15,,1,1,,,,defa,,,,,,,,,,,Helmets: Remnants you create have 15% increased effect\nHelmets (Bonded): Recover 3% of Maximum Mana when you collect a [Remnant]\nWand or Staff: Remnants can be collected from 50% further away\nWand or Staff: Remnants you create have 25% reduced effect\nWand or Staff (Bonded): 20% increased [Exposure] Effect,,,,,,,,
Augment,Rune of Vital Flame,15,,1,1,,,,defa,,,,,,,,,,,"One Hand Mace, Two Hand Mace or Talisman: Adds 13 to 16 Fire Damage\nOne Hand Mace, Two Hand Mace or Talisman: 15% of Skill Mana Costs Converted to Life Costs\nOne Hand Mace, Two Hand Mace or Talisman (Bonded): 30% increased Ignite Magnitude",,,,,,,,
Augment,Rune of Confrontation,15,,1,1,,,,defa,,,,,,,,,,,Quarterstaff or Spear: Gain 4 Rage on [Melee] Hit\nQuarterstaff or Spear: -10 to Maximum [Rage],,,,,,,,
Augment,Serle's Triumph,65,,1,1,,,,defa,,,,,,,,,,,All Equipment: +1 Suffix Modifier allowed,,,,,,,,
Augment,Cadigan's Epiphany,65,,1,1,,,,defa,,,,,,,,,,,Gloves: Destroys all [Augment] Sockets on the item to create a [Jewel] Socket,,,,,,,,
Augment,Astrid's Creativity,65,,1,1,,,,defa,,,,,,,,,,,All Equipment: Can have 1 additional Crafted Modifier,,,,,,,,
Augment,Uhtred's Sidereus,65,,1,1,,,,defa,,,,,,,,,,,Boots: Can roll Chronomancy modifiers\nBoots (Bonded): 10% increased Cooldown Recovery Rate,,,,,,,,
Augment,Kolr's Hunt,65,,1,1,,,,defa,,,,,,,,,,,Gloves: Can roll Marksman modifiers\nGloves (Bonded): 20% increased [Projectile] Damage,,,,,,,,
Augment,Vorana's Carnage,65,,1,1,,,,defa,,,,,,,,,,,Helmets: Can roll Berserking modifiers\nHelmets (Bonded): Gain 2 Rage on [Melee] Hit,,,,,,,,
Augment,Thrud's Might,65,,1,1,,,,defa,,,,,,,,,,,Weapon: Can roll Destruction modifiers\nWeapon (Bonded): +5% to all Elemental [Resistances],,,,,,,,
Augment,Medved's Tending,65,,1,1,,,,defa,,,,,,,,,,,Body Armours: Can roll Soul modifiers\nBody Armours (Bonded): 3% increased maximum Life\nBody Armours (Bonded): 3% increased maximum Mana,,,,,,,,
Augment,Katla's Gloom,65,,1,1,,,,defa,,,,,,,,,,,Gloves: Can roll Decay modifiers\nGloves (Bonded): 25% reduced Effect of Non-Damaging Ailments on you,,,,,,,,
Augment,Aldur's Legacy,65,,1,1,,,,defa,,,,,,,,,,,"All Equipment: When socketed into a Unique Kalguuran or Ezomyte item, destroys the item to create a [Rune] imbued with that item's power",,,,,,,,
Augment,Legacy of Bramblejack,65,,1,1,,,,defa,,,,,,,,,,,Body Armours: 250% of [Melee] Physical Damage taken reflected to Attacker\nBody Armours (Bonded): Regenerate 3% of maximum Life per second while Surrounded,,,,,,,,
Augment,Legacy of Blackbraid,65,,1,1,,,,defa,,,,,,,,,,,Body Armours: +50% of Armour also applies to Elemental Damage\nBody Armours (Bonded): +15% to all Elemental [Resistances],,,,,,,,
Augment,Legacy of Edyrns Tusks,65,,1,1,,,,defa,,,,,,,,,,,Body Armours: 50% chance to inflict Bleeding on Hit\nBody Armours: 50% reduced Slowing Potency of Debuffs on You\nBody Armours (Bonded): 35% increased Thorns damage,,,,,,,,
Augment,Legacy of Kingsguard,65,,1,1,,,,defa,,,,,,,,,,,Body Armours: Recover 5% of maximum Life for each Endurance Charge consumed\nBody Armours (Bonded): +30 to maximum Life,,,,,,,,
Augment,Legacy of Bristleboar,65,,1,1,,,,defa,,,,,,,,,,,Body Armours: Gain 5 [Rage] when Hit by an Enemy\nBody Armours: Gain 10 Rage when Critically Hit by an Enemy\nBody Armours (Bonded): +3 to Maximum [Rage],,,,,,,,
Augment,Legacy of Foxshade,65,,1,1,,,,defa,,,,,,,,,,,Body Armours: 10% increased Movement Speed when on Full Life\nBody Armours: 100% increased Evasion Rating when on Full Life\nBody Armours (Bonded): 20% increased Evasion Rating,,,,,,,,
Augment,Legacy of Ashrend,65,,1,1,,,,defa,,,,,,,,,,,Body Armours: Cannot be Ignited\nBody Armours: -10 [Physical] Damage taken from [Attack] Hits\nBody Armours (Bonded): +35% to Fire Resistance,,,,,,,,
Augment,Legacy of Briskwrap,65,,1,1,,,,defa,,,,,,,,,,,Body Armours: Gain Deflection Rating equal to 30% of Evasion Rating\nBody Armours (Bonded): 35% increased [Flask] Mana Recovery rate,,,,,,,,
Augment,Legacy of The Unleashed,65,,1,1,,,,defa,,,,,,,,,,,Body Armours: 25% of Damage taken from Hits bypasses Energy Shield if Energy Shield is below half\nBody Armours (Bonded): 20% increased [Armour] while Shapeshifted,,,,,,,,
Augment,Legacy of Horns of Bynden,65,,1,1,,,,defa,,,,,,,,,,,Helmets: Every [Rage] also grants 1% increased [Armour]\nHelmets: Gain 1 Rage on [Melee] Hit\nHelmets (Bonded): +3 to Maximum [Rage],,,,,,,,
Augment,Legacy of Wings of Caelyn,65,,1,1,,,,defa,,,,,,,,,,,Helmets: Every [Rage] also grants 1% increased Stun Threshold\nHelmets: Gain 1 Rage on [Melee] Hit\nHelmets (Bonded): Every five [Rage] also grants you 1% increased Movement Speed,,,,,,,,
Augment,Legacy of Ezomyte Peak,65,,1,1,,,,defa,,,,,,,,,,,Helmets: 15% increased Area of Effect\nHelmets: Unwavering Stance\nHelmets (Bonded): 50% reduced Slowing Potency of Debuffs on You,,,,,,,,
Augment,Legacy of Deidbell,65,,1,1,,,,defa,,,,,,,,,,,Helmets: Warcries Explode Corpses dealing 10% of their Life as [Physical] Damage\nHelmets (Bonded): Warcry Skills have 20% increased Area of Effect,,,,,,,,
Augment,Legacy of Elevore,65,,1,1,,,,defa,,,,,,,,,,,Helmets: Charms gain 1 charge per Second\nHelmets: +1 [Charm] Slot\nHelmets (Bonded): Charms gain 0.5 charges per Second,,,,,,,,
Augment,Legacy of Starkonja's Head,65,,1,1,,,,defa,,,,,,,,,,,Helmets: 5% of Damage from Hits is taken from your Damageable [Companion]'s Life before you\nHelmets: 100% increased Global [Evasion] Rating when on Low Life\nHelmets (Bonded): 5% of Damage from Hits is taken from your Damageable [Companion]'s Life before you,,,,,,,,
Augment,Legacy of Crown of Thorns,65,,1,1,,,,defa,,,,,,,,,,,Helmets: Pain Attunement\nHelmets (Bonded): 17 to 26 Physical Thorns damage,,,,,,,,
Augment,Legacy of Greymake,65,,1,1,,,,defa,,,,,,,,,,,Helmets: +50 to all [Attributes]\nHelmets (Bonded): +1 Maximum Life per Level,,,,,,,,
Augment,Legacy of Erian's Cobble,65,,1,1,,,,defa,,,,,,,,,,,Helmets: +30 to Accuracy Rating\nHelmets: +10 to maximum Life\nHelmets: +10 to maximum Mana\nHelmets: 10% increased Rarity of Items found\nHelmets: 10% increased Critical Hit Chance\nHelmets: +5 to all Attributes\nHelmets: +5% to all Elemental [Resistances]\nHelmets: 3 Life Regeneration per second\nHelmets (Bonded): +20 to [Armour]\nHelmets (Bonded): +20 to [Evasion] Rating\nHelmets (Bonded): +20 to maximum Energy Shield,,,,,,,,
Augment,Legacy of The Smiling Knight,65,,1,1,,,,defa,,,,,,,,,,,Helmets: [Aggravate] [Bleeding] on targets you Critically Hit with Attacks\nHelmets (Bonded): 20% increased Critical Hit Chance,,,,,,,,
Augment,Legacy of The Vile Knight,65,,1,1,,,,defa,,,,,,,,,,,"Helmets: Deal 4% increased Damage with Hits to Rare or Unique Enemies for each second they've ever been in your [Presence], up to a maximum of 200%\nHelmets (Bonded): 20% increased Presence Area of Effect",,,,,,,,
Augment,Legacy of Northpaw,65,,1,1,,,,defa,,,,,,,,,,,Gloves: Base Critical Hit Chance for Attacks with Weapons is 7%\nGloves (Bonded): 15% increased Critical Damage Bonus,,,,,,,,
Augment,Legacy of Candlemaker,65,,1,1,,,,defa,,,,,,,,,,,Gloves: [Flammability] Magnitude is doubled\nGloves: 40% increased [Fire] Damage\nGloves (Bonded): 20% increased Ignite Duration on Enemies,,,,,,,,
Augment,Legacy of Deathblow,65,,1,1,,,,defa,,,,,,,,,,,Gloves: Culling Strike\nGloves (Bonded): Gain 30 Life per enemy killed,,,,,,,,
Augment,Legacy of Legionstride,65,,1,1,,,,defa,,,,,,,,,,,Boots: +10% to [Block] chance\nBoots (Bonded): 10% reduced Damage taken from [Projectile] Hits,,,,,,,,
Augment,Legacy of Trampletoe,65,,1,1,,,,defa,,,,,,,,,,,Boots: Deal 10% of [Overkill] damage to enemies within 2 metres of the enemy killed\nBoots (Bonded): 15% increased Global [Physical] Damage,,,,,,,,
Augment,Legacy of Briarpatch,65,,1,1,,,,defa,,,,,,,,,,,Boots: +15% to Thorns Critical Hit Chance\nBoots (Bonded): 15% increased Thorns Critical Damage Bonus,,,,,,,,
Augment,Legacy of Bushwhack,65,,1,1,,,,defa,,,,,,,,,,,Boots: [Physical] Damage is Pinning\nBoots (Bonded): +20 to Dexterity,,,,,,,,
Augment,Legacy of Wanderlust,65,,1,1,,,,defa,,,,,,,,,,,Boots: Your speed is unaffected by Slows\nBoots (Bonded): 5% increased Movement Speed,,,,,,,,
Augment,Legacy of The Knight-errant,65,,1,1,,,,defa,,,,,,,,,,,Boots: Iron Reflexes\nBoots (Bonded): 25% increased Elemental Ailment Threshold,,,,,,,,
Augment,Legacy of Obern's Bastion,65,,1,1,,,,defa,,,,,,,,,,,Boots: 200% increased Stun Recovery\nBoots (Bonded): 40% reduced Chill Duration on you\nBoots (Bonded): 40% reduced Freeze Duration on you,,,,,,,,
Augment,Legacy of Dionadair,65,,1,1,,,,defa,,,,,,,,,,,Shields: Double Stun Threshold while Shield is Raised\nShields (Bonded): 15% increased Stun Threshold,,,,,,,,
Augment,Legacy of Wulfsbane,65,,1,1,,,,defa,,,,,,,,,,,Shields: [Intimidate] Enemies on [Block] for 8 seconds\nShields (Bonded): +25 to Strength,,,,,,,,
Augment,Legacy of Chernobog's Pillar,65,,1,1,,,,defa,,,,,,,,,,,Shields: [Gain] 1% of damage as [Fire] damage per 2% Chance to Block\nShields (Bonded): +30% to Chaos Resistance,,,,,,,,
Augment,Legacy of Alkem Eira,65,,1,1,,,,defa,,,,,,,,,,,Shields: 30% of damage Blocked is Recouped as Mana\nShields (Bonded): 20% of damage Blocked is Recouped as Mana,,,,,,,,
Augment,Legacy of Oaksworn,65,,1,1,,,,defa,,,,,,,,,,,Shields: 50% increased Life Regeneration rate\nShields (Bonded): 50 Life Regeneration per second,,,,,,,,
Augment,Legacy of Dunkelhalt,65,,1,1,,,,defa,,,,,,,,,,,Bucklers: 50% increased Parried Debuff Magnitude\nBucklers (Bonded): 50% increased [Parry] Damage,,,,,,,,
Augment,Legacy of Rondel de Ezo,65,,1,1,,,,defa,,,,,,,,,,,Bucklers: [Curse] Enemies with [Enfeeble] on [Block]\nBucklers (Bonded): 100% increased [Block] chance against Projectiles,,,,,,,,
Augment,Legacy of Brynhand's Mark,65,,1,1,,,,defa,,,,,,,,,,,One Hand Maces: Causes Double Stun Buildup\nOne Hand Maces (Bonded): Adds 14 to 20 Physical Damage,,,,,,,,
Augment,Legacy of Trenchtimbre,65,,1,1,,,,defa,,,,,,,,,,,One Hand Maces: Increases and Reductions to [Minion] [Attack] Speed also affect you\nOne Hand Maces (Bonded): +1 to Level of all Minion Skills,,,,,,,,
Augment,Legacy of Mjölner,65,,1,1,,,,defa,,,,,,,,,,,One Hand Maces: +200 [Intelligence] Requirement\nOne Hand Maces: +3 to Level of all [Lightning] Skills\nOne Hand Maces (Bonded): +1 to Level of all [Lightning] Skills,,,,,,,,
Augment,Legacy of Twisted Empyrean,65,,1,1,,,,defa,,,,,,,,,,,Two Hand Maces: Attacks with this Weapon have Added [Cold] Damage equal to 6% to 10% of maximum Mana\nTwo Hand Maces (Bonded): 15% of Damage is taken from Mana before Life,,,,,,,,
Augment,Legacy of Hoghunt,65,,1,1,,,,defa,,,,,,,,,,,Two Hand Maces: +5% to Critical Hit Chance\nTwo Hand Maces: [Maim] on Critical Hit\nTwo Hand Maces (Bonded): 25% increased [Attack] Damage against Maimed Enemies,,,,,,,,
Augment,Legacy of Hrimnor's Hymn,65,,1,1,,,,defa,,,,,,,,,,,Two Hand Maces: 25% chance for [Slam] Skills you use yourself to cause an additional [Aftershock]\nTwo Hand Maces (Bonded): 15% chance for [Slam] Skills you use yourself to cause an additional [Aftershock],,,,,,,,
Augment,Legacy of Brain Rattler,65,,1,1,,,,defa,,,,,,,,,,,Two Hand Maces: All damage with this Weapon causes Electrocution buildup\nTwo Hand Maces (Bonded): Damage Penetrates 10% Lightning Resistance,,,,,,,,
Augment,Legacy of Lifesprig,65,,1,1,,,,defa,,,,,,,,,,,Wands: +2 to Level of all Spell Skills\nWands (Bonded): Leeches 1% of maximum Life when you Cast a Spell,,,,,,,,
Augment,Legacy of Duality,65,,1,1,,,,defa,,,,,,,,,,,Quarterstaves: Gain 250 [Guard] for 0.5 seconds per [Combo] expended when using Skills\nQuarterstaves (Bonded): Gain [Finality] for 0.2 seconds per [Combo] expended when using Skills,,,,,,,,
Augment,Legacy of Tyranny's Grip,65,,1,1,,,,defa,,,,,,,,,,,Spears: Strikes deal Splash Damage\nSpears (Bonded): Knocks Enemies Back on Hit,,,,,,,,
Augment,Legacy of The Sentry,65,,1,1,,,,defa,,,,,,,,,,,Quarterstaves: 100% increased [Flammability] Magnitude\nQuarterstaves: Adds 23 to 34 [Fire] damage to Attacks\nQuarterstaves (Bonded): +2% to Maximum Fire Resistance,,,,,,,,
Augment,Legacy of Adonia's Ego,65,,1,1,,,,defa,,,,,,,,,,,Wands: +1 to Maximum Power Charges\nWands (Bonded): +65 to maximum Mana,,,,,,,,
Augment,Legacy of Cursecarver,65,,1,1,,,,defa,,,,,,,,,,,Wands: +3 to Level of all [Curse] Skills\nWands (Bonded): 35% increased Mana Regeneration Rate,,,,,,,,
Augment,Legacy of Dusk Vigil,65,,1,1,,,,defa,,,,,,,,,,,Staves: [Gain] 30% of [Physical] Damage as Extra [Fire] Damage\nStaves (Bonded): Triggered Spells deal 20% increased [Spell] Damage,,,,,,,,
Augment,Legacy of The Blood Thorn,65,,1,1,,,,defa,,,,,,,,,,,Quarterstaves: Causes Bleeding on Hit\nQuarterstaves: Adds 4 to 8 Physical Damage\nQuarterstaves (Bonded): 10% increased Magnitude of Bleeding you inflict,,,,,,,,
Augment,Legacy of Quill Rain,65,,1,1,,,,defa,,,,,,,,,,,Bows: 50% increased [Attack] Speed\nBows: 20% less [Attack] Damage\nBows (Bonded): 70% increased Arrow Speed,,,,,,,,
Augment,Legacy of Ironbound,65,,1,1,,,,defa,,,,,,,,,,,Bows: Hits with this weapon have 1 to 3 Added Physical Damage per 1% Block Chance\nBows (Bonded): 3% increased [Block] chance per 100 total Item Armour on Equipped Armour Items,,,,,,,,
Augment,Legacy of Amor Mandragora,65,,1,1,,,,defa,,,,,,,,,,,Talismans: Gain 1 Druidic Prowess for every 20 total Rage spent\nTalismans (Bonded): Enemies in your [Presence] are Hindered,,,,,,,,
Augment,Legacy of Spiteful Floret,65,,1,1,,,,defa,,,,,,,,,,,Talismans: Every 5 [Rage] also grants 5% of Damage taken Recouped as Life\nTalismans (Bonded): Attacks have 20% chance to cause Bleeding,,,,,,,,
Augment,Legacy of Svalinn,65,,1,1,,,,defa,,,,,,,,,,,Shields: Chance to [Block] Damage is [Lucky]\nShields: You take 20% of damage from Blocked Hits\nShields (Bonded): +50 to maximum Runic Ward,,,,,,,,
Augment,Legacy of Keeper of the Arc,65,,1,1,,,,defa,,,,,,,,,,,Helmets: Alternating every 5 seconds:\nTake 20% less Damage from Hits\nTake 20% less Damage over time\nHelmets (Bonded): 25% increased Mana Regeneration Rate,,,,,,,,
Augment,Legacy of Olrovasara,65,,1,1,,,,defa,,,,,,,,,,,"One Hand Maces: On Hitting an enemy, gains maximum added [Lightning] damage equal to\nthe enemy's [Power] for 20 seconds, up to a total of 120\nOne Hand Maces (Bonded): 15% increased [Attack] Speed",,,,,,,,
Augment,Legacy of A Worthy Foe,65,,1,1,,,,defa,,,,,,,,,,,Shields: Off-hand Hits inflict Runefather's Challenge\nShields (Bonded): +45% to Cold Resistance,,,,,,,,
Augment,Legacy of Serle's Grit,65,,1,1,,,,defa,,,,,,,,,,,One Hand Maces: Maximum [Quality] is 40%\nOne Hand Maces (Bonded): Skills which Empower an [Attack] have 20% chance to not count that [Attack],,,,,,,,
Augment,Legacy of Runeseeker's Call,65,,1,1,,,,defa,,,,,,,,,,,Wands: 75% increased effect of Socketed Runes\nWands (Bonded): +100 to maximum Mana,,,,,,,,
Augment,Legacy of Facebreaker,65,,1,1,,,,defa,,,,,,,,,,,Gloves: +1 to [Armour] per [Strength]\nGloves (Bonded): 1% increased Damage per 15 [Strength],,,,,,,,
Augment,Legacy of Hysseg's Claw,1,,1,1,,,,defa,,,,,,,,,,,,,,,,,,,
Map Fragments,The Triskelion Reforged,1,,2,2,,,,defa,,,,,,,,,,,,,,,,,,,
Map Fragments,Head of the King,1,,1,2,,,,defa,,,,,,,,,,,,,,,,,,,
Map Fragments,Breachlord Sac,1,,2,2,,,,defa,,,,,,,,,,,,,,,,,,,
Map Fragments,Raven's Reflection,1,,1,1,,,,defa,,,,,,,,,,,,,,,,,,,
Pinnacle Keys,Call of the Shadows,1,,1,1,,,,defa,,,,,,,,,,,,,,,,,,,
Omen,Aldur's Saga,78,,1,1,,,,defa,,,,,,,,,,,,,,,,,,,
Omen,Medved's Saga,78,,1,1,,,,defa,,,,,,,,,,,,,,,,,,,
Omen,Vorana's Saga,78,,1,1,,,,defa,,,,,,,,,,,,,,,,,,,
Omen,Uhtred's Saga,78,,1,1,,,,defa,,,,,,,,,,,,,,,,,,,
Omen,Olroth's Saga,78,,1,1,,,,defa,,,,,,,,,,,,,,,,,,,
Omen,Omen of Chaotic Effectiveness,1,,1,1,,,,defa,,,,,,,,,,,,,,,,,,,
Rings,Two-Stone Ring,35,NMR,1,1,,,,nonDrop,,,,,,,,,,,,,,,,,,,
Rings,Biostatic Ring,52,NMR,1,1,,,,nonDrop,,,,,,,,,,,+1% to all maximum Resistances,,,,,,,,
Rings,Vitalic Ring,40,NMR,1,1,,,,nonDrop,,,,,,,,,,,4-6% increased maximum Life,,,,,,,,
Rings,Mnemonic Ring,40,NMR,1,1,,,,nonDrop,,,,,,,,,,,4-6% increased maximum Mana,,,,,,,,
Rings,Kinetic Ring,40,NMR,1,1,,,,nonDrop,,,,,,,,,,,Adds 6-9 to 11-15 Physical Damage to Attacks,,,,,,,,
Rings,Oneiric Ring,47,NMR,1,1,,,,nonDrop,,,,,,,,,,,11-23% increased [Chaos] Damage,,,,,,,,
Rings,Grasping Ring,40,NMR,1,1,,,,nonDrop,,,,,,,,,,,This item gains bonuses from Socketed Items as though it was Gloves,,,,,,,,
Amulets,Veridical Chain,52,NMR,1,1,,,,nonDrop,,,,,,,,,,,+30-40 to maximum Runic Ward,,,,,,,,
Amulets,Lament Amulet,42,NMR,1,1,,,,nonDrop,,,,,,,,,,,-1 Prefix Modifier allowed,,,,,,,,
Amulets,Portent Amulet,42,NMR,1,1,,,,nonDrop,,,,,,,,,,,-1 Suffix Modifier allowed,,,,,,,,
Amulets,Absent Amulet,50,NMR,1,1,,,,nonDrop,,,,,,,,,,,-1 Prefix Modifier allowed\n-1 Suffix Modifier allowed,,,,,,,,
Amulets,Corona Amulet,40,NMR,1,1,,,,nonDrop,,,,,,,,,,,This item gains bonuses from Socketed Items as though it was a Helmet,,,,,,,,
Amulets,Twisted Amulet,1,NMR,1,1,,,,nonDrop,,,,,,,,,,,-1 Prefix Modifier allowed,,,,,,,,
Amulets,Distorted Amulet,1,NMR,1,1,,,,nonDrop,,,,,,,,,,,-1 Suffix Modifier allowed,,,,,,,,
Belts,Stalking Belt,50,NMR,1,2,,,,nonDrop,,,,,,,,,,,Has 1 [Charm] Slot\nThis item gains bonuses from Socketed Items as though it was Boots,,,,,,,,
Belts,Invoking Belt,32,NMR,1,2,,,,nonDrop,,,,,,,,,,,Has 1 [Charm] Slot\n8-12% increased Cast Speed,,,,,,,,
Belts,Sinew Belt,32,NMR,1,2,,,,nonDrop,,,,,,,,,,,Has 1 [Charm] Slot\n+15-20 to Strength,,,,,,,,
Belts,Forking Belt,32,NMR,1,2,,,,nonDrop,,,,,,,,,,,Has 1 [Charm] Slot\nAdds 1 to 20-30 [Lightning] damage to Attacks,,,,,,,,
Two Hand Maces,Aberrant Sledge,70,U,4,2,,,,nonDrop,,,163,,,74,154,1.2,,0.05,,,,,,,,,
Quarterstaves,Warding Quarterstaff,65,U,4,2,,,,nonDrop,,,,127,50,51,85,1.4,,0.15,+30-50 to maximum Runic Ward,,,,,,,,
Bows,Heartwood Shortbow,67,U,4,2,,,,nonDrop,,,,134,,41,76,1.25,,0.05,,,,,,,,,
Crossbows,Trarthan Cannon,65,NMR,4,2,,,,defa,,,114,63,,58,134,1.4,,0.05,Cannot load or fire [Ammunition],,,,,,,,
Wands,Twisted Wand,65,U,3,1,,,,defa,,,,,114,,,,,,Grants Skill: Coiling Bolts,,,,,,,,
Wands,Runic Fork,65,U,3,2,,,,nonDrop,,,,,114,,,,,,,,,,,,,,
Staves,Perching Staff,65,U,4,1,,,,nonDrop,,,,,114,,,,,,Grants Skill: Spiraling Conspiracy,,,,,,,,
Helmets,Ancient Visor,65,U,2,2,,,,nonDrop,,,59,59,,,,,,,,,179,179,163,163,,,
Helmets,Tenebrous Crown,65,U,2,2,,,,nonDrop,,,59,,59,,,,,,,,179,179,,,50,50,
Boots,Ancient Leggings,65,U,2,2,,,,nonDrop,,,56,,56,,,,,,,,134,134,,,37,37,
Gloves,Ancient Gauntlets,70,U,2,2,,,,nonDrop,,,52,52,,,,,,,,,89,89,81,81,,,
Body Armours,Ornate Ringmail,43,U,3,2,,,,nonDrop,,,45,,45,,,,,,,,749,749,,,220,220,
Body Armours,Ancient Mail,70,U,3,2,,,,nonDrop,,,67,,67,,,,,,,,273,273,,,76,76,
Body Armours,Grasping Mail,65,U,3,2,,,,nonDrop,,,41,41,41,,,,,,Can roll Ring Modifiers\nCatalysts can be applied to this item,,165,165,,,50,50,
Body Armours,Primal Markings,70,U,3,2,,,,nonDrop,,,,67,67,,,,,,,,,,268,268,82,82,
Shields,Glacial Fortress,70,U,4,2,,,,nonDrop,,,99,,,,,,,,,,223,223,,,,,
Shields,Venerable Defender,62,U,3,2,,,,nonDrop,,,64,64,,,,,,,,,107,107,97,97,,,
Wombgifts,Lavish Wombgift,1,,1,1,,,,xeno,,,,,,,,,,,,,,,,,,,
Wombgifts,Ornate Wombgift,1,,1,1,,,,xeno,,,,,,,,,,,,,,,,,,,
Wombgifts,Banded Wombgift,1,,1,1,,,,xeno,,,,,,,,,,,,,,,,,,,
Wombgifts,Signet Wombgift,1,,1,1,,,,xeno,,,,,,,,,,,,,,,,,,,
Wombgifts,Revelatory Wombgift,80,,1,1,,,,xeno,,,,,,,,,,,,,,,,,,,
Stackable Currency,Thaumaturgic Flux (Level 1),1,,1,1,,,,xeno,,,,,,,,,,,Sets a Kalguuran Skill Gem to level 1,,,,,,,,
Stackable Currency,Thaumaturgic Flux (Level 2),4,,1,1,,,,xeno,,,,,,,,,,,Upgrades a Kalguuran Skill Gem to level 2,,,,,,,,
Stackable Currency,Thaumaturgic Flux (Level 3),7,,1,1,,,,xeno,,,,,,,,,,,Upgrades a Kalguuran Skill Gem to level 3,,,,,,,,
Stackable Currency,Thaumaturgic Flux (Level 4),11,,1,1,,,,xeno,,,,,,,,,,,Upgrades a Kalguuran Skill Gem to level 4,,,,,,,,
Stackable Currency,Thaumaturgic Flux (Level 5),15,,1,1,,,,xeno,,,,,,,,,,,Upgrades a Kalguuran Skill Gem to level 5,,,,,,,,
Stackable Currency,Thaumaturgic Flux (Level 6),19,,1,1,,,,xeno,,,,,,,,,,,Upgrades a Kalguuran Skill Gem to level 6,,,,,,,,
Stackable Currency,Thaumaturgic Flux (Level 7),23,,1,1,,,,xeno,,,,,,,,,,,Upgrades a Kalguuran Skill Gem to level 7,,,,,,,,
Stackable Currency,Thaumaturgic Flux (Level 8),27,,1,1,,,,xeno,,,,,,,,,,,Upgrades a Kalguuran Skill Gem to level 8,,,,,,,,
Stackable Currency,Thaumaturgic Flux (Level 9),32,,1,1,,,,xeno,,,,,,,,,,,Upgrades a Kalguuran Skill Gem to level 9,,,,,,,,
Stackable Currency,Thaumaturgic Flux (Level 10),37,,1,1,,,,xeno,,,,,,,,,,,Upgrades a Kalguuran Skill Gem to level 10,,,,,,,,
Stackable Currency,Thaumaturgic Flux (Level 11),42,,1,1,,,,xeno,,,,,,,,,,,Upgrades a Kalguuran Skill Gem to level 11,,,,,,,,
Stackable Currency,Thaumaturgic Flux (Level 12),47,,1,1,,,,xeno,,,,,,,,,,,Upgrades a Kalguuran Skill Gem to level 12,,,,,,,,
Stackable Currency,Thaumaturgic Flux (Level 13),53,,1,1,,,,xeno,,,,,,,,,,,Upgrades a Kalguuran Skill Gem to level 13,,,,,,,,
Stackable Currency,Thaumaturgic Flux (Level 14),59,,1,1,,,,xeno,,,,,,,,,,,Upgrades a Kalguuran Skill Gem to level 14,,,,,,,,
Stackable Currency,Thaumaturgic Flux (Level 15),62,,1,1,,,,xeno,,,,,,,,,,,Upgrades a Kalguuran Skill Gem to level 15,,,,,,,,
Stackable Currency,Thaumaturgic Flux (Level 16),62,,1,1,,,,xeno,,,,,,,,,,,Upgrades a Kalguuran Skill Gem to level 16,,,,,,,,
Stackable Currency,Thaumaturgic Flux (Level 17),62,,1,1,,,,xeno,,,,,,,,,,,Upgrades a Kalguuran Skill Gem to level 17,,,,,,,,
Stackable Currency,Thaumaturgic Flux (Level 18),62,,1,1,,,,xeno,,,,,,,,,,,Upgrades a Kalguuran Skill Gem to level 18,,,,,,,,
Stackable Currency,Thaumaturgic Flux (Level 19),62,,1,1,,,,xeno,,,,,,,,,,,Upgrades a Kalguuran Skill Gem to level 19,,,,,,,,
Stackable Currency,Thaumaturgic Flux (Level 20),62,,1,1,,,,xeno,,,,,,,,,,,Upgrades a Kalguuran Skill Gem to level 20,,,,,,,,
Stackable Currency,Transcendent Alloy,65,,1,1,,,,xeno,,,,,,,,,,,Removes a random modifier and augments a Rare item with a new guaranteed modifier,,,,,,,,
Stackable Currency,The Runebinder's Alloy,65,,1,1,,,,xeno,,,,,,,,,,,Removes a random modifier and augments a Rare item with a new guaranteed modifier,,,,,,,,
Stackable Currency,The Runefather's Alloy,65,,1,1,,,,xeno,,,,,,,,,,,Removes a random modifier and augments a Rare item with a new guaranteed modifier,,,,,,,,
Stackable Currency,Liquid Verisium,1,,1,1,,,,xeno,,,,,,,,,,,Immediately start a Runic Remnant Encounter with a random Runic Inscription,,,,,,,,
Stackable Currency,Yugul's Orb of Sacrifice,1,,1,1,,,,xeno,,,,,,,,,,,Upgrades a Corruption Enchantment on a Rare Jewel\nand removes a random Modifier,,,,,,,,
Stackable Currency,Kamasa's Orb of Sacrifice,1,,1,1,,,,xeno,,,,,,,,,,,"Upgrades a Corruption Enchantment on a Rare Amulet, Ring or Belt\nand removes a random Modifier",,,,,,,,
Stackable Currency,Kopec's Orb of Sacrifice,1,,1,1,,,,xeno,,,,,,,,,,,Upgrades a Corruption Enchantment on a Rare Armour\nand removes a random Modifier,,,,,,,,
Stackable Currency,Yaomac's Orb of Sacrifice,1,,1,1,,,,xeno,,,,,,,,,,,Upgrades a Corruption Enchantment on a Rare Weapon or Quiver\nand removes a random Modifier,,,,,,,,
Skill Gems,Animus Exchange,1,,1,1,,,,xeno,,,,,,,,,,,,,,,,,,,
Skill Gems,Animus Splinters,1,,1,1,,,,xeno,,,,,,,,,,,,,,,,,,,
Skill Gems,Bitter Dead,1,,1,1,,,,xeno,,,,,,,,,,,,,,,,,,,
Skill Gems,Conductive Runes,1,,1,1,,,,xeno,,,,,,,,,,,,,,,,,,,
Skill Gems,Detonate Living,1,,1,1,,,,xeno,,,,,,,,,,,,,,,,,,,
Skill Gems,Eternal March,1,,1,1,,,,xeno,,,,,,,,,,,,,,,,,,,
Skill Gems,Explosive Transmutation,1,,1,1,,,,xeno,,,,,,,,,,,,,,,,,,,
Skill Gems,Fragments of the Past,1,,1,1,,,,xeno,,,,,,,,,,,,,,,,,,,
Skill Gems,Frostflame Nova,1,,1,1,,,,xeno,,,,,,,,,,,,,,,,,,,
Skill Gems,Grim Pillars,1,,1,1,,,,xeno,,,,,,,,,,,,,,,,,,,
Skill Gems,Hollow Shell,1,,1,1,,,,xeno,,,,,,,,,,,,,,,,,,,
Skill Gems,Leylines,1,,1,1,,,,xeno,,,,,,,,,,,,,,,,,,,
Skill Gems,Powered by Verisium,1,,1,1,,,,xeno,,,,,,,,,,,,,,,,,,,
Skill Gems,Rain of Blades,1,,1,1,,,,xeno,,,,,,,,,,,,,,,,,,,
Skill Gems,Refutation,1,,1,1,,,,xeno,,,,,,,,,,,,,,,,,,,
Skill Gems,Remnants of Kalguur,1,,1,1,,,,xeno,,,,,,,,,,,,,,,,,,,
Skill Gems,Repulsion,1,,1,1,,,,xeno,,,,,,,,,,,,,,,,,,,
Skill Gems,Runic Reprieve,1,,1,1,,,,xeno,,,,,,,,,,,,,,,,,,,
Skill Gems,Skyfall,1,,1,1,,,,xeno,,,,,,,,,,,,,,,,,,,
Skill Gems,Triskelion Cascade,1,,1,1,,,,xeno,,,,,,,,,,,,,,,,,,,
Skill Gems,Verisium Manifestations,1,,1,1,,,,xeno,,,,,,,,,,,,,,,,,,,
Skill Gems,Voltaic Barrier,1,,1,1,,,,xeno,,,,,,,,,,,,,,,,,,,
Skill Gems,Wardbound Minions,1,,1,1,,,,xeno,,,,,,,,,,,,,,,,,,,
